# x, y
1.675102561712265015e-01 5.283175706863403320e-01 1.367778927087783813e-01 2.084271758794784546e-01
3.215392529964447021e-01 1.660026907920837402e-01 7.184410095214843750e-01 3.264111280441284180e-01
7.429456114768981934e-01 9.723758101463317871e-01 2.734121978282928467e-01 4.742189496755599976e-02
9.929562211036682129e-01 9.154326915740966797e-01 3.025224506855010986e-01 4.726992454379796982e-03
3.680118024349212646e-01 2.467314153909683228e-01 3.934453427791595459e-02 7.896775752305984497e-02
1.553810834884643555e-01 3.914576172828674316e-01 2.312406897544860840e-01 2.935794293880462646e-01
6.267707943916320801e-01 2.735570669174194336e-01 6.442120075225830078e-01 6.277369856834411621e-01
2.457273453474044800e-01 8.619927763938903809e-01 7.754803299903869629e-01 1.899816393852233887e-01
8.947959542274475098e-01 4.646521061658859253e-02 8.643909096717834473e-01 1.950749382376670837e-02
9.356942772865295410e-01 5.730578899383544922e-01 8.057492375373840332e-01 1.119730919599533081e-01
3.811833262443542480e-01 1.124510616064071655e-01 1.817335337400436401e-01 1.740946322679519653e-01
7.382178902626037598e-01 7.037664055824279785e-01 6.804373115301132202e-02 1.246757656335830688e-01
4.506193399429321289e-01 3.229463994503021240e-01 9.706070423126220703e-01 7.736858725547790527e-02
3.343728184700012207e-01 7.150589823722839355e-01 2.796680629253387451e-01 5.212200284004211426e-01
3.338453173637390137e-01 6.136035323143005371e-01 4.991396665573120117e-01 8.122029900550842285e-01
6.845874190330505371e-01 8.560000061988830566e-01 6.317061930894851685e-02 7.209119200706481934e-02
3.060659766197204590e-01 1.309895068407058716e-01 6.220919489860534668e-01 3.041920363903045654e-01
7.166507840156555176e-01 8.671849966049194336e-01 8.979218006134033203e-01 9.927841275930404663e-02
2.131658047437667847e-01 2.761932313442230225e-01 5.579800009727478027e-01 4.656850993633270264e-01
6.286644339561462402e-01 7.786175608634948730e-01 5.064910650253295898e-01 5.890044569969177246e-01
1.713420450687408447e-01 5.912966728210449219e-01 9.216490983963012695e-01 1.198174357414245605e-01
6.414498090744018555e-01 1.731448620557785034e-01 2.109477818012237549e-01 2.874837815761566162e-01
3.398045301437377930e-01 7.479221224784851074e-01 5.454860329627990723e-01 6.171087026596069336e-01
1.160043776035308838e-01 6.251808404922485352e-01 8.088235259056091309e-01 1.860519051551818848e-01
5.841899514198303223e-01 3.141524195671081543e-01 6.406643390655517578e-01 7.279661297798156738e-01
9.914816021919250488e-01 4.497728869318962097e-02 9.816728830337524414e-01 2.168477076338604093e-04
9.949574619531631470e-02 2.718680910766124725e-02 9.956271648406982422e-01 3.603596414905041456e-04
4.240728318691253662e-01 6.981925964355468750e-01 5.370453000068664551e-01 7.840009927749633789e-01
6.693686246871948242e-01 2.659241855144500732e-01 5.094425082206726074e-01 6.387771964073181152e-01
5.367153137922286987e-02 6.177469491958618164e-01 7.884481549263000488e-02 3.836101293563842773e-02
8.710001707077026367e-01 5.345059037208557129e-01 3.197794556617736816e-01 3.307869136333465576e-01
4.218465089797973633e-01 6.916176080703735352e-01 4.315210133790969849e-02 1.080529093742370605e-01
2.425554841756820679e-01 3.300055861473083496e-01 2.383919358253479004e-01 4.045937955379486084e-01
6.291967630386352539e-01 5.755645632743835449e-01 2.871812582015991211e-01 7.007237672805786133e-01
9.552211761474609375e-01 6.846581399440765381e-02 6.899968981742858887e-01 2.475192956626415253e-02
7.576840519905090332e-01 4.746887087821960449e-01 1.388411223888397217e-01 2.905212044715881348e-01
2.610108852386474609e-01 4.409105479717254639e-01 3.906553685665130615e-01 6.765953898429870605e-01
4.539198875427246094e-01 6.793529987335205078e-01 4.327139556407928467e-01 8.179510235786437988e-01
8.843780308961868286e-02 7.695996165275573730e-01 5.917087197303771973e-01 1.741530895233154297e-01
1.746312230825424194e-01 3.088311254978179932e-01 3.327128887176513672e-01 3.721889853477478027e-01
1.344143897294998169e-01 8.431684691458940506e-04 4.821565449237823486e-01 1.083907205611467361e-03
3.132509887218475342e-01 5.472085475921630859e-01 5.405565500259399414e-01 8.169595599174499512e-01
5.528867244720458984e-01 9.703731536865234375e-01 8.702887296676635742e-01 3.632673248648643494e-02
1.935648731887340546e-03 4.361452758312225342e-01 4.376006126403808594e-01 5.844901315867900848e-03
7.755411267280578613e-01 4.730053246021270752e-01 2.855932712554931641e-01 5.047732591629028320e-01
2.109179347753524780e-01 3.216218352317810059e-01 6.956330686807632446e-02 1.129743009805679321e-01
9.407946467399597168e-01 5.096012353897094727e-01 7.244886159896850586e-01 1.407494097948074341e-01
7.790207862854003906e-01 3.236514031887054443e-01 6.686840057373046875e-01 4.694626629352569580e-01
9.601145982742309570e-01 6.473659276962280273e-01 2.911421358585357666e-01 8.860059827566146851e-02
9.362060576677322388e-02 9.131146669387817383e-01 2.895392775535583496e-01 6.168157607316970825e-02
1.498333662748336792e-01 5.821740627288818359e-01 5.681321024894714355e-01 4.284887015819549561e-01
7.765016555786132812e-01 4.967588484287261963e-01 1.942566037178039551e-01 3.701148927211761475e-01
4.231927394866943359e-01 5.858251824975013733e-02 5.391038060188293457e-01 1.763640940189361572e-01
7.981828451156616211e-01 2.752867639064788818e-01 4.988322257995605469e-01 4.508033394813537598e-01
2.878594100475311279e-01 6.167887449264526367e-01 2.087549865245819092e-01 4.474192857742309570e-01
5.722916126251220703e-01 8.129262924194335938e-01 1.203025458380579948e-03 2.041704719886183739e-03
6.210368871688842773e-01 1.056436002254486084e-01 7.006634473800659180e-01 2.444020956754684448e-01
2.000883966684341431e-01 2.258148640394210815e-01 2.327566891908645630e-01 2.557778656482696533e-01
7.091775536537170410e-01 7.513430714607238770e-01 1.506577879190444946e-01 2.541140913963317871e-01
1.854203790426254272e-01 3.517404496669769287e-01 9.996402263641357422e-01 5.555476527661085129e-04
1.502775549888610840e-01 7.320585250854492188e-01 5.487403273582458496e-01 3.352054357528686523e-01
3.004128336906433105e-01 9.778811931610107422e-01 3.405502438545227051e-01 4.931690543889999390e-02
7.998939752578735352e-01 6.051039695739746094e-01 8.069127798080444336e-01 3.171276152133941650e-01
3.418177962303161621e-01 6.268336176872253418e-01 9.277805089950561523e-01 1.822437345981597900e-01
9.694691896438598633e-01 3.260948657989501953e-01 4.823902621865272522e-02 1.235332619398832321e-02
5.302107334136962891e-01 4.162788391113281250e-01 5.473688617348670959e-02 1.644864529371261597e-01
6.007977724075317383e-01 6.460834145545959473e-01 3.527022898197174072e-01 7.623481750488281250e-01
1.933205872774124146e-01 9.814503788948059082e-02 6.486582756042480469e-02 3.504806011915206909e-02
7.818096876144409180e-01 3.684142529964447021e-01 1.808847635984420776e-01 3.119831383228302002e-01
1.188338920474052429e-01 4.529215395450592041e-01 3.741437792778015137e-01 3.329024016857147217e-01
7.040362060070037842e-02 6.872663497924804688e-01 7.373251914978027344e-01 1.340801417827606201e-01
1.274404078722000122e-01 3.547059297561645508e-01 5.842308402061462402e-01 3.376748859882354736e-01
3.728872537612915039e-01 6.866530179977416992e-01 5.664490535855293274e-02 1.358446478843688965e-01
1.160454098135232925e-02 9.195489883422851562e-01 7.105520963668823242e-01 7.192104589194059372e-03
1.883722841739654541e-01 3.119674324989318848e-01 6.398972272872924805e-01 4.192821681499481201e-01
5.589773654937744141e-01 9.764189720153808594e-01 2.604077458381652832e-01 5.309421196579933167e-02
7.045650482177734375e-01 1.853831559419631958e-01 8.866667151451110840e-01 1.534761935472488403e-01
6.947085857391357422e-01 9.217122197151184082e-01 3.735878467559814453e-01 1.838148385286331177e-01
3.141726255416870117e-01 1.468402743339538574e-01 4.061515927314758301e-01 3.553754091262817383e-01
8.056330680847167969e-01 9.812309741973876953e-01 8.173735141754150391e-01 1.834003999829292297e-02
7.140949964523315430e-01 3.040620870888233185e-02 8.327143788337707520e-01 3.742840886116027832e-02
5.592596530914306641e-01 5.457992553710937500e-01 1.162723526358604431e-01 3.474113643169403076e-01
6.669848561286926270e-01 5.967975854873657227e-01 4.886781275272369385e-01 8.252900242805480957e-01
3.484182059764862061e-02 8.873760700225830078e-01 5.158625245094299316e-01 3.780284896492958069e-02
8.837972879409790039e-01 1.430977582931518555e-01 5.679638385772705078e-01 1.516195386648178101e-01
7.411944866180419922e-01 5.065253973007202148e-01 3.293016552925109863e-01 6.242944002151489258e-01
3.922455012798309326e-01 1.768182516098022461e-01 4.590209126472473145e-01 4.933146238327026367e-01
8.528100848197937012e-01 9.457750320434570312e-01 4.768863022327423096e-01 7.542914152145385742e-02
2.035336941480636597e-01 7.330576181411743164e-01 4.169432520866394043e-01 4.287799894809722900e-01
6.330170035362243652e-01 9.482710361480712891e-01 5.661274790763854980e-01 1.446945965290069580e-01
6.165256500244140625e-01 6.771405935287475586e-01 8.145277500152587891e-01 4.362723529338836670e-01
1.053529158234596252e-01 2.358656823635101318e-01 4.478371143341064453e-02 3.076040558516979218e-02
9.161004424095153809e-01 1.519497334957122803e-01 6.247434616088867188e-01 1.106260865926742554e-01
6.255055665969848633e-01 2.691900134086608887e-01 8.010480999946594238e-01 4.043163657188415527e-01
9.562610387802124023e-01 1.427555829286575317e-01 6.237974762916564941e-01 5.495751649141311646e-02
9.426473975181579590e-01 3.764234855771064758e-02 7.594156861305236816e-01 1.450155861675739288e-02
5.793868899345397949e-01 9.629920721054077148e-01 1.124525368213653564e-01 3.889231756329536438e-02
9.894576668739318848e-01 5.130914449691772461e-01 1.151545569300651550e-01 1.170993130654096603e-02
6.047770380973815918e-01 4.087410122156143188e-02 5.116639733314514160e-01 1.211006790399551392e-01
5.698499679565429688e-01 2.837965488433837891e-01 6.691401004791259766e-01 6.546916961669921875e-01
1.873062103986740112e-01 3.450869321823120117e-01 1.782993674278259277e-01 2.606689929962158203e-01
2.409578412771224976e-01 3.429959118366241455e-01 6.717632412910461426e-01 5.189318656921386719e-01
5.485076457262039185e-02 1.340882778167724609e-01 8.210825733840465546e-03 1.808377564884722233e-03
4.856496453285217285e-01 6.439461708068847656e-01 2.963828742504119873e-01 7.209059000015258789e-01
7.337899208068847656e-01 6.272421777248382568e-02 3.604950904846191406e-01 1.315725892782211304e-01
1.200361102819442749e-01 7.286258935928344727e-01 6.700097918510437012e-01 2.386467456817626953e-01
2.706080675125122070e-01 7.314106822013854980e-01 4.721356034278869629e-01 5.592557787895202637e-01
2.933579385280609131e-01 5.640083551406860352e-01 1.905962079763412476e-01 4.399288296699523926e-01
9.231767654418945312e-01 6.501363515853881836e-01 6.952648758888244629e-01 1.740934848785400391e-01
8.793392777442932129e-01 9.718298912048339844e-01 3.220790028572082520e-01 2.772900834679603577e-02
4.667633771896362305e-02 4.422042071819305420e-01 9.577422738075256348e-01 1.902258582413196564e-02
5.214592814445495605e-01 6.418210268020629883e-01 6.200420260429382324e-01 8.370587229728698730e-01
3.238618969917297363e-01 1.569584310054779053e-01 5.207140445709228516e-01 4.018650949001312256e-01
7.841622233390808105e-01 7.621450424194335938e-01 2.773936092853546143e-01 3.262501358985900879e-01
2.885192930698394775e-01 7.577583193778991699e-01 5.960489511489868164e-01 5.184370875358581543e-01
6.276301145553588867e-01 9.289191961288452148e-01 3.450849354267120361e-01 1.802173107862472534e-01
5.436383485794067383e-01 6.627252101898193359e-01 6.920978426933288574e-01 7.113542556762695312e-01
4.049673974514007568e-01 1.402442306280136108e-01 6.590886712074279785e-01 3.577499091625213623e-01
2.306247502565383911e-01 5.381902456283569336e-01 3.364994749426841736e-02 6.943253427743911743e-02
4.770121872425079346e-01 9.785083532333374023e-01 5.901701450347900391e-01 6.460884213447570801e-02
6.656430959701538086e-01 6.893936395645141602e-01 3.144976198673248291e-01 5.999264121055603027e-01
6.080816984176635742e-01 9.330283999443054199e-01 7.119785547256469727e-01 1.548475474119186401e-01
8.964674472808837891e-01 3.614049553871154785e-01 3.973494470119476318e-01 2.748014330863952637e-01
7.316716909408569336e-01 6.313970088958740234e-01 3.958344757556915283e-01 6.476185321807861328e-01
8.956853747367858887e-01 5.730001255869865417e-02 3.665560185909271240e-01 5.263960734009742737e-02
2.123744338750839233e-01 8.292115926742553711e-01 3.587543368339538574e-01 2.856720685958862305e-01
8.900421112775802612e-02 9.975043535232543945e-01 1.743970662355422974e-01 1.127080526202917099e-03
6.098499298095703125e-01 2.970436029136180878e-02 7.606806755065917969e-01 5.989079922437667847e-02
6.456638574600219727e-01 6.282104849815368652e-01 9.681350588798522949e-01 8.248158544301986694e-02
8.171728849411010742e-01 8.317110538482666016e-01 4.135804772377014160e-01 2.640086114406585693e-01
2.971552014350891113e-01 1.260917037725448608e-01 2.374667227268218994e-01 2.104856669902801514e-01
2.360096275806427002e-01 8.932709693908691406e-01 5.569719672203063965e-01 2.186767458915710449e-01
8.316285610198974609e-01 8.256630897521972656e-01 1.358041763305664062e-01 1.087391898036003113e-01
7.915220409631729126e-02 6.631830334663391113e-01 9.206060767173767090e-01 5.294105038046836853e-02
9.455802440643310547e-01 7.748103737831115723e-01 8.799951523542404175e-02 3.018002584576606750e-02
8.329520821571350098e-01 2.456978261470794678e-01 2.079259753227233887e-01 2.123863995075225830e-01
4.737906754016876221e-01 5.770015716552734375e-01 1.514457315206527710e-01 4.431894421577453613e-01
6.936064958572387695e-01 2.026440575718879700e-02 1.549588441848754883e-01 2.442461438477039337e-02
6.113953590393066406e-01 8.483206033706665039e-01 9.782187342643737793e-01 2.946130372583866119e-02
8.918414711952209473e-01 4.842590391635894775e-01 1.347766518592834473e-01 1.367726773023605347e-01
1.532520800828933716e-01 4.376563131809234619e-01 8.505560159683227539e-01 2.055026739835739136e-01
5.079441666603088379e-01 8.954731374979019165e-02 7.462006062269210815e-02 6.446795910596847534e-02
4.908196628093719482e-01 9.853165745735168457e-01 9.196085333824157715e-01 1.151790842413902283e-02
2.345157712697982788e-01 1.675665080547332764e-01 1.303495168685913086e-01 1.344120055437088013e-01
3.513988852500915527e-01 6.542456746101379395e-01 2.906350493431091309e-01 6.253333687782287598e-01
1.925638765096664429e-01 3.188035488128662109e-01 3.546104431152343750e-01 4.299357533454895020e-01
9.309669733047485352e-01 1.451605409383773804e-01 4.668582081794738770e-01 9.424928575754165649e-02
8.084918856620788574e-01 9.384207725524902344e-01 6.384415030479431152e-01 9.868348389863967896e-02
3.490913212299346924e-01 2.608685791492462158e-01 6.544411778450012207e-01 5.751823782920837402e-01
1.685748994350433350e-01 6.406110525131225586e-01 2.149093896150588989e-01 2.854401469230651855e-01
6.351933628320693970e-02 7.128922343254089355e-01 8.813814520835876465e-01 5.662338435649871826e-02
6.866835355758666992e-01 8.699773550033569336e-01 7.388358116149902344e-01 2.419954538345336914e-01
1.642050296068191528e-01 1.386595219373703003e-01 9.929254055023193359e-01 4.625818692147731781e-03
8.669919371604919434e-01 2.476653605699539185e-01 4.975270330905914307e-01 2.848250567913055420e-01
5.135980248451232910e-01 5.228567719459533691e-01 2.364735901355743408e-01 6.740706562995910645e-01
7.834145426750183105e-02 2.000223100185394287e-01 4.022530317306518555e-01 1.365217715501785278e-01
1.062420681118965149e-01 8.357317447662353516e-01 5.262387394905090332e-01 1.611119955778121948e-01
7.620502114295959473e-01 3.021104037761688232e-01 7.632955312728881836e-01 3.741153776645660400e-01
2.594459950923919678e-01 5.856186747550964355e-01 3.836367130279541016e-01 6.552462577819824219e-01
4.708348810672760010e-01 1.912655383348464966e-01 5.625510811805725098e-01 5.521602630615234375e-01
3.187204003334045410e-01 5.244850516319274902e-01 9.979643821716308594e-01 5.369707942008972168e-03
7.181701660156250000e-01 7.455907464027404785e-01 1.268008053302764893e-01 2.152662873268127441e-01
6.192296743392944336e-01 2.629244029521942139e-01 7.037272453308105469e-01 5.488222241401672363e-01
1.573412865400314331e-01 7.406660318374633789e-01 7.803090214729309082e-01 2.197519391775131226e-01
1.818676143884658813e-01 2.327326387166976929e-01 6.336457133293151855e-01 3.297257423400878906e-01
9.318561553955078125e-01 8.001850843429565430e-01 8.571167588233947754e-01 5.414666980504989624e-02
4.263732135295867920e-01 1.164435148239135742e-01 4.672218561172485352e-01 3.463422954082489014e-01
4.966779146343469620e-03 5.513535141944885254e-01 7.220252156257629395e-01 1.180347520858049393e-02
4.071443676948547363e-01 7.254777550697326660e-01 1.767354905605316162e-01 3.834128379821777344e-01
4.928281307220458984e-01 1.112110018730163574e-01 1.056378334760665894e-01 1.115022450685501099e-01
6.487929821014404297e-01 8.078159093856811523e-01 4.653989970684051514e-01 5.038467645645141602e-01
1.152038872241973877e-01 6.767765879631042480e-01 8.482673168182373047e-01 1.380448937416076660e-01
4.398485124111175537e-01 4.502843320369720459e-01 3.446569144725799561e-01 8.569769859313964844e-01
7.695517539978027344e-01 2.890667319297790527e-01 3.535419702529907227e-01 4.678752422332763672e-01
1.017367765307426453e-01 9.834602475166320801e-01 2.333635091781616211e-01 1.092063356190919876e-02
9.388507604598999023e-01 4.683803915977478027e-01 1.225955486297607422e-01 7.137627899646759033e-02
8.697761893272399902e-01 9.528985023498535156e-01 1.771565079689025879e-01 3.098173439502716064e-02
9.027038216590881348e-01 4.862392842769622803e-01 8.601666688919067383e-01 1.278664320707321167e-01
4.693956375122070312e-01 4.788968861103057861e-01 7.078214883804321289e-01 7.889255285263061523e-01
5.482785701751708984e-01 5.619179606437683105e-01 7.315593361854553223e-01 7.243645787239074707e-01
4.846649989485740662e-02 8.020495772361755371e-01 5.976369380950927734e-01 8.423572778701782227e-02
8.167119026184082031e-01 3.206847310066223145e-01 5.387032032012939453e-01 4.569809436798095703e-01
5.026726722717285156e-01 4.765946567058563232e-01 7.474915385246276855e-01 7.107063531875610352e-01
4.788360595703125000e-01 2.565688490867614746e-01 9.773476719856262207e-01 5.119172111153602600e-02
7.657406479120254517e-02 6.343916058540344238e-01 5.868532657623291016e-01 2.092895209789276123e-01
6.317505836486816406e-01 8.587459921836853027e-01 1.475096195936203003e-01 1.757114529609680176e-01
6.347250938415527344e-01 1.134392023086547852e-01 4.950924813747406006e-01 3.180598616600036621e-01
7.724621295928955078e-01 3.843492567539215088e-01 8.689321279525756836e-01 2.452171891927719116e-01
6.672522425651550293e-01 3.665530681610107422e-01 3.819869160652160645e-01 7.364980578422546387e-01
9.123325347900390625e-01 3.634397387504577637e-01 2.563491761684417725e-01 1.783216148614883423e-01
6.905604004859924316e-01 3.289704620838165283e-01 2.175946161150932312e-02 4.847592487931251526e-02
7.066957354545593262e-01 9.091206789016723633e-01 6.371993422508239746e-01 2.038044482469558716e-01
3.559117615222930908e-01 7.478185463696718216e-03 6.766847968101501465e-01 1.795361004769802094e-02
1.235085446387529373e-02 6.044363975524902344e-01 6.568601131439208984e-01 3.235300257802009583e-02
4.560904800891876221e-01 1.965920627117156982e-01 3.610538244247436523e-01 5.198045969009399414e-01
5.061714649200439453e-01 8.856791257858276367e-02 4.521441757678985596e-01 2.715185582637786865e-01
3.268555402755737305e-01 3.107815086841583252e-01 2.997349202632904053e-01 5.731552839279174805e-01
2.723048627376556396e-01 5.813417434692382812e-01 3.505397215485572815e-02 8.026931434869766235e-02
1.049420684576034546e-01 5.165168642997741699e-01 3.317283093929290771e-01 2.791755795478820801e-01
6.769250035285949707e-01 7.903852462768554688e-01 3.799656331539154053e-01 4.833052754402160645e-01
9.882189035415649414e-01 3.903395533561706543e-01 9.123463034629821777e-01 9.470080956816673279e-03
3.395247459411621094e-02 4.559769332408905029e-01 3.498530015349388123e-02 1.156621892005205154e-02
8.537194132804870605e-01 9.612401127815246582e-01 3.084478080272674561e-01 4.441198334097862244e-02
3.823409676551818848e-01 1.546785514801740646e-02 1.524256318807601929e-01 2.086988277733325958e-02
4.966476857662200928e-01 7.282060384750366211e-02 3.557974398136138916e-01 2.038948088884353638e-01
2.789629064500331879e-02 6.670745015144348145e-01 8.996715545654296875e-01 2.348053641617298126e-02
6.626738905906677246e-01 5.393638610839843750e-01 4.399965703487396240e-01 8.502346277236938477e-01
6.356713175773620605e-01 4.334095865488052368e-02 5.696448087692260742e-01 1.206486076116561890e-01
6.308260560035705566e-01 4.937654435634613037e-01 7.644178271293640137e-01 6.180850863456726074e-01
6.711143851280212402e-01 1.714060753583908081e-01 2.948368489742279053e-01 3.521295487880706787e-01
9.175495505332946777e-01 6.380321383476257324e-01 7.936094999313354492e-01 1.403669714927673340e-01
3.796876966953277588e-02 6.799095869064331055e-02 4.385242462158203125e-01 2.475649677217006683e-02
2.632454037666320801e-01 5.379092693328857422e-01 8.940324783325195312e-01 2.387856543064117432e-01
1.026658266782760620e-01 4.113816618919372559e-01 5.430528521537780762e-01 3.019829094409942627e-01
3.695553541183471680e-01 6.716660857200622559e-01 9.302364587783813477e-01 1.711118072271347046e-01
6.403236389160156250e-01 8.264141678810119629e-01 4.772721827030181885e-01 4.679185748100280762e-01
4.661065638065338135e-01 1.107096970081329346e-01 1.589494496583938599e-01 1.622874438762664795e-01
6.149317622184753418e-01 2.663612365722656250e-01 2.659079432487487793e-01 5.150982141494750977e-01
9.039103388786315918e-01 4.318316578865051270e-01 5.548705533146858215e-02 5.038647353649139404e-02
9.068161249160766602e-01 2.527719438076019287e-01 1.627057790756225586e-01 1.006878688931465149e-01
3.653548359870910645e-01 5.831295847892761230e-01 4.194443523883819580e-01 8.528812527656555176e-01
2.097579836845397949e-01 2.576617151498794556e-02 1.390327066183090210e-01 2.094415389001369476e-02
4.428536593914031982e-01 5.362036228179931641e-01 1.689357012510299683e-01 4.948076307773590088e-01
9.652637839317321777e-01 6.571379303932189941e-01 5.754032731056213379e-01 9.322853386402130127e-02
4.210100695490837097e-02 6.200605630874633789e-01 5.774095058441162109e-01 1.190009042620658875e-01
9.224430322647094727e-01 7.812972664833068848e-01 9.010168313980102539e-01 4.682026803493499756e-02
2.699673473834991455e-01 2.206764668226242065e-01 4.030090570449829102e-01 4.572427570819854736e-01
9.970800280570983887e-01 8.590353131294250488e-01 6.945402622222900391e-01 3.219313686713576317e-03
3.126468360424041748e-01 2.615786790847778320e-01 3.968186974525451660e-01 5.773959159851074219e-01
7.133240699768066406e-01 2.376846075057983398e-01 3.215362429618835449e-01 4.508219957351684570e-01
9.705945849418640137e-01 3.389540016651153564e-01 6.107509881258010864e-02 1.538768410682678223e-02
1.331798434257507324e-01 7.242674231529235840e-01 2.815665304660797119e-02 2.734665758907794952e-02
9.398820996284484863e-01 2.996159484609961510e-03 1.995871663093566895e-01 1.036857836879789829e-03
5.990604986436665058e-04 7.643783688545227051e-01 7.412419319152832031e-01 9.219026542268693447e-04
5.928736329078674316e-01 8.337253928184509277e-01 2.642980813980102539e-01 3.527196347713470459e-01
1.918120831251144409e-01 2.026835680007934570e-01 8.454635143280029297e-01 1.572586745023727417e-01
2.998714745044708252e-01 6.651902943849563599e-02 4.555290937423706055e-01 1.661529690027236938e-01
4.899977445602416992e-01 1.847557537257671356e-02 5.026274323463439941e-01 5.797953531146049500e-02
2.043715417385101318e-01 8.999617099761962891e-01 2.881186604499816895e-01 1.456005573272705078e-01
6.054723262786865234e-01 3.965314030647277832e-01 2.201323211193084717e-01 5.714730620384216309e-01
3.889109194278717041e-01 9.650412797927856445e-01 3.480490446090698242e-01 9.148351103067398071e-02
7.735491394996643066e-01 4.380276203155517578e-01 8.236262798309326172e-01 3.370519280433654785e-01
3.240414261817932129e-01 2.548356354236602783e-01 4.430728554725646973e-01 6.011216640472412109e-01
1.385727375745773315e-01 9.775875508785247803e-02 5.072917342185974121e-01 1.274573206901550293e-01
7.360938787460327148e-01 5.953891277313232422e-01 7.958401441574096680e-01 4.214800298213958740e-01
4.464024901390075684e-01 7.413911819458007812e-01 1.662689298391342163e-01 3.570765554904937744e-01
3.859075605869293213e-01 6.308667063713073730e-01 2.691949009895324707e-01 6.424677968025207520e-01
8.656632304191589355e-01 3.834507763385772705e-01 5.425301790237426758e-01 3.790532946586608887e-01
3.311500549316406250e-01 8.631969094276428223e-01 8.383679389953613281e-02 9.357104450464248657e-02
5.053493976593017578e-01 7.771697044372558594e-01 9.981229901313781738e-03 2.019555494189262390e-02
7.464842498302459717e-02 7.580817937850952148e-01 5.490305423736572266e-01 1.581915616989135742e-01
2.321419566869735718e-01 3.368584811687469482e-01 3.137700557708740234e-01 4.841391146183013916e-01
8.987553119659423828e-01 5.575823411345481873e-02 2.039252668619155884e-01 3.257656097412109375e-02
5.412552952766418457e-01 9.357360005378723145e-01 5.033158659934997559e-01 1.988299787044525146e-01
3.733807206153869629e-01 8.716349005699157715e-01 7.438667416572570801e-01 2.607044577598571777e-01
9.043785333633422852e-01 2.439880818128585815e-01 2.403509318828582764e-01 1.406667679548263550e-01
3.748792111873626709e-01 6.999409794807434082e-01 2.832766473293304443e-01 5.807685852050781250e-01
8.575275540351867676e-01 7.199008464813232422e-01 1.489524543285369873e-01 1.504540443420410156e-01
6.511741876602172852e-01 6.210795640945434570e-01 3.309542238712310791e-01 7.120224833488464355e-01
3.506869375705718994e-01 2.078429013490676880e-01 3.655649721622467041e-01 4.942978024482727051e-01
1.846660375595092773e-01 4.355241656303405762e-01 7.761492133140563965e-01 3.472376167774200439e-01
9.492930173873901367e-01 6.225717663764953613e-01 7.396755814552307129e-01 1.072694808244705200e-01
5.129419565200805664e-01 1.117114792577922344e-03 7.233186364173889160e-01 2.678440883755683899e-03
9.410695172846317291e-03 5.579645037651062012e-01 9.330397248268127441e-01 6.070530042052268982e-03
8.186462521553039551e-01 1.951548606157302856e-01 6.528631448745727539e-01 2.752718031406402588e-01
1.083152219653129578e-01 8.500749468803405762e-01 5.542132258415222168e-01 1.492594778537750244e-01
8.821374177932739258e-01 6.851796507835388184e-01 4.264707267284393311e-01 2.943129837512969971e-01
5.099504590034484863e-01 1.810208112001419067e-01 7.627166509628295898e-01 3.651080429553985596e-01
9.721853733062744141e-01 9.464195966720581055e-01 4.579450190067291260e-01 1.449344214051961899e-02
8.420346379280090332e-01 2.511498630046844482e-01 2.396793514490127563e-01 2.310585677623748779e-01
9.839187860488891602e-01 1.990651786327362061e-01 7.964478731155395508e-01 1.764221303164958954e-02
7.469145655632019043e-01 7.447977662086486816e-01 7.286731600761413574e-01 3.862220048904418945e-01
3.835581839084625244e-01 9.754123687744140625e-01 3.017393350601196289e-01 5.852955207228660583e-02
6.986652612686157227e-01 3.678358495235443115e-01 9.933111071586608887e-01 1.560203637927770615e-02
5.749850869178771973e-01 8.532718420028686523e-01 5.301102250814437866e-02 7.169944792985916138e-02
3.976197540760040283e-02 2.649980187416076660e-01 2.026728391647338867e-01 5.478915199637413025e-02
3.284294903278350830e-01 9.899397492408752441e-01 4.444764852523803711e-01 2.670813165605068207e-02
5.813695192337036133e-01 8.034555912017822266e-01 4.924627542495727539e-01 5.599969029426574707e-01
6.073448657989501953e-01 9.405279159545898438e-02 9.492728710174560547e-01 4.360693693161010742e-02
1.115767732262611389e-01 4.835889041423797607e-01 7.254107594490051270e-01 2.604846060276031494e-01
3.220843076705932617e-01 8.804641366004943848e-01 1.177376974374055862e-02 1.149902958422899246e-02
6.060934662818908691e-01 8.831579685211181641e-01 3.352331817150115967e-01 2.947034835815429688e-01
4.105605483055114746e-01 4.701702296733856201e-01 7.349670678377151489e-02 2.189110368490219116e-01
6.371936798095703125e-01 6.381318718194961548e-02 9.073041677474975586e-01 5.194553732872009277e-02
8.396504521369934082e-01 1.614188551902770996e-01 6.294130682945251465e-01 2.153235226869583130e-01
2.573091387748718262e-01 1.440954506397247314e-01 9.267896413803100586e-01 7.210789620876312256e-02
6.134721636772155762e-01 9.234218597412109375e-01 5.789578557014465332e-01 2.164493054151535034e-01
1.350031495094299316e-01 9.925913810729980469e-01 5.895298719406127930e-01 9.200923144817352295e-03
4.007005989551544189e-01 4.793097376823425293e-01 6.752675175666809082e-01 8.093557953834533691e-01
5.451760888099670410e-01 3.006507456302642822e-01 9.798648357391357422e-01 5.070228502154350281e-02
3.607223331928253174e-01 5.292990207672119141e-01 6.261125206947326660e-01 8.320877552032470703e-01
8.747735023498535156e-01 1.079403087496757507e-01 9.043276906013488770e-01 3.775201365351676941e-02
1.733880937099456787e-01 1.654222980141639709e-02 9.391610026359558105e-01 5.113384686410427094e-03
5.562016963958740234e-01 3.826187849044799805e-01 3.516510426998138428e-01 8.203377127647399902e-01
5.011023879051208496e-01 9.882256388664245605e-01 5.228918790817260742e-01 3.688582777976989746e-02
7.350081801414489746e-01 9.952663183212280273e-01 2.474703826010227203e-02 8.542256546206772327e-04
8.308333158493041992e-01 6.963118910789489746e-01 3.893200755119323730e-01 3.886813223361968994e-01
4.124504923820495605e-01 3.138608038425445557e-01 3.883844912052154541e-01 7.536634802818298340e-01
8.113816976547241211e-01 8.923310041427612305e-01 9.756861925125122070e-01 1.414232142269611359e-02
3.155732154846191406e-01 9.862623214721679688e-01 1.332036703824996948e-01 1.467111986130475998e-02
3.092649579048156738e-01 5.979326963424682617e-01 2.309238612651824951e-01 5.221667289733886719e-01
1.300573945045471191e-01 8.220835328102111816e-01 1.292769014835357666e-01 8.323593437671661377e-02
1.139013469219207764e-01 6.003918647766113281e-01 9.189663529396057129e-01 8.385270833969116211e-02
7.126749157905578613e-01 2.509727180004119873e-01 5.502870082855224609e-01 5.498225688934326172e-01
7.868721485137939453e-01 7.934340089559555054e-02 4.790569841861724854e-01 1.527757048606872559e-01
1.637695431709289551e-01 6.696871519088745117e-01 6.150175333023071289e-01 3.964467644691467285e-01
8.331388235092163086e-01 6.951003074645996094e-01 8.904761075973510742e-01 1.381087452173233032e-01
8.847851753234863281e-01 5.196603387594223022e-02 9.691724777221679688e-01 5.565201397985219955e-03
2.675476670265197754e-01 5.178205966949462891e-01 9.502160549163818359e-01 1.158614158630371094e-01
4.012359380722045898e-01 6.927129030227661133e-01 1.975393295288085938e-01 4.553231596946716309e-01
2.313293516635894775e-01 3.990255296230316162e-01 2.923639416694641113e-01 5.016745328903198242e-01
7.667160630226135254e-01 5.404697060585021973e-01 6.620669960975646973e-01 5.794423818588256836e-01
8.917463012039661407e-03 7.652180790901184082e-01 1.678601950407028198e-01 9.480006992816925049e-03
3.915241956710815430e-01 4.060302674770355225e-01 5.957031250000000000e-01 8.612694740295410156e-01
4.612419307231903076e-01 7.007809728384017944e-02 4.233382642269134521e-01 2.105095237493515015e-01
3.964258134365081787e-01 3.345995545387268066e-01 8.955311775207519531e-01 2.651102840900421143e-01
8.400079011917114258e-01 1.088856831192970276e-01 2.340233922004699707e-01 1.083869934082031250e-01
7.523507475852966309e-01 6.026520133018493652e-01 6.432449817657470703e-01 5.994077920913696289e-01
6.781094074249267578e-01 8.190715312957763672e-02 4.585523605346679688e-01 2.138521373271942139e-01
3.589643537998199463e-01 4.101481437683105469e-01 9.825426936149597168e-01 4.756293445825576782e-02
5.035949945449829102e-01 5.922504663467407227e-01 3.801107108592987061e-01 8.910680413246154785e-01
4.815669953823089600e-01 9.998464584350585938e-01 4.820141009986400604e-03 7.289901532203657553e-06
2.986851036548614502e-01 3.161434829235076904e-01 5.893620848655700684e-02 1.244008690118789673e-01
8.249275684356689453e-01 3.358945846557617188e-01 8.724741935729980469e-01 1.773547828197479248e-01
3.446559309959411621e-01 1.584232151508331299e-01 4.859018921852111816e-01 4.212605655193328857e-01
3.015884757041931152e-01 1.836850643157958984e-01 2.258717268705368042e-01 2.886051535606384277e-01
1.862454563379287720e-01 8.609706163406372070e-01 3.878222405910491943e-01 2.192697674036026001e-01
4.806144237518310547e-01 9.023001790046691895e-01 9.063646197319030762e-01 8.743903040885925293e-02
1.766524612903594971e-01 4.467748105525970459e-01 8.916687369346618652e-01 1.734323948621749878e-01
4.882861375808715820e-01 2.060471773147583008e-01 9.667532444000244141e-01 6.282995641231536865e-02
7.872048020362854004e-01 1.686891168355941772e-01 4.318810999393463135e-01 3.061682283878326416e-01
5.207808017730712891e-01 4.074582159519195557e-01 1.619176715612411499e-01 4.655924737453460693e-01
5.253768563270568848e-01 2.810243666172027588e-01 4.805652499198913574e-01 7.686717510223388672e-01
1.036039292812347412e-01 8.161364197731018066e-01 7.275086641311645508e-01 1.318712979555130005e-01
5.899621844291687012e-01 8.427588939666748047e-01 6.938188672065734863e-01 3.734968304634094238e-01
8.386081457138061523e-01 1.313832849264144897e-01 9.533941745758056641e-01 2.841750159859657288e-02
3.665471673011779785e-01 2.982228398323059082e-01 6.903417706489562988e-01 6.082382202148437500e-01
3.356417417526245117e-01 3.484750688076019287e-01 2.520522475242614746e-01 5.500667691230773926e-01
6.896816492080688477e-01 5.211201310157775879e-01 3.923793435096740723e-01 7.790684103965759277e-01
7.954825758934020996e-01 9.005827307701110840e-01 4.457645118236541748e-01 1.814553439617156982e-01
2.545496523380279541e-01 1.220081001520156860e-01 8.161761760711669922e-01 1.464177519083023071e-01
4.593801870942115784e-02 9.930050373077392578e-01 3.867770135402679443e-01 2.962357364594936371e-03
6.440523266792297363e-01 9.546714425086975098e-01 3.178571760654449463e-01 1.073038429021835327e-01
6.602252721786499023e-01 8.523189425468444824e-01 4.864924252033233643e-01 3.916305303573608398e-01
1.268252879381179810e-01 7.678022384643554688e-01 7.742170095443725586e-01 1.684145778417587280e-01
6.038271188735961914e-01 2.881737649440765381e-01 1.536045372486114502e-01 3.457869887351989746e-01
6.812774538993835449e-01 1.938789039850234985e-01 2.866594791412353516e-01 3.775946497917175293e-01
9.864243268966674805e-01 4.015496969223022461e-01 3.288959264755249023e-01 3.488552942872047424e-02
3.169023990631103516e-01 7.070813775062561035e-01 4.072259962558746338e-01 6.395267844200134277e-01
6.826848983764648438e-01 7.373717427253723145e-01 9.969246983528137207e-01 5.959971342235803604e-03
2.150048501789569855e-02 2.018861323595046997e-01 6.722061634063720703e-01 3.428351506590843201e-02
8.143170475959777832e-01 7.939272522926330566e-01 5.295695662498474121e-01 3.307704925537109375e-01
1.660080701112747192e-01 7.898190617561340332e-01 1.072042807936668396e-01 1.009817793965339661e-01
6.724355816841125488e-01 5.792498588562011719e-01 8.184521198272705078e-01 4.483563303947448730e-01
7.058763504028320312e-01 3.552851974964141846e-01 8.589562773704528809e-01 3.073946237564086914e-01
5.937743186950683594e-01 3.851155340671539307e-01 5.988171696662902832e-01 8.524708151817321777e-01
2.926024198532104492e-01 3.760741055011749268e-01 9.292215108871459961e-01 1.622292846441268921e-01
4.277022480964660645e-01 3.785163760185241699e-01 7.021304965019226074e-01 7.279517054557800293e-01
2.841833233833312988e-01 3.721959292888641357e-01 8.469969630241394043e-01 3.314709663391113281e-01
9.848382472991943359e-01 2.119505107402801514e-01 8.654484152793884277e-01 1.206604670733213425e-02
7.111979722976684570e-01 1.169974822551012039e-02 9.411211013793945312e-01 5.324734374880790710e-03
4.115870296955108643e-01 4.417602717876434326e-01 9.592615962028503418e-01 1.206937357783317566e-01
8.223066329956054688e-01 4.277831017971038818e-01 7.810462117195129395e-01 3.276785612106323242e-01
7.852028012275695801e-01 9.849055409431457520e-01 3.645030558109283447e-01 2.697190269827842712e-02
9.636235237121582031e-01 8.051888942718505859e-01 1.859745234251022339e-01 3.613572567701339722e-02
8.601645231246948242e-01 3.691273331642150879e-01 9.002159833908081055e-01 1.202239096164703369e-01
3.705623745918273926e-01 2.083099782466888428e-01 2.044402211904525757e-01 3.348881006240844727e-01
9.406247735023498535e-02 3.478459715843200684e-01 1.647848635911941528e-01 1.279647499322891235e-01
8.625885248184204102e-01 4.036238789558410645e-01 9.246031641960144043e-01 9.371630847454071045e-02
4.191526472568511963e-01 3.076759874820709229e-01 1.720479577779769897e-01 4.098810553550720215e-01
9.260103106498718262e-02 7.432874441146850586e-01 6.802365183830261230e-01 1.747357100248336792e-01
6.958150267601013184e-01 3.650400936603546143e-01 5.607139468193054199e-01 7.308629751205444336e-01
7.596399188041687012e-01 2.239987105131149292e-01 2.768994541838765144e-03 3.857733216136693954e-03
5.045174360275268555e-01 5.268748402595520020e-01 4.222997128963470459e-01 9.668006896972656250e-01
3.848819732666015625e-01 3.566014170646667480e-01 8.939076797105371952e-04 2.364570042118430138e-03
3.290771842002868652e-01 8.247923851013183594e-01 2.093863338232040405e-01 2.747805714607238770e-01
5.171000957489013672e-02 4.929948449134826660e-01 7.916386723518371582e-01 9.844742715358734131e-02
5.631523132324218750e-01 2.788367569446563721e-01 6.420615315437316895e-01 6.793429851531982422e-01
1.834224760532379150e-01 7.666198015213012695e-01 3.338211476802825928e-01 3.160764575004577637e-01
1.462917327880859375e-01 7.393959164619445801e-02 8.880414068698883057e-02 2.812035009264945984e-02
4.484918117523193359e-01 2.955509722232818604e-01 1.179144904017448425e-01 2.860946655273437500e-01
5.353930592536926270e-01 4.950605705380439758e-02 7.574079036712646484e-01 1.062929853796958923e-01
8.809599280357360840e-01 4.138560295104980469e-01 6.509366631507873535e-01 3.131825923919677734e-01
9.876362681388854980e-01 6.902278065681457520e-01 2.427443861961364746e-01 2.217589877545833588e-02
6.070773303508758545e-02 7.856282591819763184e-01 9.356713294982910156e-02 3.425587713718414307e-02
2.588899731636047363e-01 6.886509060859680176e-01 9.558367133140563965e-01 8.334733545780181885e-02
5.348139405250549316e-01 8.340694308280944824e-01 5.175000522285699844e-03 8.047560229897499084e-03
2.773927152156829834e-01 4.943108856678009033e-01 6.473515629768371582e-01 6.846148967742919922e-01
9.347167015075683594e-01 8.823691010475158691e-01 6.450513601303100586e-01 6.605399399995803833e-02
5.080723166465759277e-01 8.981740474700927734e-01 9.859191179275512695e-01 1.390188280493021011e-02
3.075070977210998535e-01 2.186587601900100708e-01 7.971153408288955688e-02 1.292843818664550781e-01
9.521979093551635742e-01 9.178591370582580566e-01 2.813864350318908691e-01 2.952424436807632446e-02
2.961350679397583008e-01 6.060658693313598633e-01 9.868104457855224609e-01 3.138785436749458313e-02
1.232736781239509583e-01 3.529258072376251221e-01 4.703716635704040527e-01 3.366023302078247070e-01
1.410166770219802856e-01 7.833284139633178711e-01 1.272371113300323486e-01 1.049871966242790222e-01
3.320355713367462158e-01 1.890203654766082764e-01 3.377066226676106453e-03 5.128759425133466721e-03
4.442338645458221436e-01 4.281438589096069336e-01 7.672312259674072266e-01 6.409047842025756836e-01
2.089485824108123779e-01 4.299647510051727295e-01 8.507765829563140869e-02 1.572979837656021118e-01
4.550043046474456787e-01 2.946096360683441162e-01 8.932405710220336914e-01 2.603441178798675537e-01
9.953702092170715332e-01 3.034925162792205811e-01 6.974163055419921875e-01 9.650985710322856903e-03
4.759649932384490967e-01 8.891073465347290039e-01 8.514896631240844727e-01 1.531182974576950073e-01
8.478810191154479980e-01 9.944329261779785156e-01 6.672438383102416992e-01 6.958265788853168488e-03
4.492152035236358643e-01 6.592922806739807129e-01 6.661785840988159180e-01 7.508426308631896973e-01
5.116205811500549316e-01 4.164117574691772461e-02 8.413594961166381836e-02 3.405701741576194763e-02
1.290499269962310791e-01 5.064285174012184143e-02 9.652593731880187988e-01 6.806178018450737000e-03
3.763350248336791992e-01 1.875029802322387695e-01 2.227594703435897827e-02 3.595356270670890808e-02
8.158044517040252686e-02 5.151170492172241211e-01 2.289502024650573730e-01 1.668235212564468384e-01
4.402686655521392822e-01 2.172303348779678345e-01 3.498494327068328857e-01 5.519556999206542969e-01
8.449043631553649902e-01 7.090438008308410645e-01 8.749253153800964355e-01 1.419820338487625122e-01
3.206178843975067139e-01 4.611884355545043945e-01 6.887953877449035645e-01 6.957750320434570312e-01
9.139066338539123535e-01 3.338657617568969727e-01 8.614838719367980957e-01 9.763751178979873657e-02
3.808464407920837402e-01 8.735787868499755859e-01 8.791904449462890625e-01 1.333827525377273560e-01
9.590214490890502930e-01 1.054796949028968811e-02 3.635104894638061523e-01 3.868409665301442146e-03
1.424802094697952271e-01 2.413515001535415649e-01 5.051017403602600098e-01 2.975820004940032959e-01
7.683445215225219727e-01 4.235118627548217773e-01 7.089255452156066895e-01 5.118460655212402344e-01
5.226673483848571777e-01 7.524171471595764160e-02 8.210455626249313354e-02 5.958613008260726929e-02
6.537010669708251953e-01 9.913382530212402344e-01 4.420803785324096680e-01 2.369961701333522797e-02
8.769401907920837402e-01 9.291328787803649902e-01 5.281727910041809082e-01 8.292604982852935791e-02
2.113803625106811523e-01 7.804815471172332764e-02 9.456261396408081055e-01 2.543252147734165192e-02
5.501592755317687988e-01 8.438848257064819336e-01 9.884492158889770508e-01 1.687686517834663391e-02
7.589808106422424316e-01 3.749565184116363525e-01 2.471268475055694580e-01 4.446306526660919189e-01
1.440753936767578125e-01 2.144813910126686096e-02 7.699134945869445801e-01 1.947865821421146393e-02
7.309868931770324707e-01 3.805803656578063965e-01 4.287002086639404297e-01 6.786386370658874512e-01
7.226245403289794922e-01 6.617777347564697266e-01 9.286006689071655273e-01 1.486970484256744385e-01
8.343534469604492188e-01 3.956345319747924805e-01 1.965986490249633789e-01 2.726057171821594238e-01
3.370792865753173828e-01 3.772472143173217773e-01 5.166323184967041016e-01 8.067166805267333984e-01
7.801578640937805176e-01 9.436510801315307617e-01 7.655509710311889648e-01 7.535775750875473022e-02
1.909968554973602295e-01 7.888628840446472168e-01 2.165863960981369019e-01 2.187354564666748047e-01
7.445002198219299316e-01 8.114135861396789551e-01 7.705958485603332520e-01 2.650282382965087891e-01
3.075628168880939484e-02 3.242490440607070923e-02 3.820754587650299072e-01 9.144796058535575867e-03
4.630514681339263916e-01 8.732403069734573364e-02 3.754628002643585205e-01 2.487518787384033203e-01
3.533141911029815674e-01 7.496177554130554199e-01 7.047137245535850525e-03 1.403745450079441071e-02
5.873170867562294006e-02 9.104868173599243164e-01 7.403825521469116211e-01 3.707414492964744568e-02
5.824927091598510742e-01 8.512443304061889648e-01 5.136471390724182129e-01 4.350595772266387939e-01
2.278755903244018555e-01 5.780863165855407715e-01 4.619347751140594482e-01 6.320953369140625000e-01
9.749658107757568359e-01 7.751520276069641113e-01 4.832369685173034668e-01 5.092529207468032837e-02
7.935775443911552429e-03 4.550414904952049255e-02 8.406803607940673828e-01 1.704303896985948086e-03
8.550347685813903809e-01 9.900715351104736328e-01 1.098645776510238647e-01 4.640931263566017151e-03
9.816304445266723633e-01 5.023048520088195801e-01 9.350829124450683594e-01 1.168125495314598083e-02
3.478266000747680664e-01 9.594768285751342773e-01 4.733890593051910400e-01 1.123355999588966370e-01
1.378385908901691437e-02 8.103149533271789551e-01 6.269618868827819824e-02 4.754796624183654785e-03
6.991066932678222656e-01 7.505398392677307129e-01 2.069918066263198853e-01 3.464487493038177490e-01
8.978934884071350098e-01 6.245926022529602051e-03 2.615700364112854004e-01 4.530634731054306030e-03
5.776166915893554688e-01 4.911369681358337402e-01 8.339867591857910156e-01 4.832952618598937988e-01
6.500607728958129883e-01 7.674735784530639648e-02 2.458204627037048340e-01 1.484372317790985107e-01
9.513618350028991699e-01 7.995733022689819336e-01 1.225262228399515152e-02 3.449260722845792770e-03
9.994462132453918457e-01 5.702141523361206055e-01 9.114084243774414062e-01 4.663698782678693533e-04
6.490899324417114258e-01 9.362546205520629883e-01 1.315200626850128174e-01 7.127162814140319824e-02
8.516773581504821777e-01 9.204608798027038574e-01 5.361040234565734863e-01 1.103894934058189392e-01
6.977532804012298584e-02 2.979190349578857422e-01 8.225296735763549805e-01 9.263739734888076782e-02
8.732218742370605469e-01 7.767315953969955444e-02 1.378734260797500610e-01 3.932942077517509460e-02
2.903815507888793945e-01 2.742401063442230225e-01 3.572852015495300293e-01 5.408499240875244141e-01
4.322260320186614990e-01 5.334134101867675781e-01 1.603638194501399994e-02 4.895036295056343079e-02
4.141468107700347900e-01 2.596081197261810303e-01 8.277801871299743652e-01 3.614497184753417969e-01
9.616410732269287109e-02 5.688872337341308594e-01 1.104416027665138245e-01 9.881422668695449829e-02
7.275359034538269043e-01 8.184643983840942383e-01 5.808177590370178223e-01 3.946605324745178223e-01
8.703235387802124023e-01 9.832648560404777527e-03 6.910383701324462891e-01 1.009865570813417435e-02
1.567815840244293213e-01 1.481743752956390381e-01 7.879408001899719238e-01 1.311766952276229858e-01
4.384048283100128174e-01 9.089718461036682129e-01 4.795994982123374939e-02 4.155195876955986023e-02
3.542286530137062073e-02 7.708321213722229004e-01 8.718609809875488281e-01 2.868727035820484161e-02
4.024493992328643799e-01 1.809624433517456055e-01 5.887610316276550293e-01 4.934649765491485596e-01
4.657396078109741211e-01 2.191814184188842773e-01 1.693592518568038940e-01 3.204984068870544434e-01
8.009238839149475098e-01 5.012752413749694824e-01 5.244987085461616516e-02 9.602893888950347900e-02
9.057538509368896484e-01 2.703510224819183350e-01 9.408048987388610840e-01 4.050662368535995483e-02
8.649594783782958984e-01 8.149037957191467285e-01 2.239617407321929932e-01 1.462775766849517822e-01
5.882122516632080078e-01 2.168121039867401123e-01 5.528352260589599609e-01 5.973262190818786621e-01
3.051370084285736084e-01 1.785020530223846436e-02 2.446819990873336792e-01 3.188865631818771362e-02
7.651671767234802246e-01 3.801686316728591919e-02 6.851537823677062988e-01 6.696282327175140381e-02
7.833891510963439941e-01 8.947552442550659180e-01 4.895920157432556152e-01 2.041521817445755005e-01
4.036640226840972900e-01 2.404815852642059326e-01 3.007938563823699951e-01 5.304487347602844238e-01
2.208752632141113281e-01 1.911055296659469604e-02 2.821792066097259521e-01 2.973396517336368561e-02
1.845247484743595123e-02 3.814835846424102783e-01 5.635231137275695801e-01 5.289683863520622253e-02
1.794500946998596191e-01 5.949214473366737366e-02 1.984996050596237183e-01 5.798358470201492310e-02
1.244059130549430847e-01 3.291348814964294434e-01 6.144210230559110641e-03 6.318870000541210175e-03
2.749946415424346924e-01 8.192139267921447754e-01 9.321672916412353516e-01 8.650595694780349731e-02
1.612185500562191010e-02 8.914319872856140137e-01 4.089491069316864014e-01 1.624659262597560883e-02
2.228475660085678101e-01 6.371078491210937500e-01 7.496027946472167969e-01 4.144853055477142334e-01
4.005767032504081726e-02 4.891979694366455078e-01 1.014349609613418579e-01 3.930073231458663940e-02
5.734868645668029785e-01 8.440515398979187012e-02 4.710690975189208984e-01 2.540639638900756836e-01
1.048561930656433105e-02 8.889060616493225098e-01 7.988752722740173340e-01 6.652357056736946106e-03
1.783417016267776489e-01 1.645289212465286255e-01 9.547672271728515625e-01 3.719267994165420532e-02
9.580054283142089844e-01 8.559039235115051270e-01 3.394371271133422852e-01 5.037108063697814941e-02
2.765645682811737061e-01 6.808959245681762695e-01 1.739926636219024658e-01 3.345237374305725098e-01
3.467892706394195557e-01 1.655946820974349976e-01 5.824719071388244629e-01 4.258971810340881348e-01
2.268871814012527466e-01 7.227999567985534668e-01 5.084523558616638184e-01 5.000106692314147949e-01
2.885295823216438293e-02 5.710439682006835938e-01 1.130140945315361023e-01 3.068717196583747864e-02
4.154821336269378662e-01 9.685710072517395020e-02 2.726272940635681152e-01 2.184368222951889038e-01
4.350908398628234863e-01 1.331643760204315186e-01 6.607491374015808105e-01 3.481728732585906982e-01
8.723573088645935059e-01 4.549745917320251465e-01 9.029604792594909668e-01 1.159937456250190735e-01
9.432604312896728516e-01 8.798363804817199707e-01 4.913967847824096680e-01 6.533304601907730103e-02
6.631160974502563477e-01 6.295513510704040527e-01 1.197119355201721191e-01 2.939566969871520996e-01
6.582915782928466797e-01 6.358885765075683594e-01 5.101541876792907715e-01 7.995940446853637695e-01
9.293926954269409180e-01 8.372547626495361328e-01 3.232831060886383057e-01 9.147931635379791260e-02
8.255128860473632812e-01 3.326258063316345215e-01 1.437076628208160400e-01 1.966472119092941284e-01
6.107628345489501953e-02 5.692975521087646484e-01 8.559250235557556152e-01 8.143047988414764404e-02
7.919559478759765625e-01 1.698712557554244995e-01 6.634977459907531738e-01 2.693931162357330322e-01
2.834036052227020264e-01 4.696357846260070801e-01 7.124366760253906250e-01 6.077350974082946777e-01
8.417896628379821777e-01 5.605142116546630859e-01 7.767429947853088379e-02 1.131269857287406921e-01
3.034417927265167236e-01 9.644061923027038574e-01 1.003898903727531433e-01 2.822053804993629456e-02
7.200456857681274414e-01 7.386420965194702148e-01 7.064863443374633789e-01 4.493227899074554443e-01
1.398975998163223267e-01 4.534284770488739014e-01 5.748749971389770508e-01 4.093501269817352295e-01
5.370330214500427246e-01 7.841159105300903320e-01 2.530485987663269043e-01 4.448451399803161621e-01
9.112081527709960938e-01 7.611422538757324219e-01 9.648454189300537109e-01 2.069485001266002655e-02
4.670817255973815918e-01 5.070896148681640625e-01 2.500950694084167480e-01 7.033644914627075195e-01
2.642678320407867432e-01 6.489118933677673340e-01 4.960963726043701172e-01 6.587271094322204590e-01
9.615549445152282715e-01 4.201802611351013184e-02 7.998045682907104492e-01 9.329169988632202148e-03
5.048295855522155762e-02 2.346860766410827637e-01 4.275522530078887939e-01 1.034373268485069275e-01
5.540593266487121582e-01 8.960967659950256348e-01 4.176612570881843567e-02 4.134972393512725830e-02
9.624298214912414551e-01 3.976112604141235352e-01 7.859480977058410645e-01 6.959006190299987793e-02
5.667247176170349121e-01 9.392002820968627930e-01 2.910926379263401031e-02 1.695782504975795746e-02
5.632067844271659851e-02 4.206390082836151123e-01 4.497152864933013916e-01 1.684485971927642822e-01
1.483821123838424683e-01 8.722279071807861328e-01 7.094567418098449707e-01 1.389418244361877441e-01
2.178247570991516113e-01 1.352198719978332520e-01 2.489027380943298340e-01 1.835892796516418457e-01
2.797608375549316406e-01 6.589307785034179688e-01 7.886006832122802734e-01 4.166866838932037354e-01
3.542911112308502197e-01 8.818030953407287598e-01 7.170398831367492676e-01 2.527163624763488770e-01
3.571801781654357910e-01 2.725090980529785156e-01 5.945470929145812988e-02 1.263752579689025879e-01
1.213998869061470032e-01 3.248875141143798828e-01 2.598236203193664551e-01 2.311758399009704590e-01
9.466367363929748535e-01 7.630886435508728027e-01 1.883412003517150879e-01 6.304919719696044922e-02
1.527069211006164551e-01 1.090211719274520874e-01 9.679567813873291016e-01 1.557787414640188217e-02
2.073703110218048096e-01 7.131450772285461426e-01 4.781824350357055664e-01 4.743054807186126709e-01
9.838777780532836914e-02 1.247792616486549377e-01 7.902900576591491699e-01 7.114581018686294556e-02
7.578200101852416992e-02 7.608801126480102539e-01 9.847145676612854004e-01 7.726565469056367874e-03
1.471205428242683411e-02 4.565173685550689697e-01 4.740866422653198242e-01 4.562081396579742432e-02
1.617662161588668823e-01 3.442285656929016113e-01 9.898070096969604492e-01 1.375099923461675644e-02
2.537154853343963623e-01 5.387837439775466919e-02 8.824068903923034668e-01 4.351028054952621460e-02
3.877139985561370850e-01 4.247585833072662354e-01 8.961697816848754883e-01 2.923451662063598633e-01
1.602813750505447388e-01 1.022631525993347168e-01 6.822724938392639160e-01 1.280627697706222534e-01
9.681850075721740723e-01 5.325293540954589844e-01 7.976579070091247559e-01 5.893450602889060974e-02
5.142027139663696289e-01 7.727776765823364258e-01 8.661792874336242676e-01 2.669566869735717773e-01
3.190078139305114746e-01 2.962799072265625000e-01 7.449081540107727051e-01 4.855072498321533203e-01
8.094574809074401855e-01 9.470908641815185547e-01 2.150748074054718018e-01 5.830994993448257446e-02
7.158777117729187012e-01 6.332859396934509277e-01 2.118867188692092896e-01 4.393635690212249756e-01
1.223162412643432617e-01 7.820230126380920410e-01 6.054330468177795410e-01 2.242283821105957031e-01
3.116645812988281250e-01 3.939270973205566406e-01 4.400908648967742920e-01 7.704973220825195312e-01
2.247233241796493530e-01 7.165780067443847656e-01 3.273515105247497559e-01 4.319348335266113281e-01
1.970557272434234619e-01 6.964931637048721313e-02 1.877046972513198853e-01 7.004671543836593628e-02
8.282867670059204102e-01 4.181115031242370605e-01 7.363903522491455078e-01 3.659569621086120605e-01
5.951777100563049316e-01 1.539328396320343018e-01 7.290205955505371094e-01 3.342017829418182373e-01
6.231577396392822266e-01 4.432986974716186523e-01 3.246053457260131836e-01 7.765264511108398438e-01
3.309138119220733643e-01 8.365070223808288574e-01 1.141955852508544922e-01 1.487419456243515015e-01
9.747622907161712646e-02 4.301737546920776367e-01 3.435994684696197510e-01 2.594329416751861572e-01
6.874725222587585449e-01 1.982350945472717285e-01 9.236958622932434082e-01 1.151560768485069275e-01
2.221226505935192108e-02 9.224945902824401855e-01 4.606536626815795898e-01 1.668190956115722656e-02
8.932025432586669922e-01 6.073481440544128418e-01 6.876921653747558594e-01 2.582396864891052246e-01
2.829103469848632812e-01 4.349350929260253906e-01 9.744370579719543457e-01 6.098059192299842834e-02
3.178460001945495605e-01 1.183724328875541687e-01 4.206579923629760742e-01 2.960345745086669922e-01
2.787019014358520508e-01 7.594153285026550293e-01 2.227064371109008789e-01 3.391670882701873779e-01
6.102417707443237305e-01 3.989883363246917725e-01 2.782339453697204590e-01 6.854039430618286133e-01
5.395335555076599121e-01 1.860704421997070312e-01 9.148758649826049805e-01 1.446974724531173706e-01
6.700803041458129883e-01 7.181333303451538086e-01 7.865586280822753906e-01 4.140600860118865967e-01
7.560977339744567871e-01 7.177800536155700684e-01 3.466002643108367920e-01 4.761655926704406738e-01
6.557784080505371094e-01 5.803856849670410156e-01 4.367184042930603027e-01 8.377897143363952637e-01
4.548267126083374023e-01 8.287726640701293945e-01 6.640903949737548828e-01 4.412911832332611084e-01
9.714990258216857910e-01 5.880581736564636230e-01 3.891615569591522217e-02 1.049036439508199692e-02
1.476359665393829346e-01 6.108158826828002930e-01 8.078935146331787109e-01 2.386656254529953003e-01
2.015856653451919556e-01 6.189609169960021973e-01 5.181805491447448730e-01 5.500590801239013672e-01
2.609325945377349854e-01 8.641729354858398438e-01 8.393896222114562988e-01 1.462554335594177246e-01
8.776342868804931641e-01 5.849464535713195801e-01 4.541085958480834961e-01 3.579962253570556641e-01
9.660620689392089844e-01 6.090481579303741455e-02 6.515324711799621582e-01 1.798742637038230896e-02
6.706167757511138916e-02 3.068851828575134277e-01 7.203450202941894531e-01 1.322592645883560181e-01
7.508819103240966797e-01 2.282357960939407349e-01 6.793974637985229492e-01 3.917156159877777100e-01
7.928776144981384277e-01 2.259719185531139374e-02 6.325365900993347168e-01 3.929501399397850037e-02
3.388656377792358398e-01 9.349223971366882324e-01 9.604362845420837402e-01 2.201308868825435638e-02
2.159025222063064575e-01 8.748409152030944824e-01 3.207734599709510803e-02 2.418563514947891235e-02
1.580741703510284424e-01 4.810424149036407471e-01 4.626072943210601807e-01 4.723205566406250000e-01
8.675287961959838867e-01 7.982888221740722656e-01 3.676037788391113281e-01 2.189640849828720093e-01
7.034649848937988281e-01 4.519843161106109619e-01 1.605583727359771729e-01 3.834699690341949463e-01
2.255065143108367920e-01 6.521592140197753906e-01 3.035203516483306885e-01 4.711144566535949707e-01
6.549987196922302246e-01 6.936596632003784180e-01 4.223233833909034729e-02 9.593353420495986938e-02
9.328159689903259277e-01 6.517693400382995605e-01 9.628286361694335938e-01 2.168696932494640350e-02
2.652245573699474335e-02 6.454563140869140625e-01 7.610068917274475098e-01 5.095429718494415283e-02
9.264738559722900391e-01 2.226743251085281372e-01 4.059914052486419678e-01 1.410268545150756836e-01
7.631322145462036133e-01 9.499132037162780762e-01 7.681753039360046387e-01 7.064803689718246460e-02
9.037481993436813354e-02 4.753328487277030945e-02 9.833596944808959961e-01 2.177669899538159370e-03
8.076267242431640625e-01 8.418645858764648438e-01 6.102634668350219727e-01 2.547402083873748779e-01
3.937809765338897705e-01 1.271885484457015991e-01 2.691969461739063263e-02 3.104836121201515198e-02
8.562356829643249512e-01 7.304276823997497559e-01 2.843644320964813232e-01 2.547901272773742676e-01
3.714448809623718262e-01 9.607926011085510254e-01 5.936062932014465332e-01 1.081278696656227112e-01
7.907701730728149414e-01 4.996589422225952148e-01 8.665469288825988770e-02 1.642860323190689087e-01
7.544920444488525391e-01 2.845008075237274170e-01 9.441124200820922852e-01 9.490470588207244873e-02
5.170651674270629883e-01 9.983593821525573730e-01 3.377807438373565674e-01 4.492619540542364120e-03
2.959615290164947510e-01 4.026683270931243896e-01 7.098952680826187134e-02 1.690484285354614258e-01
5.672848224639892578e-01 6.011427640914916992e-01 8.429249525070190430e-01 4.399535953998565674e-01
5.444659590721130371e-01 3.732107281684875488e-01 6.046978235244750977e-01 8.638055920600891113e-01
1.148334890604019165e-01 2.212508916854858398e-01 8.690385222434997559e-01 9.040892869234085083e-02
1.827482283115386963e-01 9.671258926391601562e-01 8.129206895828247070e-01 3.104463778436183929e-02
5.169907212257385254e-01 7.483282089233398438e-01 2.173409759998321533e-01 4.478581845760345459e-01
4.719004929065704346e-01 6.360311508178710938e-01 5.838239789009094238e-01 8.752699494361877441e-01
7.287522405385971069e-02 5.123454332351684570e-01 1.039457544684410095e-01 7.274660468101501465e-02
4.474840462207794189e-01 6.277629733085632324e-01 7.777925729751586914e-01 5.836337804794311523e-01
5.421006679534912109e-01 6.445137262344360352e-01 4.638518393039703369e-01 8.851110935211181641e-01
3.525150120258331299e-01 6.037834286689758301e-01 7.791368365287780762e-01 5.419452190399169922e-01
1.106625348329544067e-01 2.122449129819869995e-01 2.744492590427398682e-01 1.599866747856140137e-01
7.515271902084350586e-01 6.846944093704223633e-01 1.428271979093551636e-01 2.553051412105560303e-01
7.009447813034057617e-01 1.577416956424713135e-01 8.313191533088684082e-01 1.940378099679946899e-01
2.448477149009704590e-01 1.556660979986190796e-01 6.412727236747741699e-01 2.951055467128753662e-01
9.017446637153625488e-01 8.841815590858459473e-01 1.581853628158569336e-02 5.370646715164184570e-03
2.477730959653854370e-01 6.321759819984436035e-01 2.581396698951721191e-01 4.657644927501678467e-01
4.297983050346374512e-01 8.784088492393493652e-01 9.107044935226440430e-01 1.007065176963806152e-01
4.722801968455314636e-02 3.120588064193725586e-01 4.145234525203704834e-01 1.183990687131881714e-01
5.261159539222717285e-01 2.797735035419464111e-01 4.503571689128875732e-01 7.581545710563659668e-01
1.170711070299148560e-01 3.371238708496093750e-01 6.138738989830017090e-01 2.936533093452453613e-01
7.948644757270812988e-01 5.411865115165710449e-01 5.876393914222717285e-01 5.733008980751037598e-01
6.915234327316284180e-01 5.031468868255615234e-01 3.150373399257659912e-01 6.890430450439453125e-01
8.486582636833190918e-01 8.068239688873291016e-01 4.931448400020599365e-01 2.609933018684387207e-01
2.949267327785491943e-01 8.496437668800354004e-01 9.154210686683654785e-01 9.552835673093795776e-02
8.515357226133346558e-02 3.176926970481872559e-01 6.251807808876037598e-01 2.051968127489089966e-01
3.597841262817382812e-01 8.174783587455749512e-01 1.089062243700027466e-01 1.646348387002944946e-01
3.991910219192504883e-01 1.725946813821792603e-01 2.352979779243469238e-01 3.303692638874053955e-01
3.170979768037796021e-02 7.360284924507141113e-01 5.000599622726440430e-01 7.334303110837936401e-02
2.392383515834808350e-01 7.949075698852539062e-01 8.678550124168395996e-01 1.654132902622222900e-01
5.361123085021972656e-01 4.335271418094635010e-01 1.021394804120063782e-01 3.065664172172546387e-01
5.248808264732360840e-01 1.009200438857078552e-01 1.245646700263023376e-01 1.185500472784042358e-01
6.749852895736694336e-01 9.924809634685516357e-02 1.202528551220893860e-01 9.648403525352478027e-02
2.853286266326904297e-01 2.860089242458343506e-01 5.329112410545349121e-01 6.078563332557678223e-01
1.319840699434280396e-01 6.814511418342590332e-01 9.075129777193069458e-02 9.539075940847396851e-02
4.373174905776977539e-01 5.546014308929443359e-01 5.593239665031433105e-01 9.495476484298706055e-01
9.751584529876708984e-01 2.354895882308483124e-02 3.046836256980895996e-01 4.711309447884559631e-03
5.327464938163757324e-01 3.014012575149536133e-01 6.783078908920288086e-01 6.839205622673034668e-01
2.659874558448791504e-01 4.390260279178619385e-01 4.183106720447540283e-01 7.043017745018005371e-01
4.768082499504089355e-01 4.090882837772369385e-01 2.761477790772914886e-02 8.291508257389068604e-02
4.335330128669738770e-01 6.828282475471496582e-01 7.053085565567016602e-01 6.563004851341247559e-01
4.971643686294555664e-01 3.362885862588882446e-02 2.123379707336425781e-01 6.523979455232620239e-02
9.445736408233642578e-01 4.800876677036285400e-01 6.017027497291564941e-01 1.641585677862167358e-01
1.520706061273813248e-02 5.658404231071472168e-01 5.445166826248168945e-01 4.628191515803337097e-02
9.545224905014038086e-01 9.316504746675491333e-02 9.425628185272216797e-01 7.372856605798006058e-03
2.168957740068435669e-01 9.409182071685791016e-01 1.410271674394607544e-01 4.983275756239891052e-02
4.648623168468475342e-01 6.973921060562133789e-01 6.557413935661315918e-01 7.139521241188049316e-01
7.617772817611694336e-01 3.644753992557525635e-02 5.275225639343261719e-01 7.745506614446640015e-02
6.646351814270019531e-01 8.042512834072113037e-02 7.210108637809753418e-01 1.669803857803344727e-01
7.930883169174194336e-01 3.924722075462341309e-01 6.483341455459594727e-01 5.101210474967956543e-01
3.569859862327575684e-01 8.385323286056518555e-01 9.781610220670700073e-02 1.323602646589279175e-01
7.250297069549560547e-01 2.043354660272598267e-01 9.905914068222045898e-01 1.345444004982709885e-02
1.590624600648880005e-01 8.448825478553771973e-01 8.157218098640441895e-01 1.227610781788825989e-01
1.984677016735076904e-01 7.768309712409973145e-01 6.776186823844909668e-02 7.957544177770614624e-02
6.022005677223205566e-01 7.428787350654602051e-01 7.262323498725891113e-01 5.197684764862060547e-01
6.562364101409912109e-01 7.960589528083801270e-01 3.781656026840209961e-01 4.890386462211608887e-01
6.437766551971435547e-02 9.068914055824279785e-01 8.929466605186462402e-01 1.911528222262859344e-02
5.337986350059509277e-01 6.837538480758666992e-01 8.095624446868896484e-01 4.692921936511993408e-01
7.286397814750671387e-01 1.410219669342041016e-01 7.563663721084594727e-01 2.236211150884628296e-01
7.530169486999511719e-01 1.797633320093154907e-01 3.663799539208412170e-02 4.304937645792961121e-02
1.954527348279953003e-01 9.268816709518432617e-01 8.637929558753967285e-01 5.443937331438064575e-02
3.758308291435241699e-01 4.660657942295074463e-01 7.725684046745300293e-01 6.025728583335876465e-01
8.047925233840942383e-01 7.017883658409118652e-01 7.154526114463806152e-01 3.614826500415802002e-01
8.434835672378540039e-01 2.917407155036926270e-01 3.062789440155029297e-01 3.073718249797821045e-01
5.474722981452941895e-01 9.079669415950775146e-02 2.245641350746154785e-01 1.804320514202117920e-01
7.884863615036010742e-01 9.056905508041381836e-01 7.731630206108093262e-01 1.177166923880577087e-01
2.819021344184875488e-01 6.140246987342834473e-02 6.664507836103439331e-02 3.085271082818508148e-02
3.610668471083045006e-03 5.007554888725280762e-01 9.809156060218811035e-01 6.796638481318950653e-04
8.856380581855773926e-01 1.060279533267021179e-01 9.163131713867187500e-01 2.987781539559364319e-02
5.200572311878204346e-02 3.820560406893491745e-03 3.591379225254058838e-01 1.764183980412781239e-03
6.527625769376754761e-02 7.275933623313903809e-01 9.388798475265502930e-01 2.934387885034084320e-02
1.991072744131088257e-01 2.094155400991439819e-01 9.738296270370483398e-01 2.940169163048267365e-02
3.254789113998413086e-01 9.692966341972351074e-01 5.357185006141662598e-01 8.167466521263122559e-02
8.218390941619873047e-01 9.429616332054138184e-01 1.937236040830612183e-01 5.410266667604446411e-02
8.314265310764312744e-02 9.823482632637023926e-01 8.219890594482421875e-01 7.593746297061443329e-03
4.431107640266418457e-02 2.907773256301879883e-01 7.460449337959289551e-01 7.863324135541915894e-02
6.969976425170898438e-01 4.008042812347412109e-01 4.980094730854034424e-02 1.208036467432975769e-01
5.977901220321655273e-01 7.438293844461441040e-02 6.654511690139770508e-01 1.915674656629562378e-01
1.695058494806289673e-01 4.142721891403198242e-01 6.099400520324707031e-01 4.605007171630859375e-01
6.205300092697143555e-01 6.949337124824523926e-01 8.436058759689331055e-01 3.587087690830230713e-01
2.515249848365783691e-01 2.553126513957977295e-01 3.367246091365814209e-01 4.449783563613891602e-01
5.404224991798400879e-01 2.311547994613647461e-01 8.735041022300720215e-01 2.549236714839935303e-01
4.797782897949218750e-01 9.749073386192321777e-01 8.897886872291564941e-01 2.667062357068061829e-02
4.597287476062774658e-01 1.209436208009719849e-01 4.047125577926635742e-01 3.515527546405792236e-01
2.064597457647323608e-01 7.340928912162780762e-01 2.075749821960926056e-02 2.919109538197517395e-02
6.003625690937042236e-03 2.673348188400268555e-01 1.896310150623321533e-01 7.879330776631832123e-03
5.757761001586914062e-01 4.572135806083679199e-01 5.416695475578308105e-01 9.547917842864990234e-01
8.461248278617858887e-01 3.408398926258087158e-01 2.464686483144760132e-01 2.852114439010620117e-01
6.368236541748046875e-01 4.051934182643890381e-01 7.556076645851135254e-01 6.035609245300292969e-01
4.093278050422668457e-01 1.621096283197402954e-01 2.982379198074340820e-01 3.770138025283813477e-01
9.485348463058471680e-01 7.979497313499450684e-01 9.432424604892730713e-02 2.787473425269126892e-02
3.777519166469573975e-01 4.983644485473632812e-01 1.756372451782226562e-01 4.860115647315979004e-01
3.791507482528686523e-01 3.947086632251739502e-01 6.491671800613403320e-01 7.837363481521606445e-01
6.855351924896240234e-01 3.607702553272247314e-01 8.371909856796264648e-01 3.701761662960052490e-01
1.452646553516387939e-01 4.192301928997039795e-01 2.494008392095565796e-01 3.010653853416442871e-01
5.286179948598146439e-03 1.323802918195724487e-01 9.917792677879333496e-01 1.732462405925616622e-04
8.363619446754455566e-01 1.232570037245750427e-01 7.143589854240417480e-01 1.451510637998580933e-01
7.370371222496032715e-01 8.264663629233837128e-03 2.328051440417766571e-02 1.394926221109926701e-03
2.481368035078048706e-01 3.599424958229064941e-01 6.217544078826904297e-01 5.900377631187438965e-01
7.242100238800048828e-01 1.361934989690780640e-01 6.128755807876586914e-01 2.965099513530731201e-01
8.612434267997741699e-01 6.393073201179504395e-01 7.303051352500915527e-01 2.866342365741729736e-01
9.108511209487915039e-01 3.798666000366210938e-01 8.416085243225097656e-01 1.226559728384017944e-01
8.376895785331726074e-01 2.807511985301971436e-01 6.027459502220153809e-01 3.573610186576843262e-01
8.419422805309295654e-02 8.042119741439819336e-01 9.107036888599395752e-02 4.257353395223617554e-02
4.942640662193298340e-01 7.523570060729980469e-01 8.846604228019714355e-01 2.487466633319854736e-01
4.628289639949798584e-01 6.708967089653015137e-01 4.124806225299835205e-01 8.213954567909240723e-01
4.866530299186706543e-01 5.581136345863342285e-01 5.219128131866455078e-01 9.801888465881347656e-01
8.022863864898681641e-01 2.712332010269165039e-01 1.700498163700103760e-01 2.230301946401596069e-01
4.131884574890136719e-01 6.657040119171142578e-01 2.436874806880950928e-01 5.789350867271423340e-01
7.399848699569702148e-01 7.204827070236206055e-01 5.075623095035552979e-02 8.907582610845565796e-02
7.298055291175842285e-01 9.198799729347229004e-02 9.170436859130859375e-01 5.511249974370002747e-02
3.622833788394927979e-01 3.314190804958343506e-01 5.170196294784545898e-01 7.823644280433654785e-01
1.406887322664260864e-01 4.586812555789947510e-01 6.366493105888366699e-01 3.856508135795593262e-01
4.366337358951568604e-01 5.082968473434448242e-01 8.838174939155578613e-01 3.497791588306427002e-01
4.451145231723785400e-01 1.632189601659774780e-01 1.631799787282943726e-01 2.370586693286895752e-01
9.477461576461791992e-01 8.450784683227539062e-01 1.321506798267364502e-01 3.082937188446521759e-02
5.910533666610717773e-01 7.951182723045349121e-01 2.265238761901855469e-01 3.760030567646026611e-01
7.079135775566101074e-01 8.900706768035888672e-01 5.588721632957458496e-01 2.642594277858734131e-01
9.249558448791503906e-01 6.120345592498779297e-01 9.981594681739807129e-01 1.267767394892871380e-03
2.373841702938079834e-01 6.683969497680664062e-01 1.844011545181274414e-01 3.206818401813507080e-01
9.783699512481689453e-01 1.743989139795303345e-01 5.812918543815612793e-01 3.422137722373008728e-02
4.879214763641357422e-01 8.970465660095214844e-01 7.351862788200378418e-01 2.347809374332427979e-01
4.344606101512908936e-01 3.577653765678405762e-01 2.709030210971832275e-01 6.638271212577819824e-01
5.985211730003356934e-01 3.868111968040466309e-01 1.061442196369171143e-01 2.922589182853698730e-01
6.383082866668701172e-01 8.159484267234802246e-01 3.115143775939941406e-01 4.113420248031616211e-01
1.778496652841567993e-01 2.933094203472137451e-01 3.778629750013351440e-02 5.000434070825576782e-02
4.518414735794067383e-01 9.040056467056274414e-01 6.843957304954528809e-01 2.457250505685806274e-01
7.345817685127258301e-01 2.036059796810150146e-01 3.854480087757110596e-01 4.137066900730133057e-01
2.238742560148239136e-01 2.824825942516326904e-01 3.720909357070922852e-01 4.615829586982727051e-01
2.466424256563186646e-01 1.593714207410812378e-01 1.093086041510105133e-02 1.153016649186611176e-02
7.485244274139404297e-01 4.080268740653991699e-01 9.639266133308410645e-01 7.700315862894058228e-02
8.750960230827331543e-01 1.300760917365550995e-02 8.251551389694213867e-01 8.156223222613334656e-03
8.262596726417541504e-01 1.391301602125167847e-01 1.280249953269958496e-01 8.601878583431243896e-02
9.186075627803802490e-02 6.555651426315307617e-01 3.472534418106079102e-01 2.229019850492477417e-01
5.767552256584167480e-01 7.535748481750488281e-01 2.417437434196472168e-01 4.674390256404876709e-01
2.891539633274078369e-01 1.196060106158256531e-01 9.580550789833068848e-01 3.802075237035751343e-02
3.228592127561569214e-02 2.996701598167419434e-01 7.518203258514404297e-01 5.754870921373367310e-02
4.849428236484527588e-01 9.501546621322631836e-01 3.251104056835174561e-01 1.328525692224502563e-01
5.104602575302124023e-01 6.426506638526916504e-01 7.661084532737731934e-01 6.039013862609863281e-01
7.323057651519775391e-01 4.907339811325073242e-01 8.779212832450866699e-01 2.787648439407348633e-01
4.932903647422790527e-01 2.857079207897186279e-01 7.534779906272888184e-01 5.466347336769104004e-01
6.660925596952438354e-02 7.218891978263854980e-01 8.191324472427368164e-01 8.570951968431472778e-02
6.592920422554016113e-01 9.322091937065124512e-01 7.924860715866088867e-01 1.125134900212287903e-01
2.512088604271411896e-02 4.720740616321563721e-01 1.794968098402023315e-01 4.197600856423377991e-02
5.948945283889770508e-01 5.907938480377197266e-01 7.425428032875061035e-01 6.636219620704650879e-01
1.256395727396011353e-01 9.663576483726501465e-01 1.577685028314590454e-01 1.929334923624992371e-02
8.990889191627502441e-01 1.493916809558868408e-01 9.475715756416320801e-01 2.311824448406696320e-02
2.901829034090042114e-02 3.499106466770172119e-01 1.496163457632064819e-01 3.673302009701728821e-02
7.198239564895629883e-01 6.727008223533630371e-01 6.078381538391113281e-01 6.226390600204467773e-01
2.666462361812591553e-01 5.568246841430664062e-01 9.365544319152832031e-01 1.447979211807250977e-01
9.417032599449157715e-01 1.204764191061258316e-02 1.861881911754608154e-01 3.805045736953616142e-03
4.085781276226043701e-01 2.586974501609802246e-01 7.160621881484985352e-01 5.420482158660888672e-01
8.907436728477478027e-01 1.772516369819641113e-01 7.899820208549499512e-01 1.090234816074371338e-01
7.403807640075683594e-01 7.555416822433471680e-01 3.933611810207366943e-01 4.777157008647918701e-01
7.261055111885070801e-01 3.153557181358337402e-01 8.202995657920837402e-01 3.392790853977203369e-01
2.526823878288269043e-01 7.002656459808349609e-01 6.537804603576660156e-01 5.105311274528503418e-01
4.986900389194488525e-01 2.876298725605010986e-01 8.304976224899291992e-01 3.988263905048370361e-01
8.061089515686035156e-01 8.466019630432128906e-01 8.594022989273071289e-01 1.133578270673751831e-01
4.826757013797760010e-01 2.332995533943176270e-01 4.358675479888916016e-01 6.545474529266357422e-01
8.236457705497741699e-01 2.539252936840057373e-01 5.700610578060150146e-02 6.708234548568725586e-02
8.225315064191818237e-02 5.598291754722595215e-01 9.533756226301193237e-02 7.407001405954360962e-02
3.109032809734344482e-01 6.144017577171325684e-01 4.872873723506927490e-01 7.751070857048034668e-01
3.272834122180938721e-01 6.191393136978149414e-01 5.312540531158447266e-01 7.932396531105041504e-01
5.787088274955749512e-01 5.237867236137390137e-01 7.544718980789184570e-01 6.740136742591857910e-01
3.677139282226562500e-01 8.574712276458740234e-01 8.880087137222290039e-01 1.365029364824295044e-01
9.372249841690063477e-01 3.758745789527893066e-01 8.293086886405944824e-01 9.259117394685745239e-02
5.658587813377380371e-01 7.145333290100097656e-01 8.177471160888671875e-02 1.942951232194900513e-01
9.800866842269897461e-01 8.859513401985168457e-01 2.212140560150146484e-01 1.403915137052536011e-02
9.275463223457336426e-01 7.059767842292785645e-01 8.264009952545166016e-01 9.339389950037002563e-02
5.853170156478881836e-01 4.637543261051177979e-01 7.048293352127075195e-01 7.664455175399780273e-01
3.898345530033111572e-01 4.863962903618812561e-02 3.915062844753265381e-01 1.349494159221649170e-01
9.080162048339843750e-01 2.772029340267181396e-01 6.536650657653808594e-02 4.444704949855804443e-02
6.217638403177261353e-02 2.146875411272048950e-01 1.952873170375823975e-01 6.978388130664825439e-02
6.186930537223815918e-01 6.660529375076293945e-01 7.338879704475402832e-01 5.990791320800781250e-01
5.277305245399475098e-01 5.878028273582458496e-01 6.772994995117187500e-01 8.136565685272216797e-01
3.640647530555725098e-01 1.172932758927345276e-01 7.485064268112182617e-01 2.329137921333312988e-01
1.723829098045825958e-02 6.602694392204284668e-01 7.454887032508850098e-01 3.399689123034477234e-02
8.580833673477172852e-01 4.823767840862274170e-01 9.220038652420043945e-01 1.044481396675109863e-01
6.736925840377807617e-01 4.129322171211242676e-01 5.730012059211730957e-01 8.014519214630126953e-01
5.807889699935913086e-01 2.921115756034851074e-01 3.713931739330291748e-01 7.068626880645751953e-01
9.961424469947814941e-01 9.143573641777038574e-01 9.467871189117431641e-01 5.360126961022615433e-04
2.358967512845993042e-01 4.266864955425262451e-01 3.091268539428710938e-01 5.425969362258911133e-01
8.685414791107177734e-01 5.989339947700500488e-01 1.113416999578475952e-01 1.309523582458496094e-01
5.518916249275207520e-01 9.078453779220581055e-01 2.137271165847778320e-01 1.752501279115676880e-01
7.960245013236999512e-01 5.449607372283935547e-01 6.862591505050659180e-01 4.934160709381103516e-01
6.398873329162597656e-01 6.737354397773742676e-01 6.276415586471557617e-01 7.121329903602600098e-01
8.039889335632324219e-01 2.636753618717193604e-01 4.241791963577270508e-01 4.135737121105194092e-01
6.224755048751831055e-01 7.299060821533203125e-01 4.414680004119873047e-01 6.837232708930969238e-01
4.524260461330413818e-01 9.572741389274597168e-01 3.348810970783233643e-01 1.149237751960754395e-01
9.779259562492370605e-01 1.521196067333221436e-01 8.985751867294311523e-01 9.983415715396404266e-03
3.975933790206909180e-01 7.808890938758850098e-01 4.689481854438781738e-02 8.846797794103622437e-02
5.294795036315917969e-01 6.534959673881530762e-01 8.781694173812866211e-01 3.294600844383239746e-01
4.064432084560394287e-01 3.410578668117523193e-01 8.496779203414916992e-01 3.822251260280609131e-01
5.862568020820617676e-01 1.443470641970634460e-02 4.691456854343414307e-01 4.347312450408935547e-02
9.792503118515014648e-01 3.196959793567657471e-01 3.997966647148132324e-01 5.226564779877662659e-02
1.628420501947402954e-01 4.956547915935516357e-01 3.100276291370391846e-01 4.048905074596405029e-01
7.746731638908386230e-01 3.257903754711151123e-01 2.959792912006378174e-01 4.450508058071136475e-01
5.967454314231872559e-01 4.488195180892944336e-01 3.125388026237487793e-01 7.831909060478210449e-01
3.404889404773712158e-01 9.124445915222167969e-01 9.879975914955139160e-01 8.980042301118373871e-03
6.684477329254150391e-01 4.671527743339538574e-01 9.850897639989852905e-02 2.615008354187011719e-01
5.151637196540832520e-01 5.040072798728942871e-01 8.800204992294311523e-01 3.676178455352783203e-01
8.297632336616516113e-01 9.277921319007873535e-01 6.741610169410705566e-01 9.789644181728363037e-02
7.600503563880920410e-01 7.929546236991882324e-01 8.354555964469909668e-01 2.048298269510269165e-01
2.181024849414825439e-01 9.635866284370422363e-01 4.750077128410339355e-01 7.201169431209564209e-02
1.121750622987747192e-01 2.059119939804077148e-01 3.508487045764923096e-01 1.856077015399932861e-01
4.174958169460296631e-01 4.151905477046966553e-01 9.944081306457519531e-01 1.638050563633441925e-02
3.425861299037933350e-01 4.478015005588531494e-01 4.213752746582031250e-01 8.420267105102539062e-01
4.957706034183502197e-01 4.448804855346679688e-01 7.838166952133178711e-01 6.186908483505249023e-01
1.092178523540496826e-01 8.624897599220275879e-01 4.251450598239898682e-01 1.369804590940475464e-01
9.188696742057800293e-01 4.598859548568725586e-01 9.511320590972900391e-01 3.824981302022933960e-02
6.790109872817993164e-01 8.328970074653625488e-01 6.162703037261962891e-01 3.960253000259399414e-01
2.029367238283157349e-01 1.605619490146636963e-01 3.429071605205535889e-01 2.533439397811889648e-01
5.464956164360046387e-01 8.276922702789306641e-01 6.172843575477600098e-01 4.755661785602569580e-01
1.001197323203086853e-01 5.633305907249450684e-01 5.948228240013122559e-01 2.899145483970642090e-01
2.052098661661148071e-01 1.476524323225021362e-01 6.991153955459594727e-01 2.179571539163589478e-01
7.179829478263854980e-02 6.546170264482498169e-02 4.815241694450378418e-01 4.559472948312759399e-02
9.093084335327148438e-01 8.686666488647460938e-01 2.508024685084819794e-02 8.871339261531829834e-03
9.154997467994689941e-01 3.435694277286529541e-01 3.078152537345886230e-01 1.904145479202270508e-01
8.195499777793884277e-01 9.808486104011535645e-01 2.519424557685852051e-01 2.297191321849822998e-02
8.635003864765167236e-02 7.540681362152099609e-01 8.105334043502807617e-01 1.048729345202445984e-01
2.330222725868225098e-01 7.712628841400146484e-01 5.534115433692932129e-01 4.338506162166595459e-01
3.637369275093078613e-01 6.785241365432739258e-01 1.189083531498908997e-01 2.811414599418640137e-01
7.084811329841613770e-01 7.860916256904602051e-01 8.626319169998168945e-01 2.065214812755584717e-01
8.350985646247863770e-01 5.522128343582153320e-01 3.685837984085083008e-01 4.474945664405822754e-01
5.908643603324890137e-01 5.747421979904174805e-01 1.447407752275466919e-01 4.098694026470184326e-01
2.688101828098297119e-01 3.489229828119277954e-02 1.217799261212348938e-01 3.053354099392890930e-02
2.735878825187683105e-01 5.979210603982210159e-03 3.983437120914459229e-01 1.350909844040870667e-02
2.140183895826339722e-01 8.350888639688491821e-02 7.529832124710083008e-01 1.131454706192016602e-01
7.643926739692687988e-01 7.358028888702392578e-01 2.632703483104705811e-01 3.662721216678619385e-01
6.155359148979187012e-01 8.200367689132690430e-01 6.196705698966979980e-01 4.658460617065429688e-01
9.852859973907470703e-01 5.423313751816749573e-02 8.288127779960632324e-01 4.013434518128633499e-03
5.834258198738098145e-01 6.641133427619934082e-01 3.845901787281036377e-01 7.856687307357788086e-01
6.175186038017272949e-01 3.396032452583312988e-01 7.622341811656951904e-02 1.937053501605987549e-01
4.836688637733459473e-01 8.081907033920288086e-01 8.523437380790710449e-01 2.532516419887542725e-01
4.228840768337249756e-01 3.920409828424453735e-02 5.655443668365478516e-01 1.167449653148651123e-01
7.109789848327636719e-01 4.643596708774566650e-01 9.051260352134704590e-01 2.300342023372650146e-01
4.050711691379547119e-01 8.138988018035888672e-01 1.594375818967819214e-01 2.533313930034637451e-01
4.416428804397583008e-01 3.649785816669464111e-01 6.349257826805114746e-01 8.167962431907653809e-01
3.086849153041839600e-01 9.874173402786254883e-01 2.003718018531799316e-01 1.918876729905605316e-02
2.626228034496307373e-01 1.849850863218307495e-01 5.555945038795471191e-01 3.971395492553710938e-01
5.623528361320495605e-01 1.043369546532630920e-01 5.303392410278320312e-01 3.143555521965026855e-01
5.715298056602478027e-01 7.021858692169189453e-01 9.481889605522155762e-01 1.271652430295944214e-01
7.782707810401916504e-01 9.261000901460647583e-02 7.325775623321533203e-01 1.370653510093688965e-01
6.578770279884338379e-01 2.895308472216129303e-02 6.146621704101562500e-01 7.476069033145904541e-02
1.706197857856750488e-01 4.652486741542816162e-01 1.824290156364440918e-01 2.752893567085266113e-01
3.450027704238891602e-01 3.181816264986991882e-02 5.018627047538757324e-01 8.819282054901123047e-02
4.996856153011322021e-01 3.885749280452728271e-01 4.478564858436584473e-01 9.267787337303161621e-01
4.183209240436553955e-01 6.481069326400756836e-02 6.119704246520996094e-01 1.836078464984893799e-01
5.383691191673278809e-01 9.681895375251770020e-01 4.647377729415893555e-01 9.843811392784118652e-02
2.414496392011642456e-01 5.354555249214172363e-01 1.780393160879611969e-02 3.821550309658050537e-02
1.374125182628631592e-01 1.947037875652313232e-01 3.567897677421569824e-01 2.163594514131546021e-01
7.716806232929229736e-02 7.060463428497314453e-01 4.562506079673767090e-01 1.896938234567642212e-01
2.555918395519256592e-01 2.278728336095809937e-01 5.241307020187377930e-01 4.707874357700347900e-01
3.367841243743896484e-01 7.109563946723937988e-01 5.618432760238647461e-01 6.740050315856933594e-01
7.020950913429260254e-01 3.099109232425689697e-01 3.389903008937835693e-01 5.824082493782043457e-01
5.288733243942260742e-01 4.015948623418807983e-03 5.729386806488037109e-01 1.223585940897464752e-02
1.197728887200355530e-01 1.154554113745689392e-01 4.009512960910797119e-01 1.241185143589973450e-01
2.293119877576828003e-01 8.405049443244934082e-01 7.711771726608276367e-01 2.086826860904693604e-01
9.931579232215881348e-01 3.878581225872039795e-01 5.796978473663330078e-01 1.954421587288379669e-02
9.519848227500915527e-02 8.959186077117919922e-01 9.254735112190246582e-01 2.195469848811626434e-02
7.171388864517211914e-01 5.628961920738220215e-01 7.269136607646942139e-02 1.723048090934753418e-01
5.684592723846435547e-01 7.731209993362426758e-01 8.543644547462463379e-01 2.822043299674987793e-01
6.852899491786956787e-02 9.119397401809692383e-01 7.585530877113342285e-01 4.013615846633911133e-02
3.653582930564880371e-02 8.212666511535644531e-01 1.890949904918670654e-02 3.620583098381757736e-03
4.391275346279144287e-02 1.506214141845703125e-01 6.039797067642211914e-01 5.935718864202499390e-02
4.608120620250701904e-01 6.094231605529785156e-01 3.206015527248382568e-01 7.898570299148559570e-01
1.540470421314239502e-01 5.898328423500061035e-01 6.071352958679199219e-02 8.471986651420593262e-02
7.890397906303405762e-01 8.284333348274230957e-02 2.198446393013000488e-01 1.008657589554786682e-01
6.759235262870788574e-01 1.925786733627319336e-01 7.503824830055236816e-01 3.418901860713958740e-01
6.835697889328002930e-01 5.143556594848632812e-01 9.765300154685974121e-01 6.168906763195991516e-02
8.490718007087707520e-01 8.866690993309020996e-01 6.839664578437805176e-01 1.333017945289611816e-01
5.552254617214202881e-02 3.059245944023132324e-01 7.016399502754211426e-01 1.146712377667427063e-01
7.557971477508544922e-01 5.279104113578796387e-01 7.349877953529357910e-01 5.114324092864990234e-01
5.617656111717224121e-01 1.379972696304321289e-01 8.751959800720214844e-01 1.575053930282592773e-01
5.004092454910278320e-01 7.683351635932922363e-01 9.916102886199951172e-02 2.038977593183517456e-01
9.362432956695556641e-01 2.135957181453704834e-01 1.409004628658294678e-01 5.299071595072746277e-02
8.108143806457519531e-01 5.935214757919311523e-01 1.259902417659759521e-01 2.066463381052017212e-01
1.931211538612842560e-02 5.253827571868896484e-01 9.562066793441772461e-01 8.289298042654991150e-03
9.198647737503051758e-01 9.798650145530700684e-01 2.715290188789367676e-01 1.186160091310739517e-02
5.187618136405944824e-01 4.875736534595489502e-01 1.460874229669570923e-01 4.418982267379760742e-01
1.518111974000930786e-01 5.505878925323486328e-01 9.137198328971862793e-01 1.213624924421310425e-01
2.496422082185745239e-01 8.303022384643554688e-01 4.489154219627380371e-01 3.543516099452972412e-01
4.725969433784484863e-01 5.431160926818847656e-01 6.087881326675415039e-01 9.300763010978698730e-01
3.780005276203155518e-01 8.545994758605957031e-01 1.834375858306884766e-01 2.229063957929611206e-01
9.280707836151123047e-01 4.776813983917236328e-01 7.199203372001647949e-01 1.722480654716491699e-01
2.048037946224212646e-02 9.256105422973632812e-01 4.941627085208892822e-01 1.488729938864707947e-02
2.560312747955322266e-01 8.752668499946594238e-01 8.992097526788711548e-02 7.668996602296829224e-02
5.534781217575073242e-01 9.038639068603515625e-01 7.107524573802947998e-02 6.493948400020599365e-02
3.956809341907501221e-01 2.683256864547729492e-01 4.460101425647735596e-01 6.967402696609497070e-01
8.639343976974487305e-01 7.568440437316894531e-01 5.515477061271667480e-01 2.830182015895843506e-01
7.233128547668457031e-01 4.226993918418884277e-01 1.555874943733215332e-01 3.481433987617492676e-01
8.899311423301696777e-01 3.625572621822357178e-01 1.239871233701705933e-01 1.168969646096229553e-01
2.407934330403804779e-02 4.880104959011077881e-01 4.177964627742767334e-01 7.301732897758483887e-02
1.285352706909179688e-01 4.975014626979827881e-01 2.975278496742248535e-01 3.160664439201354980e-01
7.823988199234008789e-01 2.245057970285415649e-01 6.316078305244445801e-01 3.749435842037200928e-01
8.542273640632629395e-01 3.046834170818328857e-01 1.719536483287811279e-01 1.859069317579269409e-01
8.819998502731323242e-01 5.312075018882751465e-01 5.198513269424438477e-01 3.598351478576660156e-01
3.812530264258384705e-02 5.427467226982116699e-01 1.335779670625925064e-02 4.967679735273122787e-03
2.282191514968872070e-01 7.876194715499877930e-01 5.647869110107421875e-01 3.982227444648742676e-01
5.498825907707214355e-01 9.512255191802978516e-01 6.188995242118835449e-01 1.403642743825912476e-01
2.807184755802154541e-01 4.259386956691741943e-01 6.308519244194030762e-01 6.885697245597839355e-01
5.193452239036560059e-01 8.097714781761169434e-01 2.808652520179748535e-01 4.337211549282073975e-01
5.554471611976623535e-01 7.794152498245239258e-01 3.411383330821990967e-01 5.524268746376037598e-01
1.728904098272323608e-01 1.252918988466262817e-01 5.231024026870727539e-01 1.977006196975708008e-01
7.717611193656921387e-01 2.405598759651184082e-02 8.034012913703918457e-01 2.873320132493972778e-02
3.941849470138549805e-01 9.730516076087951660e-01 5.471276640892028809e-01 7.905572652816772461e-02
7.978292703628540039e-01 5.679358243942260742e-01 8.116884827613830566e-01 3.233628273010253906e-01
1.964003145694732666e-01 2.385303825139999390e-01 9.431858062744140625e-01 6.997355818748474121e-02
6.924641728401184082e-01 1.215203180909156799e-01 4.515441954135894775e-01 3.029632270336151123e-01
6.464220881462097168e-01 4.456710517406463623e-01 5.342385172843933105e-01 8.779296875000000000e-01
9.507557749748229980e-01 8.479229211807250977e-01 9.715742468833923340e-01 6.318570114672183990e-03
6.889959573745727539e-01 6.118756532669067383e-01 9.312360882759094238e-01 1.668043732643127441e-01
5.992912128567695618e-02 4.621240794658660889e-01 7.949229478836059570e-01 1.116175502538681030e-01
2.711043655872344971e-01 5.720662474632263184e-01 2.673155367374420166e-01 5.458726286888122559e-01
4.683797955513000488e-01 1.292578577995300293e-01 9.264406561851501465e-02 1.127916872501373291e-01
5.773965269327163696e-02 8.016779422760009766e-01 2.558528184890747070e-01 7.579058408737182617e-02
7.773597240447998047e-01 3.467057347297668457e-01 5.332115888595581055e-01 5.674654245376586914e-01
2.346009016036987305e-02 2.487384527921676636e-01 1.049301028251647949e-01 1.678800024092197418e-02
8.132247328758239746e-01 3.719662725925445557e-01 3.154998645186424255e-02 5.041628330945968628e-02
8.276997804641723633e-01 2.367119044065475464e-01 7.789720296859741211e-01 2.232085466384887695e-01
9.769212603569030762e-01 1.781621277332305908e-01 9.654349833726882935e-02 1.148742623627185822e-02
7.433261871337890625e-01 9.965643286705017090e-01 6.616395711898803711e-01 6.807211320847272873e-03
4.434352815151214600e-01 8.666793704032897949e-01 1.913031041622161865e-01 2.263529598712921143e-01
9.575772881507873535e-01 7.391972541809082031e-01 8.349207639694213867e-01 4.812744259834289551e-02
9.734482765197753906e-01 4.854610860347747803e-01 4.308482408523559570e-01 8.127472549676895142e-02
8.594036102294921875e-01 9.160609245300292969e-01 6.065054535865783691e-01 1.052446439862251282e-01
5.879421234130859375e-01 2.306867390871047974e-01 4.841883182525634766e-01 6.370018720626831055e-01
9.335326552391052246e-01 5.189796686172485352e-01 8.000721335411071777e-01 1.215929239988327026e-01
2.191004604101181030e-01 5.301946401596069336e-01 5.700942873954772949e-01 6.171172261238098145e-01
1.654713600873947144e-01 9.371141791343688965e-01 9.723433256149291992e-01 8.460758253931999207e-03
4.252221584320068359e-01 4.324292838573455811e-01 2.686158418655395508e-01 7.103917598724365234e-01
1.949293017387390137e-01 5.103250145912170410e-01 2.758015394210815430e-01 4.378075301647186279e-01
3.862752616405487061e-01 4.046355485916137695e-01 8.532033562660217285e-01 3.983296453952789307e-01
3.903078138828277588e-01 9.569383263587951660e-01 8.049965500831604004e-01 7.299264520406723022e-02
2.436991184949874878e-01 9.580488204956054688e-01 4.096347391605377197e-01 8.741993457078933716e-02
8.074711263179779053e-02 9.014438390731811523e-01 3.760472238063812256e-01 7.074332237243652344e-02
4.945139214396476746e-02 5.665339827537536621e-01 2.015868276357650757e-01 8.957893401384353638e-02
3.027987778186798096e-01 5.199328660964965820e-01 2.277164459228515625e-01 5.329679250717163086e-01
9.948713183403015137e-01 4.605411887168884277e-01 5.768281817436218262e-01 1.552447117865085602e-02
6.801503896713256836e-01 7.114384770393371582e-01 8.446668386459350586e-01 3.116030693054199219e-01
4.574577212333679199e-01 5.557725429534912109e-01 9.084695577621459961e-01 2.767722308635711670e-01
3.981457352638244629e-01 5.606826022267341614e-02 2.575560808181762695e-01 1.203783601522445679e-01
5.999145507812500000e-01 3.501407802104949951e-01 1.967956498265266418e-02 5.237349867820739746e-02
6.436969041824340820e-01 9.551439881324768066e-01 6.968086361885070801e-01 1.029853895306587219e-01
5.607025027275085449e-01 6.083946228027343750e-01 4.108553826808929443e-01 8.894323706626892090e-01
4.319130182266235352e-01 7.464786171913146973e-01 7.582470029592514038e-02 1.648428738117218018e-01
8.123438358306884766e-01 2.444129437208175659e-01 2.621516883373260498e-01 2.832901775836944580e-01
8.867011070251464844e-01 7.040392756462097168e-01 3.708130121231079102e-01 2.566083371639251709e-01
4.161145165562629700e-02 9.304758310317993164e-01 5.715246200561523438e-01 2.753560990095138550e-02
6.011776328086853027e-01 6.743496656417846680e-01 5.998076200485229492e-01 7.714020013809204102e-01
1.755992472171783447e-01 9.315494894981384277e-01 7.827528119087219238e-01 7.054048031568527222e-02
8.928716778755187988e-01 3.898372650146484375e-01 1.924783140420913696e-01 1.766093820333480835e-01
1.802640408277511597e-01 3.539493381977081299e-01 4.511382430791854858e-02 6.794861704111099243e-02
4.160452187061309814e-01 2.611493505537509918e-02 9.526378512382507324e-01 1.172855030745267868e-02
2.869379520416259766e-01 3.581137061119079590e-01 8.245758414268493652e-01 3.705207407474517822e-01
5.313987731933593750e-01 7.083374857902526855e-01 9.096785187721252441e-01 2.210259288549423218e-01
9.204506278038024902e-01 2.292887717485427856e-01 3.033760562539100647e-02 1.552505325525999069e-02
4.749912917613983154e-01 5.764780044555664062e-01 2.546480000019073486e-01 6.946012973785400391e-01
6.427270770072937012e-01 2.494560629129409790e-01 9.342281818389892578e-01 1.305063515901565552e-01
8.205836415290832520e-01 5.051841139793395996e-01 8.472895026206970215e-01 2.465691119432449341e-01
7.213211655616760254e-01 1.971858739852905273e-01 1.656789332628250122e-01 2.217146903276443481e-01
7.471395730972290039e-01 2.427917867898941040e-01 3.180634081363677979e-01 4.145720005035400391e-01
9.256276488304138184e-01 6.234815120697021484e-01 6.280272006988525391e-01 1.972203254699707031e-01
5.702303051948547363e-01 6.242376565933227539e-01 8.020282387733459473e-01 5.257403254508972168e-01
9.679662585258483887e-01 5.947987437248229980e-01 3.947665691375732422e-01 9.084336459636688232e-02
7.015982270240783691e-01 6.567381024360656738e-01 4.347496628761291504e-01 6.954225897789001465e-01
8.877788782119750977e-01 9.531887769699096680e-01 2.184681594371795654e-01 3.206365182995796204e-02
1.078578233718872070e-01 8.775091767311096191e-01 6.584194302558898926e-01 1.096414253115653992e-01
7.458488941192626953e-01 7.910563349723815918e-01 2.666954696178436279e-01 3.248735964298248291e-01
7.679784893989562988e-01 2.579489946365356445e-01 3.620423376560211182e-01 4.379703700542449951e-01
3.616974055767059326e-01 5.204131007194519043e-01 5.044766664505004883e-01 9.051305055618286133e-01
8.157699704170227051e-01 8.643380552530288696e-02 4.114965796470642090e-01 1.410789489746093750e-01
1.890744417905807495e-01 8.768976330757141113e-01 8.870360851287841797e-01 7.335120439529418945e-02
6.322015523910522461e-01 5.864799022674560547e-01 6.353637576103210449e-01 8.029179573059082031e-01
2.753963470458984375e-01 9.566156566143035889e-02 8.139492869377136230e-01 1.243374273180961609e-01
3.484745025634765625e-01 9.415053725242614746e-01 4.013563990592956543e-01 1.546806693077087402e-01
4.915841221809387207e-01 1.013148874044418335e-01 8.365148305892944336e-01 1.537012159824371338e-01
4.203489422798156738e-01 5.113976597785949707e-01 8.851857185363769531e-01 3.417178094387054443e-01
3.438661992549896240e-01 5.468719005584716797e-01 3.695467114448547363e-01 8.002900481224060059e-01
9.902225136756896973e-01 1.546976119279861450e-01 3.161281049251556396e-01 1.201771106570959091e-02
1.327892392873764038e-01 1.143960580229759216e-01 6.463109850883483887e-01 1.277092993259429932e-01
4.283500015735626221e-01 5.993755459785461426e-01 5.144013762474060059e-01 9.267039895057678223e-01
5.646841526031494141e-01 1.824335753917694092e-01 5.852345824241638184e-01 5.121809840202331543e-01
9.643403291702270508e-01 2.260234653949737549e-01 4.155102670192718506e-01 7.032503187656402588e-02
6.472711563110351562e-01 8.543564379215240479e-02 1.455366313457489014e-01 1.047620102763175964e-01
8.740606158971786499e-02 8.391211628913879395e-01 9.376133680343627930e-01 2.556677907705307007e-02
1.367372423410415649e-01 8.707250952720642090e-01 3.777603805065155029e-01 1.525498628616333008e-01
9.076936841011047363e-01 1.758130639791488647e-01 2.761766016483306885e-01 1.144402101635932922e-01
9.985987544059753418e-01 9.249879717826843262e-01 1.563864052295684814e-01 4.848906537517905235e-04
5.576420426368713379e-01 3.547434508800506592e-02 2.052599936723709106e-01 6.575550884008407593e-02
5.235944390296936035e-01 1.883003264665603638e-01 4.689034819602966309e-01 5.534760355949401855e-01
6.971062421798706055e-01 3.705559074878692627e-01 5.929887294769287109e-01 7.162281274795532227e-01
2.912309467792510986e-01 6.753555536270141602e-01 5.141184478998184204e-02 1.085928305983543396e-01
1.430338770151138306e-01 5.266064032912254333e-02 6.733984947204589844e-01 6.118205934762954712e-02
8.888337612152099609e-01 9.188222289085388184e-01 6.980581879615783691e-01 7.014510780572891235e-02
6.779462695121765137e-01 2.398360073566436768e-01 2.931520640850067139e-01 4.618021845817565918e-01
9.003757834434509277e-01 8.235684037208557129e-01 6.005352735519409180e-01 1.540373265743255615e-01
8.456120491027832031e-01 1.037406325340270996e-01 3.056886196136474609e-01 1.223135069012641907e-01
4.585945606231689453e-01 4.170601367950439453e-01 8.052013814449310303e-02 2.397813498973846436e-01
9.821482896804809570e-01 5.488625168800354004e-01 8.566268682479858398e-01 2.411546744406223297e-02
9.531695246696472168e-01 1.903649121522903442e-01 1.490280404686927795e-02 3.862800542265176773e-03
2.503217458724975586e-01 1.709909439086914062e-01 4.335603117942810059e-01 3.543438017368316650e-01
7.359973341226577759e-02 4.494616091251373291e-01 8.761321306228637695e-01 8.585075289011001587e-02
7.704814076423645020e-01 8.656489849090576172e-01 5.259730815887451172e-01 2.695449590682983398e-01
9.216234683990478516e-01 4.219978749752044678e-01 4.004474356770515442e-02 2.966983988881111145e-02
9.145470857620239258e-01 7.261451482772827148e-01 7.134280800819396973e-01 1.575424075126647949e-01
8.789539337158203125e-01 7.234293818473815918e-01 3.261967897415161133e-01 2.422205358743667603e-01
3.042455613613128662e-01 1.281143277883529663e-01 5.464047789573669434e-01 3.165440857410430908e-01
8.016120195388793945e-01 4.754945635795593262e-01 2.290016561746597290e-01 3.834806084632873535e-01
6.245681047439575195e-01 9.449365139007568359e-01 8.386788368225097656e-01 7.723102718591690063e-02
2.386369705200195312e-01 6.159961819648742676e-01 9.611224532127380371e-01 7.756824791431427002e-02
4.302511811256408691e-01 7.171196490526199341e-02 5.120572447776794434e-01 2.178908735513687134e-01
6.525377035140991211e-01 3.278615474700927734e-01 4.900812804698944092e-01 7.603659033775329590e-01
7.497516870498657227e-01 2.105027139186859131e-01 6.571355462074279785e-01 3.827214539051055908e-01
2.213714122772216797e-01 6.490518450736999512e-01 7.845801711082458496e-01 3.580803871154785156e-01
2.305712318047881126e-03 5.539910197257995605e-01 4.290725886821746826e-01 6.963084451854228973e-03
6.616860628128051758e-01 5.493906736373901367e-01 6.810629367828369141e-01 7.273133993148803711e-01
6.122601032257080078e-01 4.715416133403778076e-01 9.036308526992797852e-01 2.786805629730224609e-01
8.506496548652648926e-01 2.159119248390197754e-01 4.532827734947204590e-01 2.806761264801025391e-01
