# x, y
5.000000000000000000e-01 0.000000000000000000e+00 0.000000000000000000e+00
2.500000000000000000e-01 0.000000000000000000e+00 0.000000000000000000e+00
7.500000000000000000e-01 0.000000000000000000e+00 0.000000000000000000e+00
1.250000000000000000e-01 0.000000000000000000e+00 0.000000000000000000e+00
6.250000000000000000e-01 0.000000000000000000e+00 0.000000000000000000e+00
3.750000000000000000e-01 0.000000000000000000e+00 0.000000000000000000e+00
8.750000000000000000e-01 0.000000000000000000e+00 0.000000000000000000e+00
6.250000000000000000e-02 0.000000000000000000e+00 0.000000000000000000e+00
5.625000000000000000e-01 0.000000000000000000e+00 0.000000000000000000e+00
3.125000000000000000e-01 0.000000000000000000e+00 0.000000000000000000e+00
8.125000000000000000e-01 0.000000000000000000e+00 0.000000000000000000e+00
1.875000000000000000e-01 0.000000000000000000e+00 0.000000000000000000e+00
6.875000000000000000e-01 0.000000000000000000e+00 0.000000000000000000e+00
4.375000000000000000e-01 0.000000000000000000e+00 0.000000000000000000e+00
9.375000000000000000e-01 0.000000000000000000e+00 0.000000000000000000e+00
3.125000000000000000e-02 0.000000000000000000e+00 0.000000000000000000e+00
5.312500000000000000e-01 0.000000000000000000e+00 0.000000000000000000e+00
2.812500000000000000e-01 0.000000000000000000e+00 0.000000000000000000e+00
7.812500000000000000e-01 0.000000000000000000e+00 0.000000000000000000e+00
1.562500000000000000e-01 0.000000000000000000e+00 0.000000000000000000e+00
6.562500000000000000e-01 0.000000000000000000e+00 0.000000000000000000e+00
4.062500000000000000e-01 0.000000000000000000e+00 0.000000000000000000e+00
9.062500000000000000e-01 0.000000000000000000e+00 0.000000000000000000e+00
9.375000000000000000e-02 0.000000000000000000e+00 0.000000000000000000e+00
5.937500000000000000e-01 0.000000000000000000e+00 0.000000000000000000e+00
3.437500000000000000e-01 0.000000000000000000e+00 0.000000000000000000e+00
8.437500000000000000e-01 0.000000000000000000e+00 0.000000000000000000e+00
2.187500000000000000e-01 0.000000000000000000e+00 0.000000000000000000e+00
7.187500000000000000e-01 0.000000000000000000e+00 0.000000000000000000e+00
4.687500000000000000e-01 0.000000000000000000e+00 0.000000000000000000e+00
9.687500000000000000e-01 0.000000000000000000e+00 0.000000000000000000e+00
1.562500000000000000e-02 0.000000000000000000e+00 0.000000000000000000e+00
5.156250000000000000e-01 0.000000000000000000e+00 0.000000000000000000e+00
2.656250000000000000e-01 0.000000000000000000e+00 0.000000000000000000e+00
7.656250000000000000e-01 0.000000000000000000e+00 0.000000000000000000e+00
1.406250000000000000e-01 0.000000000000000000e+00 0.000000000000000000e+00
6.406250000000000000e-01 0.000000000000000000e+00 0.000000000000000000e+00
3.906250000000000000e-01 0.000000000000000000e+00 0.000000000000000000e+00
8.906250000000000000e-01 0.000000000000000000e+00 0.000000000000000000e+00
7.812500000000000000e-02 0.000000000000000000e+00 0.000000000000000000e+00
5.781250000000000000e-01 0.000000000000000000e+00 0.000000000000000000e+00
3.281250000000000000e-01 0.000000000000000000e+00 0.000000000000000000e+00
8.281250000000000000e-01 0.000000000000000000e+00 0.000000000000000000e+00
2.031250000000000000e-01 0.000000000000000000e+00 0.000000000000000000e+00
7.031250000000000000e-01 0.000000000000000000e+00 0.000000000000000000e+00
4.531250000000000000e-01 0.000000000000000000e+00 0.000000000000000000e+00
9.531250000000000000e-01 0.000000000000000000e+00 0.000000000000000000e+00
4.687500000000000000e-02 0.000000000000000000e+00 0.000000000000000000e+00
5.468750000000000000e-01 0.000000000000000000e+00 0.000000000000000000e+00
2.968750000000000000e-01 0.000000000000000000e+00 0.000000000000000000e+00
7.968750000000000000e-01 0.000000000000000000e+00 0.000000000000000000e+00
1.718750000000000000e-01 0.000000000000000000e+00 0.000000000000000000e+00
6.718750000000000000e-01 0.000000000000000000e+00 0.000000000000000000e+00
4.218750000000000000e-01 0.000000000000000000e+00 0.000000000000000000e+00
9.218750000000000000e-01 0.000000000000000000e+00 0.000000000000000000e+00
1.093750000000000000e-01 0.000000000000000000e+00 0.000000000000000000e+00
6.093750000000000000e-01 0.000000000000000000e+00 0.000000000000000000e+00
3.593750000000000000e-01 0.000000000000000000e+00 0.000000000000000000e+00
8.593750000000000000e-01 0.000000000000000000e+00 0.000000000000000000e+00
2.343750000000000000e-01 0.000000000000000000e+00 0.000000000000000000e+00
7.343750000000000000e-01 0.000000000000000000e+00 0.000000000000000000e+00
4.843750000000000000e-01 0.000000000000000000e+00 0.000000000000000000e+00
9.843750000000000000e-01 0.000000000000000000e+00 0.000000000000000000e+00
1.000000000000000000e+00 1.000000000000000000e+00 0.000000000000000000e+00
5.000000000000000000e-01 1.000000000000000000e+00 0.000000000000000000e+00
1.000000000000000000e+00 5.000000000000000000e-01 0.000000000000000000e+00
0.000000000000000000e+00 5.000000000000000000e-01 0.000000000000000000e+00
7.500000000000000000e-01 1.000000000000000000e+00 0.000000000000000000e+00
1.000000000000000000e+00 2.500000000000000000e-01 0.000000000000000000e+00
0.000000000000000000e+00 7.500000000000000000e-01 0.000000000000000000e+00
2.500000000000000000e-01 1.000000000000000000e+00 0.000000000000000000e+00
1.000000000000000000e+00 7.500000000000000000e-01 0.000000000000000000e+00
0.000000000000000000e+00 2.500000000000000000e-01 0.000000000000000000e+00
8.750000000000000000e-01 1.000000000000000000e+00 0.000000000000000000e+00
1.000000000000000000e+00 1.250000000000000000e-01 0.000000000000000000e+00
0.000000000000000000e+00 8.750000000000000000e-01 0.000000000000000000e+00
3.750000000000000000e-01 1.000000000000000000e+00 0.000000000000000000e+00
1.000000000000000000e+00 6.250000000000000000e-01 0.000000000000000000e+00
0.000000000000000000e+00 3.750000000000000000e-01 0.000000000000000000e+00
6.250000000000000000e-01 1.000000000000000000e+00 0.000000000000000000e+00
1.000000000000000000e+00 3.750000000000000000e-01 0.000000000000000000e+00
0.000000000000000000e+00 6.250000000000000000e-01 0.000000000000000000e+00
1.250000000000000000e-01 1.000000000000000000e+00 0.000000000000000000e+00
1.000000000000000000e+00 8.750000000000000000e-01 0.000000000000000000e+00
0.000000000000000000e+00 1.250000000000000000e-01 0.000000000000000000e+00
9.375000000000000000e-01 1.000000000000000000e+00 0.000000000000000000e+00
1.000000000000000000e+00 6.250000000000000000e-02 0.000000000000000000e+00
0.000000000000000000e+00 9.375000000000000000e-01 0.000000000000000000e+00
4.375000000000000000e-01 1.000000000000000000e+00 0.000000000000000000e+00
1.000000000000000000e+00 5.625000000000000000e-01 0.000000000000000000e+00
0.000000000000000000e+00 4.375000000000000000e-01 0.000000000000000000e+00
6.875000000000000000e-01 1.000000000000000000e+00 0.000000000000000000e+00
1.000000000000000000e+00 3.125000000000000000e-01 0.000000000000000000e+00
0.000000000000000000e+00 6.875000000000000000e-01 0.000000000000000000e+00
1.875000000000000000e-01 1.000000000000000000e+00 0.000000000000000000e+00
1.000000000000000000e+00 8.125000000000000000e-01 0.000000000000000000e+00
0.000000000000000000e+00 1.875000000000000000e-01 0.000000000000000000e+00
8.125000000000000000e-01 1.000000000000000000e+00 0.000000000000000000e+00
1.000000000000000000e+00 1.875000000000000000e-01 0.000000000000000000e+00
0.000000000000000000e+00 8.125000000000000000e-01 0.000000000000000000e+00
3.125000000000000000e-01 1.000000000000000000e+00 0.000000000000000000e+00
1.000000000000000000e+00 6.875000000000000000e-01 0.000000000000000000e+00
0.000000000000000000e+00 3.125000000000000000e-01 0.000000000000000000e+00
5.625000000000000000e-01 1.000000000000000000e+00 0.000000000000000000e+00
1.000000000000000000e+00 4.375000000000000000e-01 0.000000000000000000e+00
0.000000000000000000e+00 5.625000000000000000e-01 0.000000000000000000e+00
6.250000000000000000e-02 1.000000000000000000e+00 0.000000000000000000e+00
1.000000000000000000e+00 9.375000000000000000e-01 0.000000000000000000e+00
0.000000000000000000e+00 6.250000000000000000e-02 0.000000000000000000e+00
9.687500000000000000e-01 1.000000000000000000e+00 0.000000000000000000e+00
1.000000000000000000e+00 3.125000000000000000e-02 0.000000000000000000e+00
0.000000000000000000e+00 9.687500000000000000e-01 0.000000000000000000e+00
4.687500000000000000e-01 1.000000000000000000e+00 0.000000000000000000e+00
1.000000000000000000e+00 5.312500000000000000e-01 0.000000000000000000e+00
0.000000000000000000e+00 4.687500000000000000e-01 0.000000000000000000e+00
7.187500000000000000e-01 1.000000000000000000e+00 0.000000000000000000e+00
1.000000000000000000e+00 2.812500000000000000e-01 0.000000000000000000e+00
0.000000000000000000e+00 7.187500000000000000e-01 0.000000000000000000e+00
2.187500000000000000e-01 1.000000000000000000e+00 0.000000000000000000e+00
1.000000000000000000e+00 7.812500000000000000e-01 0.000000000000000000e+00
0.000000000000000000e+00 2.187500000000000000e-01 0.000000000000000000e+00
8.437500000000000000e-01 1.000000000000000000e+00 0.000000000000000000e+00
1.000000000000000000e+00 1.562500000000000000e-01 0.000000000000000000e+00
0.000000000000000000e+00 8.437500000000000000e-01 0.000000000000000000e+00
3.437500000000000000e-01 1.000000000000000000e+00 0.000000000000000000e+00
1.000000000000000000e+00 6.562500000000000000e-01 0.000000000000000000e+00
0.000000000000000000e+00 3.437500000000000000e-01 0.000000000000000000e+00
5.937500000000000000e-01 1.000000000000000000e+00 0.000000000000000000e+00
1.000000000000000000e+00 4.062500000000000000e-01 0.000000000000000000e+00
0.000000000000000000e+00 5.937500000000000000e-01 0.000000000000000000e+00
9.375000000000000000e-02 1.000000000000000000e+00 0.000000000000000000e+00
1.000000000000000000e+00 9.062500000000000000e-01 0.000000000000000000e+00
0.000000000000000000e+00 9.375000000000000000e-02 0.000000000000000000e+00
9.062500000000000000e-01 1.000000000000000000e+00 0.000000000000000000e+00
1.000000000000000000e+00 9.375000000000000000e-02 0.000000000000000000e+00
0.000000000000000000e+00 9.062500000000000000e-01 0.000000000000000000e+00
4.062500000000000000e-01 1.000000000000000000e+00 0.000000000000000000e+00
1.000000000000000000e+00 5.937500000000000000e-01 0.000000000000000000e+00
0.000000000000000000e+00 4.062500000000000000e-01 0.000000000000000000e+00
6.562500000000000000e-01 1.000000000000000000e+00 0.000000000000000000e+00
1.000000000000000000e+00 3.437500000000000000e-01 0.000000000000000000e+00
0.000000000000000000e+00 6.562500000000000000e-01 0.000000000000000000e+00
1.562500000000000000e-01 1.000000000000000000e+00 0.000000000000000000e+00
1.000000000000000000e+00 8.437500000000000000e-01 0.000000000000000000e+00
0.000000000000000000e+00 1.562500000000000000e-01 0.000000000000000000e+00
7.812500000000000000e-01 1.000000000000000000e+00 0.000000000000000000e+00
1.000000000000000000e+00 2.187500000000000000e-01 0.000000000000000000e+00
0.000000000000000000e+00 7.812500000000000000e-01 0.000000000000000000e+00
2.812500000000000000e-01 1.000000000000000000e+00 0.000000000000000000e+00
1.000000000000000000e+00 7.187500000000000000e-01 0.000000000000000000e+00
0.000000000000000000e+00 2.812500000000000000e-01 0.000000000000000000e+00
5.312500000000000000e-01 1.000000000000000000e+00 0.000000000000000000e+00
1.000000000000000000e+00 4.687500000000000000e-01 0.000000000000000000e+00
0.000000000000000000e+00 5.312500000000000000e-01 0.000000000000000000e+00
3.125000000000000000e-02 1.000000000000000000e+00 0.000000000000000000e+00
1.000000000000000000e+00 9.687500000000000000e-01 0.000000000000000000e+00
0.000000000000000000e+00 3.125000000000000000e-02 0.000000000000000000e+00
9.843750000000000000e-01 1.000000000000000000e+00 0.000000000000000000e+00
1.000000000000000000e+00 1.562500000000000000e-02 0.000000000000000000e+00
0.000000000000000000e+00 9.843750000000000000e-01 0.000000000000000000e+00
4.843750000000000000e-01 1.000000000000000000e+00 0.000000000000000000e+00
1.000000000000000000e+00 5.156250000000000000e-01 0.000000000000000000e+00
0.000000000000000000e+00 4.843750000000000000e-01 0.000000000000000000e+00
7.343750000000000000e-01 1.000000000000000000e+00 0.000000000000000000e+00
1.000000000000000000e+00 2.656250000000000000e-01 0.000000000000000000e+00
0.000000000000000000e+00 7.343750000000000000e-01 0.000000000000000000e+00
2.343750000000000000e-01 1.000000000000000000e+00 0.000000000000000000e+00
1.000000000000000000e+00 7.656250000000000000e-01 0.000000000000000000e+00
0.000000000000000000e+00 2.343750000000000000e-01 0.000000000000000000e+00
8.593750000000000000e-01 1.000000000000000000e+00 0.000000000000000000e+00
1.000000000000000000e+00 1.406250000000000000e-01 0.000000000000000000e+00
0.000000000000000000e+00 8.593750000000000000e-01 0.000000000000000000e+00
3.593750000000000000e-01 1.000000000000000000e+00 0.000000000000000000e+00
1.000000000000000000e+00 6.406250000000000000e-01 0.000000000000000000e+00
0.000000000000000000e+00 3.593750000000000000e-01 0.000000000000000000e+00
6.093750000000000000e-01 1.000000000000000000e+00 0.000000000000000000e+00
1.000000000000000000e+00 3.906250000000000000e-01 0.000000000000000000e+00
0.000000000000000000e+00 6.093750000000000000e-01 0.000000000000000000e+00
1.093750000000000000e-01 1.000000000000000000e+00 0.000000000000000000e+00
1.000000000000000000e+00 8.906250000000000000e-01 0.000000000000000000e+00
0.000000000000000000e+00 1.093750000000000000e-01 0.000000000000000000e+00
9.218750000000000000e-01 1.000000000000000000e+00 0.000000000000000000e+00
1.000000000000000000e+00 7.812500000000000000e-02 0.000000000000000000e+00
0.000000000000000000e+00 9.218750000000000000e-01 0.000000000000000000e+00
4.218750000000000000e-01 1.000000000000000000e+00 0.000000000000000000e+00
1.000000000000000000e+00 5.781250000000000000e-01 0.000000000000000000e+00
0.000000000000000000e+00 4.218750000000000000e-01 0.000000000000000000e+00
6.718750000000000000e-01 1.000000000000000000e+00 0.000000000000000000e+00
1.000000000000000000e+00 3.281250000000000000e-01 0.000000000000000000e+00
0.000000000000000000e+00 6.718750000000000000e-01 0.000000000000000000e+00
1.718750000000000000e-01 1.000000000000000000e+00 0.000000000000000000e+00
1.000000000000000000e+00 8.281250000000000000e-01 0.000000000000000000e+00
0.000000000000000000e+00 1.718750000000000000e-01 0.000000000000000000e+00
7.968750000000000000e-01 1.000000000000000000e+00 0.000000000000000000e+00
1.000000000000000000e+00 2.031250000000000000e-01 0.000000000000000000e+00
0.000000000000000000e+00 7.968750000000000000e-01 0.000000000000000000e+00
2.968750000000000000e-01 1.000000000000000000e+00 0.000000000000000000e+00
1.000000000000000000e+00 7.031250000000000000e-01 0.000000000000000000e+00
0.000000000000000000e+00 2.968750000000000000e-01 0.000000000000000000e+00
5.468750000000000000e-01 1.000000000000000000e+00 0.000000000000000000e+00
1.000000000000000000e+00 4.531250000000000000e-01 0.000000000000000000e+00
0.000000000000000000e+00 5.468750000000000000e-01 0.000000000000000000e+00
4.687500000000000000e-02 1.000000000000000000e+00 0.000000000000000000e+00
1.000000000000000000e+00 9.531250000000000000e-01 0.000000000000000000e+00
0.000000000000000000e+00 4.687500000000000000e-02 0.000000000000000000e+00
9.531250000000000000e-01 1.000000000000000000e+00 0.000000000000000000e+00
1.000000000000000000e+00 4.687500000000000000e-02 0.000000000000000000e+00
0.000000000000000000e+00 9.531250000000000000e-01 0.000000000000000000e+00
4.531250000000000000e-01 1.000000000000000000e+00 0.000000000000000000e+00
1.000000000000000000e+00 5.468750000000000000e-01 0.000000000000000000e+00
0.000000000000000000e+00 4.531250000000000000e-01 0.000000000000000000e+00
7.031250000000000000e-01 1.000000000000000000e+00 0.000000000000000000e+00
1.000000000000000000e+00 2.968750000000000000e-01 0.000000000000000000e+00
0.000000000000000000e+00 7.031250000000000000e-01 0.000000000000000000e+00
2.031250000000000000e-01 1.000000000000000000e+00 0.000000000000000000e+00
1.000000000000000000e+00 7.968750000000000000e-01 0.000000000000000000e+00
0.000000000000000000e+00 2.031250000000000000e-01 0.000000000000000000e+00
8.281250000000000000e-01 1.000000000000000000e+00 0.000000000000000000e+00
1.000000000000000000e+00 1.718750000000000000e-01 0.000000000000000000e+00
0.000000000000000000e+00 8.281250000000000000e-01 0.000000000000000000e+00
3.281250000000000000e-01 1.000000000000000000e+00 0.000000000000000000e+00
1.000000000000000000e+00 6.718750000000000000e-01 0.000000000000000000e+00
0.000000000000000000e+00 3.281250000000000000e-01 0.000000000000000000e+00
5.781250000000000000e-01 1.000000000000000000e+00 0.000000000000000000e+00
1.000000000000000000e+00 4.218750000000000000e-01 0.000000000000000000e+00
0.000000000000000000e+00 5.781250000000000000e-01 0.000000000000000000e+00
7.812500000000000000e-02 1.000000000000000000e+00 0.000000000000000000e+00
1.000000000000000000e+00 9.218750000000000000e-01 0.000000000000000000e+00
0.000000000000000000e+00 7.812500000000000000e-02 0.000000000000000000e+00
8.906250000000000000e-01 1.000000000000000000e+00 0.000000000000000000e+00
1.000000000000000000e+00 1.093750000000000000e-01 0.000000000000000000e+00
0.000000000000000000e+00 8.906250000000000000e-01 0.000000000000000000e+00
3.906250000000000000e-01 1.000000000000000000e+00 0.000000000000000000e+00
1.000000000000000000e+00 6.093750000000000000e-01 0.000000000000000000e+00
0.000000000000000000e+00 3.906250000000000000e-01 0.000000000000000000e+00
6.406250000000000000e-01 1.000000000000000000e+00 0.000000000000000000e+00
1.000000000000000000e+00 3.593750000000000000e-01 0.000000000000000000e+00
0.000000000000000000e+00 6.406250000000000000e-01 0.000000000000000000e+00
1.406250000000000000e-01 1.000000000000000000e+00 0.000000000000000000e+00
1.000000000000000000e+00 8.593750000000000000e-01 0.000000000000000000e+00
0.000000000000000000e+00 1.406250000000000000e-01 0.000000000000000000e+00
7.656250000000000000e-01 1.000000000000000000e+00 0.000000000000000000e+00
1.000000000000000000e+00 2.343750000000000000e-01 0.000000000000000000e+00
0.000000000000000000e+00 7.656250000000000000e-01 0.000000000000000000e+00
2.656250000000000000e-01 1.000000000000000000e+00 0.000000000000000000e+00
1.000000000000000000e+00 7.343750000000000000e-01 0.000000000000000000e+00
0.000000000000000000e+00 2.656250000000000000e-01 0.000000000000000000e+00
5.156250000000000000e-01 1.000000000000000000e+00 0.000000000000000000e+00
1.000000000000000000e+00 4.843750000000000000e-01 0.000000000000000000e+00
0.000000000000000000e+00 5.156250000000000000e-01 0.000000000000000000e+00
1.000000000000000000e+00 1.000000000000000000e+00 0.000000000000000000e+00
5.000000000000000000e-01 0.000000000000000000e+00 0.000000000000000000e+00
5.000000000000000000e-01 1.000000000000000000e+00 0.000000000000000000e+00
1.000000000000000000e+00 5.000000000000000000e-01 0.000000000000000000e+00
0.000000000000000000e+00 5.000000000000000000e-01 0.000000000000000000e+00
2.500000000000000000e-01 0.000000000000000000e+00 0.000000000000000000e+00
7.500000000000000000e-01 1.000000000000000000e+00 0.000000000000000000e+00
1.000000000000000000e+00 2.500000000000000000e-01 0.000000000000000000e+00
0.000000000000000000e+00 7.500000000000000000e-01 0.000000000000000000e+00
7.500000000000000000e-01 0.000000000000000000e+00 0.000000000000000000e+00
2.500000000000000000e-01 1.000000000000000000e+00 0.000000000000000000e+00
1.000000000000000000e+00 7.500000000000000000e-01 0.000000000000000000e+00
0.000000000000000000e+00 2.500000000000000000e-01 0.000000000000000000e+00
1.250000000000000000e-01 0.000000000000000000e+00 0.000000000000000000e+00
8.750000000000000000e-01 1.000000000000000000e+00 0.000000000000000000e+00
1.000000000000000000e+00 1.250000000000000000e-01 0.000000000000000000e+00
0.000000000000000000e+00 8.750000000000000000e-01 0.000000000000000000e+00
6.250000000000000000e-01 0.000000000000000000e+00 0.000000000000000000e+00
3.750000000000000000e-01 1.000000000000000000e+00 0.000000000000000000e+00
1.000000000000000000e+00 6.250000000000000000e-01 0.000000000000000000e+00
0.000000000000000000e+00 3.750000000000000000e-01 0.000000000000000000e+00
3.750000000000000000e-01 0.000000000000000000e+00 0.000000000000000000e+00
6.250000000000000000e-01 1.000000000000000000e+00 0.000000000000000000e+00
1.000000000000000000e+00 3.750000000000000000e-01 0.000000000000000000e+00
0.000000000000000000e+00 6.250000000000000000e-01 0.000000000000000000e+00
8.750000000000000000e-01 0.000000000000000000e+00 0.000000000000000000e+00
1.250000000000000000e-01 1.000000000000000000e+00 0.000000000000000000e+00
1.000000000000000000e+00 8.750000000000000000e-01 0.000000000000000000e+00
0.000000000000000000e+00 1.250000000000000000e-01 0.000000000000000000e+00
6.250000000000000000e-02 0.000000000000000000e+00 0.000000000000000000e+00
9.375000000000000000e-01 1.000000000000000000e+00 0.000000000000000000e+00
1.000000000000000000e+00 6.250000000000000000e-02 0.000000000000000000e+00
0.000000000000000000e+00 9.375000000000000000e-01 0.000000000000000000e+00
5.625000000000000000e-01 0.000000000000000000e+00 0.000000000000000000e+00
4.375000000000000000e-01 1.000000000000000000e+00 0.000000000000000000e+00
1.000000000000000000e+00 5.625000000000000000e-01 0.000000000000000000e+00
0.000000000000000000e+00 4.375000000000000000e-01 0.000000000000000000e+00
3.125000000000000000e-01 0.000000000000000000e+00 0.000000000000000000e+00
6.875000000000000000e-01 1.000000000000000000e+00 0.000000000000000000e+00
1.000000000000000000e+00 3.125000000000000000e-01 0.000000000000000000e+00
0.000000000000000000e+00 6.875000000000000000e-01 0.000000000000000000e+00
8.125000000000000000e-01 0.000000000000000000e+00 0.000000000000000000e+00
1.875000000000000000e-01 1.000000000000000000e+00 0.000000000000000000e+00
1.000000000000000000e+00 8.125000000000000000e-01 0.000000000000000000e+00
0.000000000000000000e+00 1.875000000000000000e-01 0.000000000000000000e+00
1.875000000000000000e-01 0.000000000000000000e+00 0.000000000000000000e+00
8.125000000000000000e-01 1.000000000000000000e+00 0.000000000000000000e+00
1.000000000000000000e+00 1.875000000000000000e-01 0.000000000000000000e+00
0.000000000000000000e+00 8.125000000000000000e-01 0.000000000000000000e+00
6.875000000000000000e-01 0.000000000000000000e+00 0.000000000000000000e+00
3.125000000000000000e-01 1.000000000000000000e+00 0.000000000000000000e+00
1.000000000000000000e+00 6.875000000000000000e-01 0.000000000000000000e+00
0.000000000000000000e+00 3.125000000000000000e-01 0.000000000000000000e+00
4.375000000000000000e-01 0.000000000000000000e+00 0.000000000000000000e+00
5.625000000000000000e-01 1.000000000000000000e+00 0.000000000000000000e+00
1.000000000000000000e+00 4.375000000000000000e-01 0.000000000000000000e+00
0.000000000000000000e+00 5.625000000000000000e-01 0.000000000000000000e+00
9.375000000000000000e-01 0.000000000000000000e+00 0.000000000000000000e+00
6.250000000000000000e-02 1.000000000000000000e+00 0.000000000000000000e+00
1.000000000000000000e+00 9.375000000000000000e-01 0.000000000000000000e+00
0.000000000000000000e+00 6.250000000000000000e-02 0.000000000000000000e+00
3.125000000000000000e-02 0.000000000000000000e+00 0.000000000000000000e+00
9.687500000000000000e-01 1.000000000000000000e+00 0.000000000000000000e+00
1.000000000000000000e+00 3.125000000000000000e-02 0.000000000000000000e+00
0.000000000000000000e+00 9.687500000000000000e-01 0.000000000000000000e+00
5.312500000000000000e-01 0.000000000000000000e+00 0.000000000000000000e+00
4.687500000000000000e-01 1.000000000000000000e+00 0.000000000000000000e+00
1.000000000000000000e+00 5.312500000000000000e-01 0.000000000000000000e+00
0.000000000000000000e+00 4.687500000000000000e-01 0.000000000000000000e+00
2.812500000000000000e-01 0.000000000000000000e+00 0.000000000000000000e+00
7.187500000000000000e-01 1.000000000000000000e+00 0.000000000000000000e+00
1.000000000000000000e+00 2.812500000000000000e-01 0.000000000000000000e+00
0.000000000000000000e+00 7.187500000000000000e-01 0.000000000000000000e+00
7.812500000000000000e-01 0.000000000000000000e+00 0.000000000000000000e+00
2.187500000000000000e-01 1.000000000000000000e+00 0.000000000000000000e+00
1.000000000000000000e+00 7.812500000000000000e-01 0.000000000000000000e+00
0.000000000000000000e+00 2.187500000000000000e-01 0.000000000000000000e+00
1.562500000000000000e-01 0.000000000000000000e+00 0.000000000000000000e+00
8.437500000000000000e-01 1.000000000000000000e+00 0.000000000000000000e+00
1.000000000000000000e+00 1.562500000000000000e-01 0.000000000000000000e+00
0.000000000000000000e+00 8.437500000000000000e-01 0.000000000000000000e+00
6.562500000000000000e-01 0.000000000000000000e+00 0.000000000000000000e+00
3.437500000000000000e-01 1.000000000000000000e+00 0.000000000000000000e+00
1.000000000000000000e+00 6.562500000000000000e-01 0.000000000000000000e+00
0.000000000000000000e+00 3.437500000000000000e-01 0.000000000000000000e+00
4.062500000000000000e-01 0.000000000000000000e+00 0.000000000000000000e+00
5.937500000000000000e-01 1.000000000000000000e+00 0.000000000000000000e+00
1.000000000000000000e+00 4.062500000000000000e-01 0.000000000000000000e+00
0.000000000000000000e+00 5.937500000000000000e-01 0.000000000000000000e+00
9.062500000000000000e-01 0.000000000000000000e+00 0.000000000000000000e+00
9.375000000000000000e-02 1.000000000000000000e+00 0.000000000000000000e+00
1.000000000000000000e+00 9.062500000000000000e-01 0.000000000000000000e+00
0.000000000000000000e+00 9.375000000000000000e-02 0.000000000000000000e+00
9.375000000000000000e-02 0.000000000000000000e+00 0.000000000000000000e+00
9.062500000000000000e-01 1.000000000000000000e+00 0.000000000000000000e+00
1.000000000000000000e+00 9.375000000000000000e-02 0.000000000000000000e+00
0.000000000000000000e+00 9.062500000000000000e-01 0.000000000000000000e+00
5.937500000000000000e-01 0.000000000000000000e+00 0.000000000000000000e+00
4.062500000000000000e-01 1.000000000000000000e+00 0.000000000000000000e+00
1.000000000000000000e+00 5.937500000000000000e-01 0.000000000000000000e+00
0.000000000000000000e+00 4.062500000000000000e-01 0.000000000000000000e+00
3.437500000000000000e-01 0.000000000000000000e+00 0.000000000000000000e+00
6.562500000000000000e-01 1.000000000000000000e+00 0.000000000000000000e+00
1.000000000000000000e+00 3.437500000000000000e-01 0.000000000000000000e+00
0.000000000000000000e+00 6.562500000000000000e-01 0.000000000000000000e+00
8.437500000000000000e-01 0.000000000000000000e+00 0.000000000000000000e+00
1.562500000000000000e-01 1.000000000000000000e+00 0.000000000000000000e+00
1.000000000000000000e+00 8.437500000000000000e-01 0.000000000000000000e+00
0.000000000000000000e+00 1.562500000000000000e-01 0.000000000000000000e+00
2.187500000000000000e-01 0.000000000000000000e+00 0.000000000000000000e+00
7.812500000000000000e-01 1.000000000000000000e+00 0.000000000000000000e+00
1.000000000000000000e+00 2.187500000000000000e-01 0.000000000000000000e+00
0.000000000000000000e+00 7.812500000000000000e-01 0.000000000000000000e+00
7.187500000000000000e-01 0.000000000000000000e+00 0.000000000000000000e+00
2.812500000000000000e-01 1.000000000000000000e+00 0.000000000000000000e+00
1.000000000000000000e+00 7.187500000000000000e-01 0.000000000000000000e+00
0.000000000000000000e+00 2.812500000000000000e-01 0.000000000000000000e+00
4.687500000000000000e-01 0.000000000000000000e+00 0.000000000000000000e+00
5.312500000000000000e-01 1.000000000000000000e+00 0.000000000000000000e+00
1.000000000000000000e+00 4.687500000000000000e-01 0.000000000000000000e+00
0.000000000000000000e+00 5.312500000000000000e-01 0.000000000000000000e+00
9.687500000000000000e-01 0.000000000000000000e+00 0.000000000000000000e+00
3.125000000000000000e-02 1.000000000000000000e+00 0.000000000000000000e+00
1.000000000000000000e+00 9.687500000000000000e-01 0.000000000000000000e+00
0.000000000000000000e+00 3.125000000000000000e-02 0.000000000000000000e+00
1.562500000000000000e-02 0.000000000000000000e+00 0.000000000000000000e+00
9.843750000000000000e-01 1.000000000000000000e+00 0.000000000000000000e+00
1.000000000000000000e+00 1.562500000000000000e-02 0.000000000000000000e+00
0.000000000000000000e+00 9.843750000000000000e-01 0.000000000000000000e+00
5.156250000000000000e-01 0.000000000000000000e+00 0.000000000000000000e+00
4.843750000000000000e-01 1.000000000000000000e+00 0.000000000000000000e+00
1.000000000000000000e+00 5.156250000000000000e-01 0.000000000000000000e+00
0.000000000000000000e+00 4.843750000000000000e-01 0.000000000000000000e+00
2.656250000000000000e-01 0.000000000000000000e+00 0.000000000000000000e+00
7.343750000000000000e-01 1.000000000000000000e+00 0.000000000000000000e+00
1.000000000000000000e+00 2.656250000000000000e-01 0.000000000000000000e+00
0.000000000000000000e+00 7.343750000000000000e-01 0.000000000000000000e+00
7.656250000000000000e-01 0.000000000000000000e+00 0.000000000000000000e+00
2.343750000000000000e-01 1.000000000000000000e+00 0.000000000000000000e+00
1.000000000000000000e+00 7.656250000000000000e-01 0.000000000000000000e+00
0.000000000000000000e+00 2.343750000000000000e-01 0.000000000000000000e+00
1.406250000000000000e-01 0.000000000000000000e+00 0.000000000000000000e+00
8.593750000000000000e-01 1.000000000000000000e+00 0.000000000000000000e+00
1.000000000000000000e+00 1.406250000000000000e-01 0.000000000000000000e+00
0.000000000000000000e+00 8.593750000000000000e-01 0.000000000000000000e+00
6.406250000000000000e-01 0.000000000000000000e+00 0.000000000000000000e+00
3.593750000000000000e-01 1.000000000000000000e+00 0.000000000000000000e+00
1.000000000000000000e+00 6.406250000000000000e-01 0.000000000000000000e+00
0.000000000000000000e+00 3.593750000000000000e-01 0.000000000000000000e+00
3.906250000000000000e-01 0.000000000000000000e+00 0.000000000000000000e+00
6.093750000000000000e-01 1.000000000000000000e+00 0.000000000000000000e+00
1.000000000000000000e+00 3.906250000000000000e-01 0.000000000000000000e+00
0.000000000000000000e+00 6.093750000000000000e-01 0.000000000000000000e+00
8.906250000000000000e-01 0.000000000000000000e+00 0.000000000000000000e+00
1.093750000000000000e-01 1.000000000000000000e+00 0.000000000000000000e+00
1.000000000000000000e+00 8.906250000000000000e-01 0.000000000000000000e+00
0.000000000000000000e+00 1.093750000000000000e-01 0.000000000000000000e+00
7.812500000000000000e-02 0.000000000000000000e+00 0.000000000000000000e+00
9.218750000000000000e-01 1.000000000000000000e+00 0.000000000000000000e+00
1.000000000000000000e+00 7.812500000000000000e-02 0.000000000000000000e+00
0.000000000000000000e+00 9.218750000000000000e-01 0.000000000000000000e+00
5.781250000000000000e-01 0.000000000000000000e+00 0.000000000000000000e+00
4.218750000000000000e-01 1.000000000000000000e+00 0.000000000000000000e+00
1.000000000000000000e+00 5.781250000000000000e-01 0.000000000000000000e+00
0.000000000000000000e+00 4.218750000000000000e-01 0.000000000000000000e+00
3.281250000000000000e-01 0.000000000000000000e+00 0.000000000000000000e+00
6.718750000000000000e-01 1.000000000000000000e+00 0.000000000000000000e+00
1.000000000000000000e+00 3.281250000000000000e-01 0.000000000000000000e+00
0.000000000000000000e+00 6.718750000000000000e-01 0.000000000000000000e+00
8.281250000000000000e-01 0.000000000000000000e+00 0.000000000000000000e+00
1.718750000000000000e-01 1.000000000000000000e+00 0.000000000000000000e+00
1.000000000000000000e+00 8.281250000000000000e-01 0.000000000000000000e+00
0.000000000000000000e+00 1.718750000000000000e-01 0.000000000000000000e+00
2.031250000000000000e-01 0.000000000000000000e+00 0.000000000000000000e+00
7.968750000000000000e-01 1.000000000000000000e+00 0.000000000000000000e+00
1.000000000000000000e+00 2.031250000000000000e-01 0.000000000000000000e+00
0.000000000000000000e+00 7.968750000000000000e-01 0.000000000000000000e+00
7.031250000000000000e-01 0.000000000000000000e+00 0.000000000000000000e+00
2.968750000000000000e-01 1.000000000000000000e+00 0.000000000000000000e+00
1.000000000000000000e+00 7.031250000000000000e-01 0.000000000000000000e+00
0.000000000000000000e+00 2.968750000000000000e-01 0.000000000000000000e+00
4.531250000000000000e-01 0.000000000000000000e+00 0.000000000000000000e+00
5.468750000000000000e-01 1.000000000000000000e+00 0.000000000000000000e+00
1.000000000000000000e+00 4.531250000000000000e-01 0.000000000000000000e+00
0.000000000000000000e+00 5.468750000000000000e-01 0.000000000000000000e+00
9.531250000000000000e-01 0.000000000000000000e+00 0.000000000000000000e+00
4.687500000000000000e-02 1.000000000000000000e+00 0.000000000000000000e+00
1.000000000000000000e+00 9.531250000000000000e-01 0.000000000000000000e+00
0.000000000000000000e+00 4.687500000000000000e-02 0.000000000000000000e+00
4.687500000000000000e-02 0.000000000000000000e+00 0.000000000000000000e+00
9.531250000000000000e-01 1.000000000000000000e+00 0.000000000000000000e+00
1.000000000000000000e+00 4.687500000000000000e-02 0.000000000000000000e+00
0.000000000000000000e+00 9.531250000000000000e-01 0.000000000000000000e+00
5.468750000000000000e-01 0.000000000000000000e+00 0.000000000000000000e+00
4.531250000000000000e-01 1.000000000000000000e+00 0.000000000000000000e+00
1.000000000000000000e+00 5.468750000000000000e-01 0.000000000000000000e+00
0.000000000000000000e+00 4.531250000000000000e-01 0.000000000000000000e+00
2.968750000000000000e-01 0.000000000000000000e+00 0.000000000000000000e+00
7.031250000000000000e-01 1.000000000000000000e+00 0.000000000000000000e+00
1.000000000000000000e+00 2.968750000000000000e-01 0.000000000000000000e+00
0.000000000000000000e+00 7.031250000000000000e-01 0.000000000000000000e+00
7.968750000000000000e-01 0.000000000000000000e+00 0.000000000000000000e+00
2.031250000000000000e-01 1.000000000000000000e+00 0.000000000000000000e+00
1.000000000000000000e+00 7.968750000000000000e-01 0.000000000000000000e+00
0.000000000000000000e+00 2.031250000000000000e-01 0.000000000000000000e+00
1.718750000000000000e-01 0.000000000000000000e+00 0.000000000000000000e+00
8.281250000000000000e-01 1.000000000000000000e+00 0.000000000000000000e+00
1.000000000000000000e+00 1.718750000000000000e-01 0.000000000000000000e+00
0.000000000000000000e+00 8.281250000000000000e-01 0.000000000000000000e+00
6.718750000000000000e-01 0.000000000000000000e+00 0.000000000000000000e+00
3.281250000000000000e-01 1.000000000000000000e+00 0.000000000000000000e+00
1.000000000000000000e+00 6.718750000000000000e-01 0.000000000000000000e+00
0.000000000000000000e+00 3.281250000000000000e-01 0.000000000000000000e+00
4.218750000000000000e-01 0.000000000000000000e+00 0.000000000000000000e+00
5.781250000000000000e-01 1.000000000000000000e+00 0.000000000000000000e+00
1.000000000000000000e+00 4.218750000000000000e-01 0.000000000000000000e+00
0.000000000000000000e+00 5.781250000000000000e-01 0.000000000000000000e+00
9.218750000000000000e-01 0.000000000000000000e+00 0.000000000000000000e+00
7.812500000000000000e-02 1.000000000000000000e+00 0.000000000000000000e+00
1.000000000000000000e+00 9.218750000000000000e-01 0.000000000000000000e+00
0.000000000000000000e+00 7.812500000000000000e-02 0.000000000000000000e+00
1.093750000000000000e-01 0.000000000000000000e+00 0.000000000000000000e+00
8.906250000000000000e-01 1.000000000000000000e+00 0.000000000000000000e+00
1.000000000000000000e+00 1.093750000000000000e-01 0.000000000000000000e+00
0.000000000000000000e+00 8.906250000000000000e-01 0.000000000000000000e+00
6.093750000000000000e-01 0.000000000000000000e+00 0.000000000000000000e+00
3.906250000000000000e-01 1.000000000000000000e+00 0.000000000000000000e+00
1.000000000000000000e+00 6.093750000000000000e-01 0.000000000000000000e+00
0.000000000000000000e+00 3.906250000000000000e-01 0.000000000000000000e+00
3.593750000000000000e-01 0.000000000000000000e+00 0.000000000000000000e+00
6.406250000000000000e-01 1.000000000000000000e+00 0.000000000000000000e+00
1.000000000000000000e+00 3.593750000000000000e-01 0.000000000000000000e+00
0.000000000000000000e+00 6.406250000000000000e-01 0.000000000000000000e+00
8.593750000000000000e-01 0.000000000000000000e+00 0.000000000000000000e+00
1.406250000000000000e-01 1.000000000000000000e+00 0.000000000000000000e+00
1.000000000000000000e+00 8.593750000000000000e-01 0.000000000000000000e+00
0.000000000000000000e+00 1.406250000000000000e-01 0.000000000000000000e+00
2.343750000000000000e-01 0.000000000000000000e+00 0.000000000000000000e+00
7.656250000000000000e-01 1.000000000000000000e+00 0.000000000000000000e+00
1.000000000000000000e+00 2.343750000000000000e-01 0.000000000000000000e+00
0.000000000000000000e+00 7.656250000000000000e-01 0.000000000000000000e+00
7.343750000000000000e-01 0.000000000000000000e+00 0.000000000000000000e+00
2.656250000000000000e-01 1.000000000000000000e+00 0.000000000000000000e+00
1.000000000000000000e+00 7.343750000000000000e-01 0.000000000000000000e+00
0.000000000000000000e+00 2.656250000000000000e-01 0.000000000000000000e+00
4.843750000000000000e-01 0.000000000000000000e+00 0.000000000000000000e+00
5.156250000000000000e-01 1.000000000000000000e+00 0.000000000000000000e+00
1.000000000000000000e+00 4.843750000000000000e-01 0.000000000000000000e+00
0.000000000000000000e+00 5.156250000000000000e-01 0.000000000000000000e+00
9.843750000000000000e-01 0.000000000000000000e+00 0.000000000000000000e+00
5.000000000000000000e-01 4.997501382604241371e-04 3.120317342109046876e-05
2.500000000000000000e-01 9.995002765208482742e-04 3.506847497192211449e-05
7.500000000000000000e-01 1.499250414781272411e-03 5.255009818938560784e-05
1.250000000000000000e-01 1.999000553041696548e-03 2.381831109232734889e-05
6.250000000000000000e-01 2.498750574886798859e-03 1.365753705613315105e-04
3.750000000000000000e-01 2.998500829562544823e-03 1.637262903386726975e-04
8.750000000000000000e-01 3.498250851407647133e-03 4.155690476181916893e-05
6.250000000000000000e-02 3.998001106083393097e-03 1.361651357001392171e-05
5.625000000000000000e-01 4.497751127928495407e-03 2.699485921766608953e-04
3.125000000000000000e-01 4.997501149773597717e-03 2.283740323036909103e-04
8.125000000000000000e-01 5.497251171618700027e-03 1.261847210116684437e-04
1.875000000000000000e-01 5.997001659125089645e-03 1.375177816953510046e-04
6.875000000000000000e-01 6.496751680970191956e-03 2.959922421723604202e-04
4.375000000000000000e-01 6.996501702815294266e-03 4.178146482445299625e-04
9.375000000000000000e-01 7.496251724660396576e-03 2.535193198127672076e-05
3.125000000000000000e-02 7.996002212166786194e-03 7.211460342659847811e-06
5.312500000000000000e-01 8.495751768350601196e-03 5.179304280318319798e-04
2.812500000000000000e-01 8.995502255856990814e-03 3.610085404943674803e-04
7.812500000000000000e-01 9.495252743363380432e-03 2.720795164350420237e-04
1.562500000000000000e-01 9.995002299547195435e-03 1.702649751678109169e-04
6.562500000000000000e-01 1.049475278705358505e-02 5.229166126810014248e-04
4.062500000000000000e-01 1.099450234323740005e-02 6.257012137211859226e-04
9.062500000000000000e-01 1.149425283074378967e-02 8.107327448669821024e-05
9.375000000000000000e-02 1.199400331825017929e-02 8.451268513454124331e-05
5.937500000000000000e-01 1.249375287443399429e-02 7.088700658641755581e-04
3.437500000000000000e-01 1.299350336194038391e-02 6.441549048759043217e-04
8.437500000000000000e-01 1.349325291812419891e-02 2.282361529069021344e-04
2.187500000000000000e-01 1.399300340563058853e-02 3.973261045757681131e-04
7.187500000000000000e-01 1.449275389313697815e-02 5.751900025643408298e-04
4.687500000000000000e-01 1.499250344932079315e-02 9.020564029924571514e-04
9.687500000000000000e-01 1.549225393682718277e-02 1.376183536194730550e-05
1.562500000000000000e-02 1.599200442433357239e-02 3.663206371129490435e-06
5.156250000000000000e-01 1.649175398051738739e-02 9.950713720172643661e-04
2.656250000000000000e-01 1.699150353670120239e-02 6.247697747312486172e-04
7.656250000000000000e-01 1.749125495553016663e-02 5.436865030787885189e-04
1.406250000000000000e-01 1.799100451171398163e-02 2.533826336730271578e-04
6.406250000000000000e-01 1.849075406789779663e-02 9.441628935746848583e-04
3.906250000000000000e-01 1.899050548672676086e-02 1.035552937537431717e-03
8.906250000000000000e-01 1.949025504291057587e-02 1.778063451638445258e-04
7.812500000000000000e-02 1.999000459909439087e-02 9.958593727787956595e-05
5.781250000000000000e-01 2.048975601792335510e-02 1.169407390989363194e-03
3.281250000000000000e-01 2.098950557410717010e-02 9.777605300769209862e-04
8.281250000000000000e-01 2.148925513029098511e-02 4.168403684161603451e-04
2.031250000000000000e-01 2.198900468647480011e-02 5.510617047548294067e-04
7.031250000000000000e-01 2.248875610530376434e-02 9.363135322928428650e-04
4.531250000000000000e-01 2.298850566148757935e-02 1.347479876130819321e-03
9.531250000000000000e-01 2.348825521767139435e-02 4.470828207558952272e-05
4.687500000000000000e-02 2.398800663650035858e-02 4.561280002235434949e-05
5.468750000000000000e-01 2.448775619268417358e-02 1.430957112461328506e-03
2.968750000000000000e-01 2.498750574886798859e-02 1.035036402754485607e-03
7.968750000000000000e-01 2.548725716769695282e-02 6.341694388538599014e-04
1.718750000000000000e-01 2.598700672388076782e-02 4.994625342078506947e-04
6.718750000000000000e-01 2.648675628006458282e-02 1.220023259520530701e-03
4.218750000000000000e-01 2.698650583624839783e-02 1.519831712357699871e-03
9.218750000000000000e-01 2.748625725507736206e-02 1.348438672721385956e-04
1.093750000000000000e-01 2.798600681126117706e-02 2.509064797777682543e-04
6.093750000000000000e-01 2.848575636744499207e-02 1.523405197076499462e-03
3.593750000000000000e-01 2.898550778627395630e-02 1.448557828553020954e-03
8.593750000000000000e-01 2.948525734245777130e-02 4.056016041431576014e-04
2.343750000000000000e-01 2.998500689864158630e-02 9.084809571504592896e-04
7.343750000000000000e-01 3.048475831747055054e-02 1.090349396690726280e-03
4.843750000000000000e-01 3.098450787365436554e-02 1.814836054109036922e-03
9.843750000000000000e-01 3.148425742983818054e-02 6.986635071370983496e-06
7.812500000000000000e-03 3.198400884866714478e-02 1.800800077944586519e-06
5.078125000000000000e-01 3.248375654220581055e-02 1.899549970403313637e-03
2.578125000000000000e-01 3.298350796103477478e-02 1.129275304265320301e-03
7.578125000000000000e-01 3.348325937986373901e-02 1.053594402037560940e-03
1.328125000000000000e-01 3.398300707340240479e-02 4.206639423500746489e-04
6.328125000000000000e-01 3.448275849223136902e-02 1.735593192279338837e-03
3.828125000000000000e-01 3.498250991106033325e-02 1.818560762330889702e-03
8.828125000000000000e-01 3.548225760459899902e-02 3.532898554112762213e-04
7.031250000000000000e-02 3.598200902342796326e-02 1.428876712452620268e-04
5.703125000000000000e-01 3.648176044225692749e-02 2.033887431025505066e-03
3.203125000000000000e-01 3.698150813579559326e-02 1.625624368898570538e-03
8.203125000000000000e-01 3.748125955462455750e-02 7.544439285993576050e-04
1.953125000000000000e-01 3.798101097345352173e-02 8.682571933604776859e-04
6.953125000000000000e-01 3.848075866699218750e-02 1.596720656380057335e-03
4.453125000000000000e-01 3.898051008582115173e-02 2.196536632254719734e-03
9.453125000000000000e-01 3.948026150465011597e-02 9.734632476465776563e-05
3.906250000000000000e-02 3.998000919818878174e-02 5.191750824451446533e-05
5.390625000000000000e-01 4.047976061701774597e-02 2.300957217812538147e-03
2.890625000000000000e-01 4.097951203584671021e-02 1.591728185303509235e-03
7.890625000000000000e-01 4.147925972938537598e-02 1.055758213624358177e-03
1.640625000000000000e-01 4.197901114821434021e-02 7.246837485581636429e-04
6.640625000000000000e-01 4.247875884175300598e-02 1.938222208991646767e-03
4.140625000000000000e-01 4.297851026058197021e-02 2.317016478627920151e-03
9.140625000000000000e-01 4.347826167941093445e-02 2.454590867273509502e-04
1.015625000000000000e-01 4.397800937294960022e-02 3.346677112858742476e-04
6.015625000000000000e-01 4.447776079177856445e-02 2.332955366000533104e-03
3.515625000000000000e-01 4.497751221060752869e-02 2.131886081770062447e-03
8.515625000000000000e-01 4.547725990414619446e-02 6.620444473810493946e-04
2.265625000000000000e-01 4.597701132297515869e-02 1.284946221858263016e-03
7.265625000000000000e-01 4.647676274180412292e-02 1.667863572947680950e-03
4.765625000000000000e-01 4.697651043534278870e-02 2.654956188052892685e-03
9.765625000000000000e-01 4.747626185417175293e-02 2.256580046378076077e-05
2.343750000000000000e-02 4.797601327300071716e-02 2.277941712236497551e-05
5.234375000000000000e-01 4.847576096653938293e-02 2.731075743213295937e-03
2.734375000000000000e-01 4.897551238536834717e-02 1.748334383592009544e-03
7.734375000000000000e-01 4.947526380419731140e-02 1.372592058032751083e-03
1.484375000000000000e-01 4.997501149773597717e-02 7.206812733784317970e-04
6.484375000000000000e-01 5.047476291656494141e-02 2.364986343309283257e-03
3.984375000000000000e-01 5.097451433539390564e-02 2.637489931657910347e-03
8.984375000000000000e-01 5.147426202893257141e-02 3.855945542454719543e-04
8.593750000000000000e-02 5.197401344776153564e-02 2.882331900764256716e-04
5.859375000000000000e-01 5.247376486659049988e-02 2.773058600723743439e-03
3.359375000000000000e-01 5.297351256012916565e-02 2.364383544772863388e-03
8.359375000000000000e-01 5.347326397895812988e-02 9.010912617668509483e-04
2.109375000000000000e-01 5.397301167249679565e-02 1.338178641162812710e-03
7.109375000000000000e-01 5.447276309132575989e-02 2.056713681668043137e-03
4.609375000000000000e-01 5.497251451015472412e-02 3.031075699254870415e-03
9.609375000000000000e-01 5.547226220369338989e-02 6.972935807425528765e-05
5.468750000000000000e-02 5.597201362252235413e-02 1.333114923909306526e-04
5.546875000000000000e-01 5.647176504135131836e-02 3.067380981519818306e-03
3.046875000000000000e-01 5.697151273488998413e-02 2.273928374052047729e-03
8.046875000000000000e-01 5.747126415371894836e-02 1.261114492081105709e-03
1.796875000000000000e-01 5.797101557254791260e-02 1.117722131311893463e-03
6.796875000000000000e-01 5.847076326608657837e-02 2.456816378980875015e-03
4.296875000000000000e-01 5.897051468491554260e-02 3.135974984616041183e-03
9.296875000000000000e-01 5.947026610374450684e-02 2.247936208732426167e-04
1.171875000000000000e-01 5.997001379728317261e-02 5.671749822795391083e-04
6.171875000000000000e-01 6.046976521611213684e-02 2.979657147079706192e-03
3.671875000000000000e-01 6.096951663494110107e-02 2.902672160416841507e-03
8.671875000000000000e-01 6.146926432847976685e-02 7.182223489508032799e-04
2.421875000000000000e-01 6.196901574730873108e-02 1.836690236814320087e-03
7.421875000000000000e-01 6.246876716613769531e-02 2.010340802371501923e-03
4.921875000000000000e-01 6.296851485967636108e-02 3.453820711001753807e-03
9.921875000000000000e-01 6.346826255321502686e-02 3.344792276038788259e-06
3.906250000000000000e-03 6.396801769733428955e-02 8.485253033541084733e-07
5.039062500000000000e-01 6.446776539087295532e-02 3.526039188727736473e-03
2.539062500000000000e-01 6.496751308441162109e-02 2.038370817899703979e-03
7.539062500000000000e-01 6.546726822853088379e-02 1.968108816072344780e-03
1.289062500000000000e-01 6.596701592206954956e-02 7.256530225276947021e-04
6.289062500000000000e-01 6.646676361560821533e-02 3.155027981847524643e-03
3.789062500000000000e-01 6.696651875972747803e-02 3.228717250749468803e-03
8.789062500000000000e-01 6.746626645326614380e-02 6.645755493082106113e-04
6.640625000000000000e-02 6.796601414680480957e-02 2.269285323563963175e-04
5.664062500000000000e-01 6.846576929092407227e-02 3.583382815122604370e-03
3.164062500000000000e-01 6.896551698446273804e-02 2.796725137159228325e-03
8.164062500000000000e-01 6.946526467800140381e-02 1.351329497992992401e-03
1.914062500000000000e-01 6.996501982212066650e-02 1.449614530429244041e-03
6.914062500000000000e-01 7.046476751565933228e-02 2.771689323708415031e-03
4.414062500000000000e-01 7.096451520919799805e-02 3.723702160641551018e-03
9.414062500000000000e-01 7.146427035331726074e-02 1.874748122645542026e-04
3.515625000000000000e-02 7.196401804685592651e-02 7.131224265322089195e-05
5.351562500000000000e-01 7.246376574039459229e-02 3.857961390167474747e-03
2.851562500000000000e-01 7.296352088451385498e-02 2.605478046461939812e-03
7.851562500000000000e-01 7.346326857805252075e-02 1.794540090486407280e-03
1.601562500000000000e-01 7.396301627159118652e-02 1.147508737631142139e-03
6.601562500000000000e-01 7.446277141571044922e-02 3.210546914488077164e-03
4.101562500000000000e-01 7.496251910924911499e-02 3.754355944693088531e-03
9.101562500000000000e-01 7.546226680278778076e-02 4.313072422519326210e-04
9.765625000000000000e-02 7.596202194690704346e-02 5.036400398239493370e-04
5.976562500000000000e-01 7.646176964044570923e-02 3.770956303924322128e-03
3.476562500000000000e-01 7.696151733398437500e-02 3.372611710801720619e-03
8.476562500000000000e-01 7.746127247810363770e-02 1.099366927519440651e-03
2.226562500000000000e-01 7.796102017164230347e-02 1.985509879887104034e-03
7.226562500000000000e-01 7.846076786518096924e-02 2.676581731066107750e-03
4.726562500000000000e-01 7.896052300930023193e-02 4.161451943218708038e-03
9.726562500000000000e-01 7.946027070283889771e-02 4.762884418596513569e-05
1.953125000000000000e-02 7.996001839637756348e-02 2.482069430698174983e-05
5.195312500000000000e-01 8.045977354049682617e-02 4.239102359861135483e-03
2.695312500000000000e-01 8.095952123403549194e-02 2.650688868016004562e-03
7.695312500000000000e-01 8.145926892757415771e-02 2.161792246624827385e-03
1.445312500000000000e-01 8.195902407169342041e-02 1.055972767062485218e-03
6.445312500000000000e-01 8.245877176523208618e-02 3.644003765657544136e-03
3.945312500000000000e-01 8.295851945877075195e-02 3.980936016887426376e-03
8.945312500000000000e-01 8.345826715230941772e-02 6.240400834940373898e-04
8.203125000000000000e-02 8.395802229642868042e-02 3.994913713540881872e-04
5.820312500000000000e-01 8.445776998996734619e-02 4.189638886600732803e-03
3.320312500000000000e-01 8.495751768350601196e-02 3.499085083603858948e-03
8.320312500000000000e-01 8.545727282762527466e-02 1.396025298163294792e-03
2.070312500000000000e-01 8.595702052116394043e-02 1.935523818247020245e-03
7.070312500000000000e-01 8.645676821470260620e-02 3.095829393714666367e-03
4.570312500000000000e-01 8.695652335882186890e-02 4.464024212211370468e-03
9.570312500000000000e-01 8.745627105236053467e-02 1.231561182066798210e-04
5.078125000000000000e-02 8.795601874589920044e-02 1.699951390037313104e-04
5.507812500000000000e-01 8.845577389001846313e-02 4.499411210417747498e-03
3.007812500000000000e-01 8.895552158355712891e-02 3.265726147219538689e-03
8.007812500000000000e-01 8.945526927709579468e-02 1.887542312033474445e-03
1.757812500000000000e-01 8.995502442121505737e-02 1.563800033181905746e-03
6.757812500000000000e-01 9.045477211475372314e-02 3.592266933992505074e-03
4.257812500000000000e-01 9.095451980829238892e-02 4.492864012718200684e-03
9.257812500000000000e-01 9.145427495241165161e-02 3.564032376743853092e-04
1.132812500000000000e-01 9.195402264595031738e-02 7.650225888937711716e-04
6.132812500000000000e-01 9.245377033948898315e-02 4.283235874027013779e-03
3.632812500000000000e-01 9.295352548360824585e-02 4.091722890734672546e-03
8.632812500000000000e-01 9.345327317714691162e-02 1.069881487637758255e-03
2.382812500000000000e-01 9.395302087068557739e-02 2.540862653404474258e-03
7.382812500000000000e-01 9.445277601480484009e-02 2.891680225729942322e-03
4.882812500000000000e-01 9.495252370834350586e-02 4.855701234191656113e-03
9.882812500000000000e-01 9.545227140188217163e-02 1.047545538312988356e-05
1.171875000000000000e-02 9.595202654600143433e-02 1.051866911438992247e-05
5.117187500000000000e-01 9.645177423954010010e-02 4.916042555123567581e-03
2.617187500000000000e-01 9.695152193307876587e-02 2.951821545138955116e-03
7.617187500000000000e-01 9.745127707719802856e-02 2.615157747641205788e-03
1.367187500000000000e-01 9.795102477073669434e-02 1.110273413360118866e-03
6.367187500000000000e-01 9.845077246427536011e-02 4.281335044652223587e-03
3.867187500000000000e-01 9.895052760839462280e-02 4.518821835517883301e-03
8.867187500000000000e-01 9.945027530193328857e-02 8.137841359712183475e-04
7.421875000000000000e-02 9.995002299547195435e-02 3.822611470241099596e-04
5.742187500000000000e-01 1.004497781395912170e-01 4.858784377574920654e-03
3.242187500000000000e-01 1.009495258331298828e-01 3.917066380381584167e-03
8.242187500000000000e-01 1.014492735266685486e-01 1.719349762424826622e-03
1.992187500000000000e-01 1.019490286707878113e-01 2.092537702992558479e-03
6.992187500000000000e-01 1.024487763643264771e-01 3.650504862889647484e-03
4.492187500000000000e-01 1.029485240578651428e-01 5.071411840617656708e-03
9.492187500000000000e-01 1.034482792019844055e-01 1.932027807924896479e-04
4.296875000000000000e-02 1.039480268955230713e-01 1.411368284607306123e-04
5.429687500000000000e-01 1.044477745890617371e-01 5.158488638699054718e-03
2.929687500000000000e-01 1.049475297331809998e-01 3.607356222346425056e-03
7.929687500000000000e-01 1.054472774267196655e-01 2.274213125929236412e-03
1.679687500000000000e-01 1.059470251202583313e-01 1.654061023145914078e-03
6.679687500000000000e-01 1.064467802643775940e-01 4.180647432804107666e-03
4.179687500000000000e-01 1.069465279579162598e-01 5.047796294093132019e-03
9.179687500000000000e-01 1.074462756514549255e-01 4.853718273807317019e-04
1.054687500000000000e-01 1.079460233449935913e-01 7.645880687050521374e-04
6.054687500000000000e-01 1.084457784891128540e-01 4.918746650218963623e-03
3.554687500000000000e-01 1.089455261826515198e-01 4.540552385151386261e-03
8.554687500000000000e-01 1.094452738761901855e-01 1.326936297118663788e-03
2.304687500000000000e-01 1.099450290203094482e-01 2.739591756835579872e-03
7.304687500000000000e-01 1.104447767138481140e-01 3.387758973985910416e-03
4.804687500000000000e-01 1.109445244073867798e-01 5.464082583785057068e-03
9.804687500000000000e-01 1.114442795515060425e-01 3.226671105949208140e-05
2.734375000000000000e-02 1.119440272450447083e-01 6.244771066121757030e-05
5.273437500000000000e-01 1.124437749385833740e-01 5.503076594322919846e-03
2.773437500000000000e-01 1.129435300827026367e-01 3.569966647773981094e-03
7.773437500000000000e-01 1.134432777762413025e-01 2.671085763722658157e-03
1.523437500000000000e-01 1.139430254697799683e-01 1.491763046942651272e-03
6.523437500000000000e-01 1.144427806138992310e-01 4.616095684468746185e-03
4.023437500000000000e-01 1.149425283074378967e-01 5.206203088164329529e-03
9.023437500000000000e-01 1.154422760009765625e-01 7.013928843662142754e-04
8.984375000000000000e-02 1.159420311450958252e-01 6.059127044863998890e-04
5.898437500000000000e-01 1.164417788386344910e-01 5.320492200553417206e-03
3.398437500000000000e-01 1.169415265321731567e-01 4.589863587170839310e-03
8.398437500000000000e-01 1.174412816762924194e-01 1.654980122111737728e-03
2.148437500000000000e-01 1.179410293698310852e-01 2.611065516248345375e-03
7.148437500000000000e-01 1.184407770633697510e-01 3.824655199423432350e-03
4.648437500000000000e-01 1.189405322074890137e-01 5.713675171136856079e-03
9.648437500000000000e-01 1.194402799010276794e-01 1.065583564923144877e-04
5.859375000000000000e-02 1.199400275945663452e-01 2.826476702466607094e-04
5.585937500000000000e-01 1.204397827386856079e-01 5.664612632244825363e-03
3.085937500000000000e-01 1.209395304322242737e-01 4.254481289535760880e-03
8.085937500000000000e-01 1.214392781257629395e-01 2.245306968688964844e-03
1.835937500000000000e-01 1.219390332698822021e-01 2.112129237502813339e-03
6.835937500000000000e-01 1.224387809634208679e-01 4.411234054714441299e-03
4.335937500000000000e-01 1.229385286569595337e-01 5.703877657651901245e-03
9.335937500000000000e-01 1.234382838010787964e-01 3.645429096650332212e-04
1.210937500000000000e-01 1.239380314946174622e-01 1.077464083209633827e-03
6.210937500000000000e-01 1.244377791881561279e-01 5.283285863697528839e-03
3.710937500000000000e-01 1.249375343322753906e-01 5.210868548601865768e-03
8.710937500000000000e-01 1.254372745752334595e-01 1.209723995998501778e-03
2.460937500000000000e-01 1.259370297193527222e-01 3.311881097033619881e-03
7.460937500000000000e-01 1.264367848634719849e-01 3.462547203525900841e-03
4.960937500000000000e-01 1.269365251064300537e-01 6.046515889465808868e-03
9.960937500000000000e-01 1.274362802505493164e-01 1.468952973482373636e-06
1.953125000000000000e-03 1.279360353946685791e-01 3.697017803006019676e-07
5.019531250000000000e-01 1.284357756376266479e-01 6.097496487200260162e-03
2.519531250000000000e-01 1.289355307817459106e-01 3.475124714896082878e-03
7.519531250000000000e-01 1.294352859258651733e-01 3.412744961678981781e-03
1.269531250000000000e-01 1.299350261688232422e-01 1.208346569910645485e-03
6.269531250000000000e-01 1.304347813129425049e-01 5.395040847361087799e-03
3.769531250000000000e-01 1.309345364570617676e-01 5.454756319522857666e-03
8.769531250000000000e-01 1.314342767000198364e-01 1.154537312686443329e-03
6.445312500000000000e-02 1.319340318441390991e-01 3.614775487221777439e-04
5.644531250000000000e-01 1.324337869882583618e-01 6.024620030075311661e-03
3.144531250000000000e-01 1.329335272312164307e-01 4.644356202334165573e-03
8.144531250000000000e-01 1.334332823753356934e-01 2.288271905854344368e-03
1.894531250000000000e-01 1.339330375194549561e-01 2.368920482695102692e-03
6.894531250000000000e-01 1.344327777624130249e-01 4.617114085704088211e-03
4.394531250000000000e-01 1.349325329065322876e-01 6.127250846475362778e-03
9.394531250000000000e-01 1.354322880506515503e-01 3.275321505498141050e-04
3.320312500000000000e-02 1.359320282936096191e-01 1.045793615048751235e-04
5.332031250000000000e-01 1.364317834377288818e-01 6.303040310740470886e-03
2.832031250000000000e-01 1.369315385818481445e-01 4.203221295028924942e-03
7.832031250000000000e-01 1.374312788248062134e-01 2.948002656921744347e-03
1.582031250000000000e-01 1.379310339689254761e-01 1.817986951209604740e-03
6.582031250000000000e-01 1.384307891130447388e-01 5.200787447392940521e-03
4.082031250000000000e-01 1.389305293560028076e-01 6.011350080370903015e-03
9.082031250000000000e-01 1.394302845001220703e-01 7.177133229561150074e-04
9.570312500000000000e-02 1.399300396442413330e-01 7.752697565592825413e-04
5.957031250000000000e-01 1.404297798871994019e-01 6.018419284373521805e-03
3.457031250000000000e-01 1.409295350313186646e-01 5.321277305483818054e-03
8.457031250000000000e-01 1.414292901754379272e-01 1.775176962837576866e-03
2.207031250000000000e-01 1.419290304183959961e-01 3.091295482590794563e-03
7.207031250000000000e-01 1.424287855625152588e-01 4.244076088070869446e-03
4.707031250000000000e-01 1.429285407066345215e-01 6.516972091048955917e-03
9.707031250000000000e-01 1.434282809495925903e-01 8.510943735018372536e-05
1.757812500000000000e-02 1.439280360937118530e-01 3.145625669276341796e-05
5.175781250000000000e-01 1.444277912378311157e-01 6.591282319277524948e-03
2.675781250000000000e-01 1.449275314807891846e-01 4.069870803505182266e-03
7.675781250000000000e-01 1.454272866249084473e-01 3.380205947905778885e-03
1.425781250000000000e-01 1.459270417690277100e-01 1.590818399563431740e-03
6.425781250000000000e-01 1.464267820119857788e-01 5.627509206533432007e-03
3.925781250000000000e-01 1.469265371561050415e-01 6.080036517232656479e-03
8.925781250000000000e-01 1.474262923002243042e-01 9.851825889199972153e-04
8.007812500000000000e-02 1.479260325431823730e-01 5.828125285916030407e-04
5.800781250000000000e-01 1.484257876873016357e-01 6.386520806699991226e-03
3.300781250000000000e-01 1.489255428314208984e-01 5.274558439850807190e-03
8.300781250000000000e-01 1.494252830743789673e-01 2.150728367269039154e-03
2.050781250000000000e-01 1.499250382184982300e-01 2.879228675737977028e-03
7.050781250000000000e-01 1.504247933626174927e-01 4.694739822298288345e-03
4.550781250000000000e-01 1.509245336055755615e-01 6.691026967018842697e-03
9.550781250000000000e-01 1.514242887496948242e-01 2.007105795200914145e-04
4.882812500000000000e-02 1.519240438938140869e-01 2.356970362598076463e-04
5.488281250000000000e-01 1.524237841367721558e-01 6.713778246194124222e-03
2.988281250000000000e-01 1.529235392808914185e-01 4.817386623471975327e-03
7.988281250000000000e-01 1.534232944250106812e-01 2.839652122929692268e-03
1.738281250000000000e-01 1.539230346679687500e-01 2.272502053529024124e-03
6.738281250000000000e-01 1.544227898120880127e-01 5.333462730050086975e-03
4.238281250000000000e-01 1.549225449562072754e-01 6.597680971026420593e-03
9.238281250000000000e-01 1.554222851991653442e-01 5.489897448569536209e-04
1.113281250000000000e-01 1.559220403432846069e-01 1.087339711375534534e-03
6.113281250000000000e-01 1.564217954874038696e-01 6.284387316554784775e-03
3.613281250000000000e-01 1.569215357303619385e-01 5.939880385994911194e-03
8.613281250000000000e-01 1.574212908744812012e-01 1.594404457136988640e-03
2.363281250000000000e-01 1.579210460186004639e-01 3.647455479949712753e-03
7.363281250000000000e-01 1.584207862615585327e-01 4.229339305311441422e-03
4.863281250000000000e-01 1.589205414056777954e-01 7.015917450189590454e-03
9.863281250000000000e-01 1.594202965497970581e-01 2.048332135018426925e-05
9.765625000000000000e-03 1.599200367927551270e-01 1.055407665262464434e-05
5.097656250000000000e-01 1.604197919368743896e-01 7.062052376568317413e-03
2.597656250000000000e-01 1.609195470809936523e-01 4.189072642475366592e-03
7.597656250000000000e-01 1.614192873239517212e-01 3.781592706218361855e-03
1.347656250000000000e-01 1.619190424680709839e-01 1.546306652016937733e-03
6.347656250000000000e-01 1.624187976121902466e-01 6.124353501945734024e-03
3.847656250000000000e-01 1.629185378551483154e-01 6.397048477083444595e-03
8.847656250000000000e-01 1.634182929992675781e-01 1.188879949040710926e-03
7.226562500000000000e-02 1.639180481433868408e-01 5.150333745405077934e-04
5.722656250000000000e-01 1.644177883863449097e-01 6.878136657178401947e-03
3.222656250000000000e-01 1.649175435304641724e-01 5.486211739480495453e-03
8.222656250000000000e-01 1.654172986745834351e-01 2.460859483107924461e-03
1.972656250000000000e-01 1.659170389175415039e-01 2.894383156672120094e-03
6.972656250000000000e-01 1.664167940616607666e-01 5.152465309947729111e-03
4.472656250000000000e-01 1.669165343046188354e-01 7.080115843564271927e-03
9.472656250000000000e-01 1.674162894487380981e-01 2.895907673519104719e-04
4.101562500000000000e-02 1.679160445928573608e-01 1.798656448954716325e-04
5.410156250000000000e-01 1.684157848358154297e-01 7.181426044553518295e-03
2.910156250000000000e-01 1.689155399799346924e-01 4.966677166521549225e-03
7.910156250000000000e-01 1.694152951240539551e-01 3.193877171725034714e-03
1.660156250000000000e-01 1.699150353670120239e-01 2.244350500404834747e-03
6.660156250000000000e-01 1.704147905111312866e-01 5.802971310913562775e-03
4.160156250000000000e-01 1.709145456552505493e-01 6.934247910976409912e-03
9.160156250000000000e-01 1.714142858982086182e-01 6.965057109482586384e-04
1.035156250000000000e-01 1.719140410423278809e-01 1.015218324027955532e-03
6.035156250000000000e-01 1.724137961864471436e-01 6.761259865015745163e-03
3.535156250000000000e-01 1.729135364294052124e-01 6.178230512887239456e-03
8.535156250000000000e-01 1.734132915735244751e-01 1.852101413533091545e-03
2.285156250000000000e-01 1.739130467176437378e-01 3.688669530674815178e-03
7.285156250000000000e-01 1.744127869606018066e-01 4.650200251489877701e-03
4.785156250000000000e-01 1.749125421047210693e-01 7.414736784994602203e-03
9.785156250000000000e-01 1.754122972488403320e-01 5.271263216855004430e-05
2.539062500000000000e-02 1.759120374917984009e-01 7.315612310776486993e-05
5.253906250000000000e-01 1.764117926359176636e-01 7.440208923071622849e-03
2.753906250000000000e-01 1.769115477800369263e-01 4.772603977471590042e-03
7.753906250000000000e-01 1.774112880229949951e-01 3.641191637143492699e-03
1.503906250000000000e-01 1.779110431671142578e-01 1.963001675903797150e-03
6.503906250000000000e-01 1.784107983112335205e-01 6.226519122719764709e-03
4.003906250000000000e-01 1.789105385541915894e-01 6.952187977731227875e-03
9.003906250000000000e-01 1.794102936983108521e-01 9.717663633637130260e-04
8.789062500000000000e-02 1.799100488424301147e-01 7.776020211167633533e-04
5.878906250000000000e-01 1.804097890853881836e-01 7.113309577107429504e-03
3.378906250000000000e-01 1.809095442295074463e-01 6.074870470911264420e-03
8.378906250000000000e-01 1.814092993736267090e-01 2.242766553536057472e-03
2.128906250000000000e-01 1.819090396165847778e-01 3.418540582060813904e-03
7.128906250000000000e-01 1.824087947607040405e-01 5.108092445880174637e-03
4.628906250000000000e-01 1.829085499048233032e-01 7.548446767032146454e-03
9.628906250000000000e-01 1.834082901477813721e-01 1.561529352329671383e-04
5.664062500000000000e-02 1.839080452919006348e-01 3.496949211694300175e-04
5.566406250000000000e-01 1.844078004360198975e-01 7.471141871064901352e-03
3.066406250000000000e-01 1.849075406789779663e-01 5.553216207772493362e-03
8.066406250000000000e-01 1.854072958230972290e-01 2.992943394929170609e-03
1.816406250000000000e-01 1.859070509672164917e-01 2.722437726333737373e-03
6.816406250000000000e-01 1.864067912101745605e-01 5.810621194541454315e-03
4.316406250000000000e-01 1.869065463542938232e-01 7.436970714479684830e-03
9.316406250000000000e-01 1.874063014984130859e-01 5.019080126658082008e-04
1.191406250000000000e-01 1.879060417413711548e-01 1.364854048006236553e-03
6.191406250000000000e-01 1.884057968854904175e-01 6.900491658598184586e-03
3.691406250000000000e-01 1.889055520296096802e-01 6.739635486155748367e-03
8.691406250000000000e-01 1.894052922725677490e-01 1.609864761121571064e-03
2.441406250000000000e-01 1.899050474166870117e-01 4.243951756507158279e-03
7.441406250000000000e-01 1.904048025608062744e-01 4.524040501564741135e-03
4.941406250000000000e-01 1.909045428037643433e-01 7.808659225702285767e-03
9.941406250000000000e-01 1.914042979478836060e-01 4.246320258971536532e-06
5.859375000000000000e-03 1.919040530920028687e-01 4.252146482031093910e-06
5.058593750000000000e-01 1.924037933349609375e-01 7.840845733880996704e-03
2.558593750000000000e-01 1.929035484790802002e-01 4.555162042379379272e-03
7.558593750000000000e-01 1.934033036231994629e-01 4.284881986677646637e-03
1.308593750000000000e-01 1.939030438661575317e-01 1.629855134524405003e-03
6.308593750000000000e-01 1.944027990102767944e-01 6.842064671218395233e-03
3.808593750000000000e-01 1.949025541543960571e-01 7.024611812084913254e-03
8.808593750000000000e-01 1.954022943973541260e-01 1.393221435137093067e-03
6.835937500000000000e-02 1.959020495414733887e-01 5.137477419339120388e-04
5.683593750000000000e-01 1.964018046855926514e-01 7.633329834789037704e-03
3.183593750000000000e-01 1.969015449285507202e-01 5.980436690151691437e-03
8.183593750000000000e-01 1.974013000726699829e-01 2.809706842526793480e-03
1.933593750000000000e-01 1.979010552167892456e-01 3.097380977123975754e-03
6.933593750000000000e-01 1.984007954597473145e-01 5.762807093560695648e-03
4.433593750000000000e-01 1.989005506038665771e-01 7.774463389068841934e-03
9.433593750000000000e-01 1.994003057479858398e-01 3.648942802101373672e-04
3.710937500000000000e-02 1.999000459909439087e-01 1.633889187360182405e-04
5.371093750000000000e-01 2.003998011350631714e-01 7.920001633465290070e-03
2.871093750000000000e-01 2.008995562791824341e-01 5.374304484575986862e-03
7.871093750000000000e-01 2.013992965221405029e-01 3.606621176004409790e-03
1.621093750000000000e-01 2.018990516662597656e-01 2.372689079493284225e-03
6.621093750000000000e-01 2.023988068103790283e-01 6.444531492888927460e-03
4.121093750000000000e-01 2.028985470533370972e-01 7.567008025944232941e-03
9.121093750000000000e-01 2.033983021974563599e-01 8.294854196719825268e-04
9.960937500000000000e-02 2.038980573415756226e-01 1.039471942931413651e-03
5.996093750000000000e-01 2.043977975845336914e-01 7.457148283720016479e-03
3.496093750000000000e-01 2.048975527286529541e-01 6.697268225252628326e-03
8.496093750000000000e-01 2.053973078727722168e-01 2.117263618856668472e-03
2.246093750000000000e-01 2.058970481157302856e-01 3.938225563615560532e-03
7.246093750000000000e-01 2.063968032598495483e-01 5.176258739084005356e-03
4.746093750000000000e-01 2.068965584039688110e-01 8.091894909739494324e-03
9.746093750000000000e-01 2.073962986469268799e-01 7.978497887961566448e-05
2.148437500000000000e-02 2.078960537910461426e-01 5.764896923210471869e-05
5.214843750000000000e-01 2.083958089351654053e-01 8.131673559546470642e-03
2.714843750000000000e-01 2.088955491781234741e-01 5.114041268825531006e-03
7.714843750000000000e-01 2.093953043222427368e-01 4.067914094775915146e-03
1.464843750000000000e-01 2.098950594663619995e-01 2.048223279416561127e-03
6.464843750000000000e-01 2.103947997093200684e-01 6.851541809737682343e-03
3.964843750000000000e-01 2.108945548534393311e-01 7.519077975302934647e-03
8.964843750000000000e-01 2.113943099975585938e-01 1.132166711613535881e-03
8.398437500000000000e-02 2.118940502405166626e-01 7.789162336848676205e-04
5.839843750000000000e-01 2.123938053846359253e-01 7.776457350701093674e-03
3.339843750000000000e-01 2.128935605287551880e-01 6.526053417474031448e-03
8.339843750000000000e-01 2.133933007717132568e-01 2.531102625653147697e-03
2.089843750000000000e-01 2.138930559158325195e-01 3.612083150073885918e-03
7.089843750000000000e-01 2.143927961587905884e-01 5.632835440337657928e-03
4.589843750000000000e-01 2.148925513029098511e-01 8.167609572410583496e-03
9.589843750000000000e-01 2.153923064470291138e-01 2.051431656582280993e-04
5.273437500000000000e-02 2.158920466899871826e-01 3.312222252134233713e-04
5.527343750000000000e-01 2.163918018341064453e-01 8.120873942971229553e-03
3.027343750000000000e-01 2.168915569782257080e-01 5.926611833274364471e-03
8.027343750000000000e-01 2.173912972211837769e-01 3.338704816997051239e-03
1.777343750000000000e-01 2.178910523653030396e-01 2.846695948392152786e-03
6.777343750000000000e-01 2.183908075094223022e-01 6.364446599036455154e-03
4.277343750000000000e-01 2.188905477523803711e-01 8.001924492418766022e-03
9.277343750000000000e-01 2.193903028964996338e-01 6.008917116560041904e-04
1.152343750000000000e-01 2.198900580406188965e-01 1.391034224070608616e-03
6.152343750000000000e-01 2.203897982835769653e-01 7.506201975047588348e-03
3.652343750000000000e-01 2.208895534276962280e-01 7.206813432276248932e-03
8.652343750000000000e-01 2.213893085718154907e-01 1.824833103455603123e-03
2.402343750000000000e-01 2.218890488147735596e-01 4.475571680814027786e-03
7.402343750000000000e-01 2.223888039588928223e-01 4.972098860889673233e-03
4.902343750000000000e-01 2.228885591030120850e-01 8.406262844800949097e-03
9.902343750000000000e-01 2.233882993459701538e-01 1.259924010810209438e-05
1.367187500000000000e-02 2.238880544900894165e-01 2.452328590152319521e-05
5.136718750000000000e-01 2.243878096342086792e-01 8.424009196460247040e-03
2.636718750000000000e-01 2.248875498771667480e-01 5.092900712043046951e-03
7.636718750000000000e-01 2.253873050212860107e-01 4.404970444738864899e-03
1.386718750000000000e-01 2.258870601654052734e-01 1.931141363456845284e-03
6.386718750000000000e-01 2.263868004083633423e-01 7.215359713882207870e-03
3.886718750000000000e-01 2.268865555524826050e-01 7.656145375221967697e-03
8.886718750000000000e-01 2.273863106966018677e-01 1.328562037087976933e-03
7.617187500000000000e-02 2.278860509395599365e-01 6.727476138621568680e-04
5.761718750000000000e-01 2.283858060836791992e-01 8.108736947178840637e-03
3.261718750000000000e-01 2.288855612277984619e-01 6.574267987161874771e-03
8.261718750000000000e-01 2.293853014707565308e-01 2.809448167681694031e-03
2.011718750000000000e-01 2.298850566148757935e-01 3.520976286381483078e-03
7.011718750000000000e-01 2.303848117589950562e-01 5.990912672132253647e-03
4.511718750000000000e-01 2.308845520019531250e-01 8.374033495783805847e-03
9.511718750000000000e-01 2.313843071460723877e-01 2.948563778772950172e-04
4.492187500000000000e-02 2.318840622901916504e-01 2.518361143302172422e-04
5.449218750000000000e-01 2.323838025331497192e-01 8.420434780418872833e-03
2.949218750000000000e-01 2.328835576772689819e-01 5.925838835537433624e-03
7.949218750000000000e-01 2.333833128213882446e-01 3.645137418061494827e-03
1.699218750000000000e-01 2.338830530643463135e-01 2.731023356318473816e-03
6.699218750000000000e-01 2.343828082084655762e-01 6.717858836054801941e-03
4.199218750000000000e-01 2.348825633525848389e-01 8.158623240888118744e-03
9.199218750000000000e-01 2.353823035955429077e-01 7.467791438102722168e-04
1.074218750000000000e-01 2.358820587396621704e-01 1.266174833290278912e-03
6.074218750000000000e-01 2.363818138837814331e-01 7.837898097932338715e-03
3.574218750000000000e-01 2.368815541267395020e-01 7.276613265275955200e-03
8.574218750000000000e-01 2.373813092708587646e-01 2.063271123915910721e-03
2.324218750000000000e-01 2.378810644149780273e-01 4.397487267851829529e-03
7.324218750000000000e-01 2.383808046579360962e-01 5.310934036970138550e-03
4.824218750000000000e-01 2.388805598020553589e-01 8.627644740045070648e-03
9.824218750000000000e-01 2.393803149461746216e-01 4.130139495828188956e-05
2.929687500000000000e-02 2.398800551891326904e-01 1.120917950174771249e-04
5.292968750000000000e-01 2.403798103332519531e-01 8.609617128968238831e-03
2.792968750000000000e-01 2.408795654773712158e-01 5.624272394925355911e-03
7.792968750000000000e-01 2.413793057203292847e-01 4.109341185539960861e-03
1.542968750000000000e-01 2.418790608644485474e-01 2.367148175835609436e-03
6.542968750000000000e-01 2.423788160085678101e-01 7.117953151464462280e-03
4.042968750000000000e-01 2.428785562515258789e-01 8.075711317360401154e-03
9.042968750000000000e-01 2.433783113956451416e-01 1.043551252223551273e-03
9.179687500000000000e-02 2.438780665397644043e-01 9.691214072518050671e-04
5.917968750000000000e-01 2.443778067827224731e-01 8.142713457345962524e-03
3.417968750000000000e-01 2.448775619268417358e-01 7.067075930535793304e-03
8.417968750000000000e-01 2.453773170709609985e-01 2.478214679285883904e-03
2.167968750000000000e-01 2.458770573139190674e-01 4.031412303447723389e-03
7.167968750000000000e-01 2.463768124580383301e-01 5.766291636973619461e-03
4.667968750000000000e-01 2.468765676021575928e-01 8.674679324030876160e-03
9.667968750000000000e-01 2.473763078451156616e-01 1.443916989956051111e-04
6.054687500000000000e-02 2.478760629892349243e-01 4.536773776635527611e-04
5.605468750000000000e-01 2.483758181333541870e-01 8.514512330293655396e-03
3.105468750000000000e-01 2.488755583763122559e-01 6.436797790229320526e-03
8.105468750000000000e-01 2.493753135204315186e-01 3.313286229968070984e-03
1.855468750000000000e-01 2.498750686645507812e-01 3.210920840501785278e-03
6.855468750000000000e-01 2.503748238086700439e-01 6.538304965943098068e-03
4.355468750000000000e-01 2.508745491504669189e-01 8.509251289069652557e-03
9.355468750000000000e-01 2.513743042945861816e-01 5.122351576574146748e-04
1.230468750000000000e-01 2.518740594387054443e-01 1.641446608118712902e-03
6.230468750000000000e-01 2.523738145828247070e-01 7.780893705785274506e-03
3.730468750000000000e-01 2.528735697269439697e-01 7.721268571913242340e-03
8.730468750000000000e-01 2.533733248710632324e-01 1.735121128149330616e-03
2.480468750000000000e-01 2.538730502128601074e-01 4.916897043585777283e-03
7.480468750000000000e-01 2.543728053569793701e-01 5.023556295782327652e-03
4.980468750000000000e-01 2.548725605010986328e-01 8.844044990837574005e-03
9.980468750000000000e-01 2.553723156452178955e-01 5.380395009524363559e-07
9.765625000000000000e-04 2.558720707893371582e-01 1.348557674418771057e-07
5.009765625000000000e-01 2.563718259334564209e-01 8.860507979989051819e-03
2.509765625000000000e-01 2.568715512752532959e-01 5.013036541640758514e-03
7.509765625000000000e-01 2.573713064193725586e-01 4.964057356119155884e-03
1.259765625000000000e-01 2.578710615634918213e-01 1.721817185170948505e-03
6.259765625000000000e-01 2.583708167076110840e-01 7.789881434291601181e-03
3.759765625000000000e-01 2.588705718517303467e-01 7.826978340744972229e-03
8.759765625000000000e-01 2.593703269958496094e-01 1.679248758591711521e-03
6.347656250000000000e-02 2.598700523376464844e-01 5.030790925957262516e-04
5.634765625000000000e-01 2.603698074817657471e-01 8.617607876658439636e-03
3.134765625000000000e-01 2.608695626258850098e-01 6.600646767765283585e-03
8.134765625000000000e-01 2.613693177700042725e-01 3.282964695245027542e-03
1.884765625000000000e-01 2.618690729141235352e-01 3.337857546284794807e-03
6.884765625000000000e-01 2.623688280582427979e-01 6.566751282662153244e-03
4.384765625000000000e-01 2.628685534000396729e-01 8.658788166940212250e-03
9.384765625000000000e-01 2.633683085441589355e-01 4.764226323459297419e-04
3.222656250000000000e-02 2.638680636882781982e-01 1.390828256262466311e-04
5.322265625000000000e-01 2.643678188323974609e-01 8.867357857525348663e-03
2.822265625000000000e-01 2.648675739765167236e-01 5.873953923583030701e-03
7.822265625000000000e-01 2.653673291206359863e-01 4.155878908932209015e-03
1.572265625000000000e-01 2.658670544624328613e-01 2.515865489840507507e-03
6.572265625000000000e-01 2.663668096065521240e-01 7.275830022990703583e-03
4.072265625000000000e-01 2.668665647506713867e-01 8.358145132660865784e-03
9.072265625000000000e-01 2.673663198947906494e-01 1.016621477901935577e-03
9.472656250000000000e-02 2.678660750389099121e-01 1.055849250406026840e-03
5.947265625000000000e-01 2.683658301830291748e-01 8.345379494130611420e-03
3.447265625000000000e-01 2.688655555248260498e-01 7.333718705922365189e-03
8.447265625000000000e-01 2.693653106689453125e-01 2.473824657499790192e-03
2.197265625000000000e-01 2.698650658130645752e-01 4.228747449815273285e-03
7.197265625000000000e-01 2.703648209571838379e-01 5.856803152710199356e-03
4.697265625000000000e-01 2.708645761013031006e-01 8.934259414672851562e-03
9.697265625000000000e-01 2.713643312454223633e-01 1.241639984073117375e-04
1.660156250000000000e-02 2.718640565872192383e-01 3.841790385195054114e-05
5.166015625000000000e-01 2.723638117313385010e-01 8.992902934551239014e-03
2.666015625000000000e-01 2.728635668754577637e-01 5.515472497791051865e-03
7.666015625000000000e-01 2.733633220195770264e-01 4.620725288987159729e-03
1.416015625000000000e-01 2.738630771636962891e-01 2.133459784090518951e-03
6.416015625000000000e-01 2.743628323078155518e-01 7.638839539140462875e-03
3.916015625000000000e-01 2.748625576496124268e-01 8.203918114304542542e-03
8.916015625000000000e-01 2.753623127937316895e-01 1.350622624158859253e-03
7.910156250000000000e-02 2.758620679378509521e-01 7.675879169255495071e-04
5.791015625000000000e-01 2.763618230819702148e-01 8.597754873335361481e-03
3.291015625000000000e-01 2.768615782260894775e-01 7.057956885546445847e-03
8.291015625000000000e-01 2.773613333702087402e-01 2.907903166487812996e-03
2.041015625000000000e-01 2.778610587120056152e-01 3.823641687631607056e-03
7.041015625000000000e-01 2.783608138561248779e-01 6.292225793004035950e-03
4.541015625000000000e-01 2.788605690002441406e-01 8.911591023206710815e-03
9.541015625000000000e-01 2.793603241443634033e-01 2.782185911200940609e-04
4.785156250000000000e-02 2.798600792884826660e-01 3.012841625604778528e-04
5.478515625000000000e-01 2.803598344326019287e-01 8.909111842513084412e-03
2.978515625000000000e-01 2.808595597743988037e-01 6.352932192385196686e-03
7.978515625000000000e-01 2.813593149185180664e-01 3.779808990657329559e-03
1.728515625000000000e-01 2.818590700626373291e-01 2.971426118165254593e-03
6.728515625000000000e-01 2.823588252067565918e-01 7.046027109026908875e-03
4.228515625000000000e-01 2.828585803508758545e-01 8.664227090775966644e-03
9.228515625000000000e-01 2.833583354949951172e-01 7.376630674116313457e-04
1.103515625000000000e-01 2.838580608367919922e-01 1.403114991262555122e-03
6.103515625000000000e-01 2.843578159809112549e-01 8.236886002123355865e-03
3.603515625000000000e-01 2.848575711250305176e-01 7.740132510662078857e-03
8.603515625000000000e-01 2.853573262691497803e-01 2.103734528645873070e-03
2.353515625000000000e-01 2.858570814132690430e-01 4.721467383205890656e-03
7.353515625000000000e-01 2.863568067550659180e-01 5.523297935724258423e-03
4.853515625000000000e-01 2.868565618991851807e-01 9.102334268391132355e-03
9.853515625000000000e-01 2.873563170433044434e-01 3.040399496967438608e-05
8.789062500000000000e-03 2.878560721874237061e-01 1.107970456359907985e-05
5.087890625000000000e-01 2.883558273315429688e-01 9.121497161686420441e-03
2.587890625000000000e-01 2.888555824756622314e-01 5.374918226152658463e-03
7.587890625000000000e-01 2.893553078174591064e-01 4.895224701613187790e-03
1.337890625000000000e-01 2.898550629615783691e-01 1.963194925338029861e-03
6.337890625000000000e-01 2.903548181056976318e-01 7.877050898969173431e-03
3.837890625000000000e-01 2.908545732498168945e-01 8.180701173841953278e-03
8.837890625000000000e-01 2.913543283939361572e-01 1.543373451568186283e-03
7.128906250000000000e-02 2.918540835380554199e-01 6.415318348444998264e-04
5.712890625000000000e-01 2.923538088798522949e-01 8.781769312918186188e-03
3.212890625000000000e-01 2.928535640239715576e-01 6.963551044464111328e-03
8.212890625000000000e-01 2.933533191680908203e-01 3.155658487230539322e-03
1.962890625000000000e-01 2.938530743122100830e-01 3.646803554147481918e-03
6.962890625000000000e-01 2.943528294563293457e-01 6.554558407515287399e-03
4.462890625000000000e-01 2.948525846004486084e-01 8.952894248068332672e-03
9.462890625000000000e-01 2.953523099422454834e-01 3.788414760492742062e-04
4.003906250000000000e-02 2.958520650863647461e-01 2.167092025047168136e-04
5.400390625000000000e-01 2.963518202304840088e-01 9.053385816514492035e-03
2.900390625000000000e-01 2.968515753746032715e-01 6.223221775144338608e-03
7.900390625000000000e-01 2.973513305187225342e-01 4.039433319121599197e-03
1.650390625000000000e-01 2.978510856628417969e-01 2.788453595712780952e-03
6.650390625000000000e-01 2.983508110046386719e-01 7.288697641342878342e-03
4.150390625000000000e-01 2.988505661487579346e-01 8.659781888127326965e-03
9.150390625000000000e-01 2.993503212928771973e-01 8.881768444553017616e-04
1.025390625000000000e-01 2.998500764369964600e-01 1.244789804331958294e-03
6.025390625000000000e-01 3.003498315811157227e-01 8.432349190115928650e-03
3.525390625000000000e-01 3.008495867252349854e-01 7.661826908588409424e-03
8.525390625000000000e-01 3.013493120670318604e-01 2.324732486158609390e-03
2.275390625000000000e-01 3.018490672111511230e-01 4.545204807072877884e-03
7.275390625000000000e-01 3.023488223552703857e-01 5.782372318208217621e-03
4.775390625000000000e-01 3.028485774993896484e-01 9.162315167486667633e-03
9.775390625000000000e-01 3.033483326435089111e-01 7.097362686181440949e-05
2.441406250000000000e-02 3.038480877876281738e-01 8.353639714187011123e-05
5.244140625000000000e-01 3.043478131294250488e-01 9.161384776234626770e-03
2.744140625000000000e-01 3.048475682735443115e-01 5.840273573994636536e-03
7.744140625000000000e-01 3.053473234176635742e-01 4.496763460338115692e-03
1.494140625000000000e-01 3.058470785617828369e-01 2.380312653258442879e-03
6.494140625000000000e-01 3.063468337059020996e-01 7.640653289854526520e-03
3.994140625000000000e-01 3.068465888500213623e-01 8.483537472784519196e-03
8.994140625000000000e-01 3.073463141918182373e-01 1.206852379254996777e-03
8.691406250000000000e-02 3.078460693359375000e-01 9.288431610912084579e-04
5.869140625000000000e-01 3.083458244800567627e-01 8.670535869896411896e-03
3.369140625000000000e-01 3.088455796241760254e-01 7.363248616456985474e-03
8.369140625000000000e-01 3.093453347682952881e-01 2.748907776549458504e-03
2.119140625000000000e-01 3.098450899124145508e-01 4.116275813430547714e-03
7.119140625000000000e-01 3.103448152542114258e-01 6.208801176398992538e-03
4.619140625000000000e-01 3.108445703983306885e-01 9.120178408920764923e-03
9.619140625000000000e-01 3.113443255424499512e-01 1.981741806957870722e-04
5.566406250000000000e-02 3.118440806865692139e-01 4.080505750607699156e-04
5.556640625000000000e-01 3.123438358306884766e-01 9.003743529319763184e-03
3.056640625000000000e-01 3.128435909748077393e-01 6.653751246631145477e-03
8.056640625000000000e-01 3.133433163166046143e-01 3.621712792664766312e-03
1.806640625000000000e-01 3.138430714607238770e-01 3.237628610804677010e-03
6.806640625000000000e-01 3.143428266048431396e-01 6.981982849538326263e-03
4.306640625000000000e-01 3.148425817489624023e-01 8.885638788342475891e-03
9.306640625000000000e-01 3.153423368930816650e-01 6.155055016279220581e-04
1.181640625000000000e-01 3.158420920372009277e-01 1.605199999175965786e-03
6.181640625000000000e-01 3.163418173789978027e-01 8.237506262958049774e-03
3.681640625000000000e-01 3.168415725231170654e-01 8.001592010259628296e-03
8.681640625000000000e-01 3.173413276672363281e-01 1.937336521223187447e-03
2.431640625000000000e-01 3.178410828113555908e-01 5.009373649954795837e-03
7.431640625000000000e-01 3.183408379554748535e-01 5.388996563851833344e-03
4.931640625000000000e-01 3.188405930995941162e-01 9.242485277354717255e-03
9.931640625000000000e-01 3.193403184413909912e-01 6.819490408815909177e-06
4.882812500000000000e-03 3.198400735855102539e-01 3.493360964057501405e-06
5.048828125000000000e-01 3.203398287296295166e-01 9.246807545423507690e-03
2.548828125000000000e-01 3.208395838737487793e-01 5.337807815521955490e-03
7.548828125000000000e-01 3.213393390178680420e-01 5.067290272563695908e-03
1.298828125000000000e-01 3.218390941619873047e-01 1.890441286377608776e-03
6.298828125000000000e-01 3.223388195037841797e-01 8.045181632041931152e-03
3.798828125000000000e-01 3.228385746479034424e-01 8.215173147618770599e-03
8.798828125000000000e-01 3.233383297920227051e-01 1.653713756240904331e-03
6.738281250000000000e-02 3.238380849361419678e-01 5.847017164342105389e-04
5.673828125000000000e-01 3.243378400802612305e-01 8.921065367758274078e-03
3.173828125000000000e-01 3.248375952243804932e-01 6.950308568775653839e-03
8.173828125000000000e-01 3.253373205661773682e-01 3.299450268968939781e-03
1.923828125000000000e-01 3.258370757102966309e-01 3.574982285499572754e-03
6.923828125000000000e-01 3.263368308544158936e-01 6.718393415212631226e-03
4.423828125000000000e-01 3.268365859985351562e-01 9.012400172650814056e-03
9.423828125000000000e-01 3.273363411426544189e-01 4.366656357888132334e-04
3.613281250000000000e-02 3.278360962867736816e-01 1.796573778847232461e-04
5.361328125000000000e-01 3.283358216285705566e-01 9.161250665783882141e-03
2.861328125000000000e-01 3.288355767726898193e-01 6.180260796099901199e-03
7.861328125000000000e-01 3.293353319168090820e-01 4.187254700809717178e-03
1.611328125000000000e-01 3.298350870609283447e-01 2.706541214138269424e-03
6.611328125000000000e-01 3.303348422050476074e-01 7.435432635247707367e-03
4.111328125000000000e-01 3.308345973491668701e-01 8.683140389621257782e-03
9.111328125000000000e-01 3.313343226909637451e-01 9.712492465041577816e-04
9.863281250000000000e-02 3.318340778350830078e-01 1.170943491160869598e-03
5.986328125000000000e-01 3.323338329792022705e-01 8.552598766982555389e-03
3.486328125000000000e-01 3.328335881233215332e-01 7.639830932021141052e-03
8.486328125000000000e-01 3.333333432674407959e-01 2.444552257657051086e-03
2.236328125000000000e-01 3.338330686092376709e-01 4.465816076844930649e-03
7.236328125000000000e-01 3.343328237533569336e-01 5.925196688622236252e-03
4.736328125000000000e-01 3.348325788974761963e-01 9.207693859934806824e-03
9.736328125000000000e-01 3.353323340415954590e-01 9.763433627085760236e-05
2.050781250000000000e-02 3.358320891857147217e-01 5.977486216579563916e-05
5.205078125000000000e-01 3.363318443298339844e-01 9.227572940289974213e-03
2.705078125000000000e-01 3.368315696716308594e-01 5.768479779362678528e-03
7.705078125000000000e-01 3.373313248157501221e-01 4.631690215319395065e-03
1.455078125000000000e-01 3.378310799598693848e-01 2.289950149133801460e-03
6.455078125000000000e-01 3.383308351039886475e-01 7.756032980978488922e-03
3.955078125000000000e-01 3.388305902481079102e-01 8.466416969895362854e-03
8.955078125000000000e-01 3.393303453922271729e-01 1.296874135732650757e-03
8.300781250000000000e-02 3.398300707340240479e-01 8.581090951338410378e-04
5.830078125000000000e-01 3.403298258781433105e-01 8.753027766942977905e-03
3.330078125000000000e-01 3.408295810222625732e-01 7.306056097149848938e-03
8.330078125000000000e-01 3.413293361663818359e-01 2.865501912310719490e-03
2.080078125000000000e-01 3.418290913105010986e-01 4.018717911094427109e-03
7.080078125000000000e-01 3.423288464546203613e-01 6.328192073851823807e-03
4.580078125000000000e-01 3.428285717964172363e-01 9.123599156737327576e-03
9.580078125000000000e-01 3.433283269405364990e-01 2.395969349890947342e-04
5.175781250000000000e-02 3.438280820846557617e-01 3.565881925169378519e-04
5.517578125000000000e-01 3.443278372287750244e-01 9.054575115442276001e-03
3.017578125000000000e-01 3.448275923728942871e-01 6.571165751665830612e-03
8.017578125000000000e-01 3.453273475170135498e-01 3.739020554348826408e-03
1.767578125000000000e-01 3.458270728588104248e-01 3.133693709969520569e-03
6.767578125000000000e-01 3.463268280029296875e-01 7.081578951328992844e-03
4.267578125000000000e-01 3.468265831470489502e-01 8.855409920215606689e-03
9.267578125000000000e-01 3.473263382911682129e-01 6.816870300099253654e-04
1.142578125000000000e-01 3.478260934352874756e-01 1.515218988060951233e-03
6.142578125000000000e-01 3.483258485794067383e-01 8.305052295327186584e-03
3.642578125000000000e-01 3.488255739212036133e-01 7.932001724839210510e-03
8.642578125000000000e-01 3.493253290653228760e-01 2.035514684394001961e-03
2.392578125000000000e-01 3.498250842094421387e-01 4.899126011878252029e-03
7.392578125000000000e-01 3.503248393535614014e-01 5.493863485753536224e-03
4.892578125000000000e-01 3.508245944976806641e-01 9.231944568455219269e-03
9.892578125000000000e-01 3.513243496417999268e-01 1.669428820605389774e-05
1.269531250000000000e-02 3.518240749835968018e-01 2.322205000382382423e-05
5.126953125000000000e-01 3.523238301277160645e-01 9.225240908563137054e-03
2.626953125000000000e-01 3.528235852718353271e-01 5.543723702430725098e-03
7.626953125000000000e-01 3.533233404159545898e-01 4.840179346501827240e-03
1.376953125000000000e-01 3.538230955600738525e-01 2.082806313410401344e-03
6.376953125000000000e-01 3.543228507041931152e-01 7.885049097239971161e-03
3.876953125000000000e-01 3.548225760459899902e-01 8.323113434016704559e-03
8.876953125000000000e-01 3.553223311901092529e-01 1.467679860070347786e-03
7.519531250000000000e-02 3.558220863342285156e-01 7.140458910726010799e-04
5.751953125000000000e-01 3.563218414783477783e-01 8.814329281449317932e-03
3.251953125000000000e-01 3.568215966224670410e-01 7.108186371624469757e-03
8.251953125000000000e-01 3.573213517665863037e-01 3.070904640480875969e-03
2.001953125000000000e-01 3.578210771083831787e-01 3.783150808885693550e-03
7.001953125000000000e-01 3.583208322525024414e-01 6.501644384115934372e-03
4.501953125000000000e-01 3.588205873966217041e-01 9.037647396326065063e-03
9.501953125000000000e-01 3.593203425407409668e-01 3.303162229713052511e-04
4.394531250000000000e-02 3.598200976848602295e-01 2.603034954518079758e-04
5.439453125000000000e-01 3.603198528289794922e-01 9.073154069483280182e-03
2.939453125000000000e-01 3.608195781707763672e-01 6.349605973809957504e-03
7.939453125000000000e-01 3.613193333148956299e-01 3.944618161767721176e-03
1.689453125000000000e-01 3.618190884590148926e-01 2.904896158725023270e-03
6.689453125000000000e-01 3.623188436031341553e-01 7.225680630654096603e-03
4.189453125000000000e-01 3.628185987472534180e-01 8.728998713195323944e-03
9.189453125000000000e-01 3.633183538913726807e-01 8.170857909135520458e-04
1.064453125000000000e-01 3.638180792331695557e-01 1.332116895355284214e-03
6.064453125000000000e-01 3.643178343772888184e-01 8.385981433093547821e-03
3.564453125000000000e-01 3.648175895214080811e-01 7.745141629129648209e-03
8.564453125000000000e-01 3.653173446655273438e-01 2.224424155429005623e-03
2.314453125000000000e-01 3.658170998096466064e-01 4.655212163925170898e-03
7.314453125000000000e-01 3.663168549537658691e-01 5.675843451172113419e-03
4.814453125000000000e-01 3.668165802955627441e-01 9.166237898170948029e-03
9.814453125000000000e-01 3.673163354396820068e-01 4.875879312749020755e-05
2.832031250000000000e-02 3.678160905838012695e-01 1.113165926653891802e-04
5.283203125000000000e-01 3.683158457279205322e-01 9.126608259975910187e-03
2.783203125000000000e-01 3.688156008720397949e-01 5.927895661443471909e-03
7.783203125000000000e-01 3.693153560161590576e-01 4.373109433799982071e-03
1.533203125000000000e-01 3.698150813579559326e-01 2.474903594702482224e-03
6.533203125000000000e-01 3.703148365020751953e-01 7.532292045652866364e-03
4.033203125000000000e-01 3.708145916461944580e-01 8.501525036990642548e-03
9.033203125000000000e-01 3.713143467903137207e-01 1.119342050515115261e-03
9.082031250000000000e-02 3.718141019344329834e-01 1.000386080704629421e-03
5.908203125000000000e-01 3.723138570785522461e-01 8.573008701205253601e-03
3.408203125000000000e-01 3.728135824203491211e-01 7.401906419545412064e-03
8.408203125000000000e-01 3.733133375644683838e-01 2.626371104270219803e-03
2.158203125000000000e-01 3.738130927085876465e-01 4.198346287012100220e-03
7.158203125000000000e-01 3.743128478527069092e-01 6.063777953386306763e-03
4.658203125000000000e-01 3.748126029968261719e-01 9.070812724530696869e-03
9.658203125000000000e-01 3.753123581409454346e-01 1.596054062247276306e-04
5.957031250000000000e-02 3.758120834827423096e-01 4.595300415530800819e-04
5.595703125000000000e-01 3.763118386268615723e-01 8.890892378985881805e-03
3.095703125000000000e-01 3.768115937709808350e-01 6.685292813926935196e-03
8.095703125000000000e-01 3.773113489151000977e-01 3.477124497294425964e-03
1.845703125000000000e-01 3.778111040592193604e-01 3.312958637252449989e-03
6.845703125000000000e-01 3.783108592033386230e-01 6.817679852247238159e-03
4.345703125000000000e-01 3.788105845451354980e-01 8.825666271150112152e-03
9.345703125000000000e-01 3.793103396892547607e-01 5.464083515107631683e-04
1.220703125000000000e-01 3.798100948333740234e-01 1.677859108895063400e-03
6.220703125000000000e-01 3.803098499774932861e-01 8.072122931480407715e-03
3.720703125000000000e-01 3.808096051216125488e-01 7.969450205564498901e-03
8.720703125000000000e-01 3.813093304634094238e-01 1.816645730286836624e-03
2.470703125000000000e-01 3.818090856075286865e-01 5.049419589340686798e-03
7.470703125000000000e-01 3.823088407516479492e-01 5.208103917539119720e-03
4.970703125000000000e-01 3.828085958957672119e-01 9.113215841352939606e-03
9.970703125000000000e-01 3.833083510398864746e-01 1.243880319634627085e-06
2.929687500000000000e-03 3.838081061840057373e-01 1.243484007318329532e-06
5.029296875000000000e-01 3.843078315258026123e-01 9.104511700570583344e-03
2.529296875000000000e-01 3.848075866699218750e-01 5.199817940592765808e-03
7.529296875000000000e-01 3.853073418140411377e-01 5.038176663219928741e-03
1.279296875000000000e-01 3.858070969581604004e-01 1.811446389183402061e-03
6.279296875000000000e-01 3.863068521022796631e-01 7.941581308841705322e-03
3.779296875000000000e-01 3.868066072463989258e-01 8.038773201406002045e-03
8.779296875000000000e-01 3.873063325881958008e-01 1.669863471761345863e-03
6.542968750000000000e-02 3.878060877323150635e-01 5.434583872556686401e-04
5.654296875000000000e-01 3.883058428764343262e-01 8.772430010139942169e-03
3.154296875000000000e-01 3.888055980205535889e-01 6.772241555154323578e-03
8.154296875000000000e-01 3.893053531646728516e-01 3.288783831521868706e-03
1.904296875000000000e-01 3.898051083087921143e-01 3.449555952101945877e-03
6.904296875000000000e-01 3.903048336505889893e-01 6.628068629652261734e-03
4.404296875000000000e-01 3.908045887947082520e-01 8.809178136289119720e-03
9.404296875000000000e-01 3.913043439388275146e-01 4.550168232526630163e-04
3.417968750000000000e-02 3.918040990829467773e-01 1.579373492859303951e-04
5.341796875000000000e-01 3.923038542270660400e-01 8.970304392278194427e-03
2.841796875000000000e-01 3.928036093711853027e-01 5.992774385958909988e-03
7.841796875000000000e-01 3.933033347129821777e-01 4.146547522395849228e-03
1.591796875000000000e-01 3.938030898571014404e-01 2.592317294329404831e-03
6.591796875000000000e-01 3.943028450012207031e-01 7.301288656890392303e-03
4.091796875000000000e-01 3.948026001453399658e-01 8.451097644865512848e-03
9.091796875000000000e-01 3.953023552894592285e-01 9.855334646999835968e-04
9.667968750000000000e-02 3.958021104335784912e-01 1.102022593840956688e-03
5.966796875000000000e-01 3.963018357753753662e-01 8.364663459360599518e-03
3.466796875000000000e-01 3.968015909194946289e-01 7.406326942145824432e-03
8.466796875000000000e-01 3.973013460636138916e-01 2.431970089673995972e-03
2.216796875000000000e-01 3.978011012077331543e-01 4.294517915695905685e-03
7.216796875000000000e-01 3.983008563518524170e-01 5.817665252834558487e-03
4.716796875000000000e-01 3.988006114959716797e-01 8.951212279498577118e-03
9.716796875000000000e-01 3.993003368377685547e-01 1.091080412152223289e-04
1.855468750000000000e-02 3.998000919818878174e-01 4.776109562953934073e-05
5.185546875000000000e-01 4.002998471260070801e-01 8.972981944680213928e-03
2.685546875000000000e-01 4.007996022701263428e-01 5.552654154598712921e-03
7.685546875000000000e-01 4.012993574142456055e-01 4.551287274807691574e-03
1.435546875000000000e-01 4.017991125583648682e-01 2.173387445509433746e-03
6.435546875000000000e-01 4.022988379001617432e-01 7.562645711004734039e-03
3.935546875000000000e-01 4.027985930442810059e-01 8.183198049664497375e-03
8.935546875000000000e-01 4.032983481884002686e-01 1.299081020988523960e-03
8.105468750000000000e-02 4.037981033325195312e-01 7.963181706145405769e-04
5.810546875000000000e-01 4.042978584766387939e-01 8.501753211021423340e-03
3.310546875000000000e-01 4.047976136207580566e-01 7.033119443804025650e-03
8.310546875000000000e-01 4.052973389625549316e-01 2.825693227350711823e-03
2.060546875000000000e-01 4.057970941066741943e-01 3.834639908745884895e-03
7.060546875000000000e-01 4.062968492507934570e-01 6.168675143271684647e-03
4.560546875000000000e-01 4.067966043949127197e-01 8.809046819806098938e-03
9.560546875000000000e-01 4.072963595390319824e-01 2.525668242014944553e-04
4.980468750000000000e-02 4.077961146831512451e-01 3.202962107025086880e-04
5.498046875000000000e-01 4.082958400249481201e-01 8.757960982620716095e-03
2.998046875000000000e-01 4.087955951690673828e-01 6.296464707702398300e-03
7.998046875000000000e-01 4.092953503131866455e-01 3.661452094092965126e-03
1.748046875000000000e-01 4.097951054573059082e-01 2.970243338495492935e-03
6.748046875000000000e-01 4.102948606014251709e-01 6.870851851999759674e-03
4.248046875000000000e-01 4.107946157455444336e-01 8.514662273228168488e-03
9.248046875000000000e-01 4.112943410873413086e-01 6.893356912769377232e-04
1.123046875000000000e-01 4.117940962314605713e-01 1.415997627191245556e-03
6.123046875000000000e-01 4.122938513755798340e-01 8.024972863495349884e-03
3.623046875000000000e-01 4.127936065196990967e-01 7.597817573696374893e-03
8.623046875000000000e-01 4.132933616638183594e-01 2.005673479288816452e-03
2.373046875000000000e-01 4.137931168079376221e-01 4.658004734665155411e-03
7.373046875000000000e-01 4.142928421497344971e-01 5.331718362867832184e-03
4.873046875000000000e-01 4.147925972938537598e-01 8.866872638463973999e-03
9.873046875000000000e-01 4.152923524379730225e-01 2.230594691354781389e-05
1.074218750000000000e-02 4.157921075820922852e-01 1.602564407221507281e-05
5.107421875000000000e-01 4.162918627262115479e-01 8.856629021465778351e-03
2.607421875000000000e-01 4.167916178703308105e-01 5.267214030027389526e-03
7.607421875000000000e-01 4.172913432121276855e-01 4.694070201367139816e-03
1.357421875000000000e-01 4.177910983562469482e-01 1.949095632880926132e-03
6.357421875000000000e-01 4.182908535003662109e-01 7.590492255985736847e-03
3.857421875000000000e-01 4.187906086444854736e-01 7.942511700093746185e-03
8.857421875000000000e-01 4.192903637886047363e-01 1.448169583454728127e-03
7.324218750000000000e-02 4.197901189327239990e-01 6.511147366836667061e-04
5.732421875000000000e-01 4.202898442745208740e-01 8.452981710433959961e-03
3.232421875000000000e-01 4.207895994186401367e-01 6.755544338375329971e-03
8.232421875000000000e-01 4.212893545627593994e-01 2.987555228173732758e-03
1.982421875000000000e-01 4.217891097068786621e-01 3.562431083992123604e-03
6.982421875000000000e-01 4.222888648509979248e-01 6.256915628910064697e-03
4.482421875000000000e-01 4.227886199951171875e-01 8.616195060312747955e-03
9.482421875000000000e-01 4.232883453369140625e-01 3.391127684153616428e-04
4.199218750000000000e-02 4.237881004810333252e-01 2.277132734889164567e-04
5.419921875000000000e-01 4.242878556251525879e-01 8.665691129863262177e-03
2.919921875000000000e-01 4.247876107692718506e-01 6.006850395351648331e-03
7.919921875000000000e-01 4.252873659133911133e-01 3.812282579019665718e-03
1.669921875000000000e-01 4.257871210575103760e-01 2.716619754210114479e-03
6.669921875000000000e-01 4.262868463993072510e-01 6.922164466232061386e-03
4.169921875000000000e-01 4.267866015434265137e-01 8.287967182695865631e-03
9.169921875000000000e-01 4.272863566875457764e-01 8.120134589262306690e-04
1.044921875000000000e-01 4.277861118316650391e-01 1.226449967361986637e-03
6.044921875000000000e-01 4.282858669757843018e-01 8.001716807484626770e-03
3.544921875000000000e-01 4.287855923175811768e-01 7.325796876102685928e-03
8.544921875000000000e-01 4.292853474617004395e-01 2.161587821319699287e-03
2.294921875000000000e-01 4.297851026058197021e-01 4.369365517050027847e-03
7.294921875000000000e-01 4.302848577499389648e-01 5.438416730612516403e-03
4.794921875000000000e-01 4.307846128940582275e-01 8.694228716194629669e-03
9.794921875000000000e-01 4.312843680381774902e-01 5.628526196232996881e-05
2.636718750000000000e-02 4.317840933799743652e-01 9.187799150822684169e-05
5.263671875000000000e-01 4.322838485240936279e-01 8.659496903419494629e-03
2.763671875000000000e-01 4.327836036682128906e-01 5.569007713347673416e-03
7.763671875000000000e-01 4.332833588123321533e-01 4.194781649857759476e-03
1.513671875000000000e-01 4.337831139564514160e-01 2.294781617820262909e-03
6.513671875000000000e-01 4.342828691005706787e-01 7.167365867644548416e-03
4.013671875000000000e-01 4.347825944423675537e-01 8.018773049116134644e-03
9.013671875000000000e-01 4.352823495864868164e-01 1.097185653634369373e-03
8.886718750000000000e-02 4.357821047306060791e-01 9.095140267163515091e-04
5.888671875000000000e-01 4.362818598747253418e-01 8.126249536871910095e-03
3.388671875000000000e-01 4.367816150188446045e-01 6.954315584152936935e-03
8.388671875000000000e-01 4.372813701629638672e-01 2.529868390411138535e-03
2.138671875000000000e-01 4.377810955047607422e-01 3.911542706191539764e-03
7.138671875000000000e-01 4.382808506488800049e-01 5.769804585725069046e-03
4.638671875000000000e-01 4.387806057929992676e-01 8.547613397240638733e-03
9.638671875000000000e-01 4.392803609371185303e-01 1.675217499723657966e-04
5.761718750000000000e-02 4.397801160812377930e-01 4.069222486577928066e-04
5.576171875000000000e-01 4.402798712253570557e-01 8.393431082367897034e-03
3.076171875000000000e-01 4.407795965671539307e-01 6.253185216337442398e-03
8.076171875000000000e-01 4.412793517112731934e-01 3.325421595945954323e-03
1.826171875000000000e-01 4.417791068553924561e-01 3.067266894504427910e-03
6.826171875000000000e-01 4.422788619995117188e-01 6.457310169935226440e-03
4.326171875000000000e-01 4.427786171436309814e-01 8.283276110887527466e-03
9.326171875000000000e-01 4.432783722877502441e-01 5.425725830718874931e-04
1.201171875000000000e-01 4.437780976295471191e-01 1.533634960651397705e-03
6.201171875000000000e-01 4.442778527736663818e-01 7.614070083945989609e-03
3.701171875000000000e-01 4.447776079177856445e-01 7.452035322785377502e-03
8.701171875000000000e-01 4.452773630619049072e-01 1.750013092532753944e-03
2.451171875000000000e-01 4.457771182060241699e-01 4.688061308115720749e-03
7.451171875000000000e-01 4.462768733501434326e-01 4.935372155159711838e-03
4.951171875000000000e-01 4.467765986919403076e-01 8.544539101421833038e-03
9.951171875000000000e-01 4.472763538360595703e-01 3.226120497856754810e-06
6.835937500000000000e-03 4.477761089801788330e-01 6.294039394560968503e-06
5.068359375000000000e-01 4.482758641242980957e-01 8.525247685611248016e-03
2.568359375000000000e-01 4.487756192684173584e-01 4.967833869159221649e-03
7.568359375000000000e-01 4.492753744125366211e-01 4.615128971636295319e-03
1.318359375000000000e-01 4.497750997543334961e-01 1.783803803846240044e-03
6.318359375000000000e-01 4.502748548984527588e-01 7.363094016909599304e-03
3.818359375000000000e-01 4.507746100425720215e-01 7.575682364404201508e-03
8.818359375000000000e-01 4.512743651866912842e-01 1.475358381867408752e-03
6.933593750000000000e-02 4.517741203308105469e-01 5.653834668919444084e-04
5.693359375000000000e-01 4.522738754749298096e-01 8.157233707606792450e-03
3.193359375000000000e-01 4.527736008167266846e-01 6.405845750123262405e-03
8.193359375000000000e-01 4.532733559608459473e-01 2.968713175505399704e-03
1.943359375000000000e-01 4.537731111049652100e-01 3.318937495350837708e-03
6.943359375000000000e-01 4.542728662490844727e-01 6.093908566981554031e-03
4.443359375000000000e-01 4.547726213932037354e-01 8.241326548159122467e-03
9.443359375000000000e-01 4.552723765373229980e-01 3.732784534804522991e-04
3.808593750000000000e-02 4.557721018791198730e-01 1.811803958844393492e-04
5.380859375000000000e-01 4.562718570232391357e-01 8.333221077919006348e-03
2.880859375000000000e-01 4.567716121673583984e-01 5.669741425663232803e-03
7.880859375000000000e-01 4.572713673114776611e-01 3.756697755306959152e-03
1.630859375000000000e-01 4.577711224555969238e-01 2.507312456145882607e-03
6.630859375000000000e-01 4.582708775997161865e-01 6.712194532155990601e-03
4.130859375000000000e-01 4.587706029415130615e-01 7.899291813373565674e-03
9.130859375000000000e-01 4.592703580856323242e-01 8.457308285869657993e-04
1.005859375000000000e-01 4.597701132297515869e-01 1.098226406611502171e-03
6.005859375000000000e-01 4.602698683738708496e-01 7.715479005128145218e-03
3.505859375000000000e-01 4.607696235179901123e-01 6.944881286472082138e-03
8.505859375000000000e-01 4.612693786621093750e-01 2.162306802347302437e-03
2.255859375000000000e-01 4.617691040039062500e-01 4.082560539245605469e-03
7.255859375000000000e-01 4.622688591480255127e-01 5.299262702465057373e-03
4.755859375000000000e-01 4.627686142921447754e-01 8.307938463985919952e-03
9.755859375000000000e-01 4.632683694362640381e-01 7.571085734525695443e-05
2.246093750000000000e-02 4.637681245803833008e-01 6.428804044844582677e-05
5.224609375000000000e-01 4.642678797245025635e-01 8.294486440718173981e-03
2.724609375000000000e-01 4.647676050662994385e-01 5.231687799096107483e-03
7.724609375000000000e-01 4.652673602104187012e-01 4.109992180019617081e-03
1.474609375000000000e-01 4.657671153545379639e-01 2.100934507325291634e-03
6.474609375000000000e-01 4.662668704986572266e-01 6.920292973518371582e-03
3.974609375000000000e-01 4.667666256427764893e-01 7.611912209540605545e-03
8.974609375000000000e-01 4.672663807868957520e-01 1.123038236983120441e-03
8.496093750000000000e-02 4.677661061286926270e-01 8.008509175851941109e-04
5.849609375000000000e-01 4.682658612728118896e-01 7.803927175700664520e-03
3.349609375000000000e-01 4.687656164169311523e-01 6.564637180417776108e-03
8.349609375000000000e-01 4.692653715610504150e-01 2.510031918063759804e-03
2.099609375000000000e-01 4.697651267051696777e-01 3.634054912254214287e-03
7.099609375000000000e-01 4.702648818492889404e-01 5.595539230853319168e-03
4.599609375000000000e-01 4.707646071910858154e-01 8.135678246617317200e-03
9.599609375000000000e-01 4.712643623352050781e-01 1.946330885402858257e-04
5.371093750000000000e-02 4.717641174793243408e-01 3.400587011128664017e-04
5.537109375000000000e-01 4.722638726234436035e-01 8.031876757740974426e-03
3.037109375000000000e-01 4.727636277675628662e-01 5.876986775547266006e-03
8.037109375000000000e-01 4.732633829116821289e-01 3.267998574301600456e-03
1.787109375000000000e-01 4.737631082534790039e-01 2.826299518346786499e-03
6.787109375000000000e-01 4.742628633975982666e-01 6.233300548046827316e-03
4.287109375000000000e-01 4.747626185417175293e-01 7.856492884457111359e-03
9.287109375000000000e-01 4.752623736858367920e-01 5.736206076107919216e-04
1.162109375000000000e-01 4.757621288299560547e-01 1.379233784973621368e-03
6.162109375000000000e-01 4.762618541717529297e-01 7.306648418307304382e-03
3.662109375000000000e-01 4.767616093158721924e-01 7.031575310975313187e-03
8.662109375000000000e-01 4.772613644599914551e-01 1.751515665091574192e-03
2.412109375000000000e-01 4.777611196041107178e-01 4.365010652691125870e-03
7.412109375000000000e-01 4.782608747482299805e-01 4.790127743035554886e-03
4.912109375000000000e-01 4.787606298923492432e-01 8.124646730720996857e-03
9.912109375000000000e-01 4.792603552341461182e-01 9.863478226179722697e-06
1.464843750000000000e-02 4.797601103782653809e-01 2.705181941564660519e-05
5.146484375000000000e-01 4.802598655223846436e-01 8.094367571175098419e-03
2.646484375000000000e-01 4.807596206665039062e-01 4.909006878733634949e-03
7.646484375000000000e-01 4.812593758106231689e-01 4.194088280200958252e-03
1.396484375000000000e-01 4.817591309547424316e-01 1.867744023911654949e-03
6.396484375000000000e-01 4.822588562965393066e-01 6.868170574307441711e-03
3.896484375000000000e-01 4.827586114406585693e-01 7.305038627237081528e-03
8.896484375000000000e-01 4.832583665847778320e-01 1.243712846189737320e-03
7.714843750000000000e-02 4.837581217288970947e-01 6.535107968375086784e-04
5.771484375000000000e-01 4.842578768730163574e-01 7.671721279621124268e-03
3.271484375000000000e-01 4.847576320171356201e-01 6.235567852854728699e-03
8.271484375000000000e-01 4.852573573589324951e-01 2.628245390951633453e-03
2.021484375000000000e-01 4.857571125030517578e-01 3.341494128108024597e-03
7.021484375000000000e-01 4.862568676471710205e-01 5.613264162093400955e-03
4.521484375000000000e-01 4.867566227912902832e-01 7.867675274610519409e-03
9.521484375000000000e-01 4.872563779354095459e-01 2.659252495504915714e-04
4.589843750000000000e-02 4.877561330795288086e-01 2.454377245157957077e-04
5.458984375000000000e-01 4.882558584213256836e-01 7.857472635805606842e-03
2.958984375000000000e-01 4.887556135654449463e-01 5.545042920857667923e-03
7.958984375000000000e-01 4.892553687095642090e-01 3.367837984114885330e-03
1.708984375000000000e-01 4.897551238536834717e-01 2.559928921982645988e-03
6.708984375000000000e-01 4.902548789978027344e-01 6.210142280906438828e-03
4.208984375000000000e-01 4.907546341419219971e-01 7.561060134321451187e-03
9.208984375000000000e-01 4.912543594837188721e-01 6.746856379322707653e-04
1.083984375000000000e-01 4.917541146278381348e-01 1.186542911455035210e-03
6.083984375000000000e-01 4.922538697719573975e-01 7.203562185168266296e-03
3.583984375000000000e-01 4.927536249160766602e-01 6.703950464725494385e-03
8.583984375000000000e-01 4.932533800601959229e-01 1.871396321803331375e-03
2.333984375000000000e-01 4.937531352043151855e-01 4.051071126013994217e-03
7.333984375000000000e-01 4.942528605461120605e-01 4.833051003515720367e-03
4.833984375000000000e-01 4.947526156902313232e-01 7.876224815845489502e-03
9.833984375000000000e-01 4.952523708343505859e-01 3.363040377735160291e-05
3.027343750000000000e-02 4.957521259784698486e-01 1.086362681235186756e-04
5.302734375000000000e-01 4.962518811225891113e-01 7.813020609319210052e-03
2.802734375000000000e-01 4.967516362667083740e-01 5.119210109114646912e-03
7.802734375000000000e-01 4.972513616085052490e-01 3.694336628541350365e-03
1.552734375000000000e-01 4.977511167526245117e-01 2.160114934667944908e-03
6.552734375000000000e-01 4.982508718967437744e-01 6.400530692189931870e-03
4.052734375000000000e-01 4.987506270408630371e-01 7.279844023287296295e-03
9.052734375000000000e-01 4.992503821849822998e-01 9.205825044773519039e-04
9.277343750000000000e-02 4.997501373291015625e-01 8.859427762217819691e-04
5.927734375000000000e-01 5.002498626708984375e-01 7.280186284333467484e-03
3.427734375000000000e-01 5.007496476173400879e-01 6.334348581731319427e-03
8.427734375000000000e-01 5.012493729591369629e-01 2.189244376495480537e-03
2.177734375000000000e-01 5.017490983009338379e-01 3.614579094573855400e-03
7.177734375000000000e-01 5.022488832473754883e-01 5.106389988213777542e-03
4.677734375000000000e-01 5.027486085891723633e-01 7.704901508986949921e-03
9.677734375000000000e-01 5.032483935356140137e-01 1.207914829137735069e-04
6.152343750000000000e-02 5.037481188774108887e-01 4.135669732932001352e-04
5.615234375000000000e-01 5.042479038238525391e-01 7.512798998504877090e-03
3.115234375000000000e-01 5.047476291656494141e-01 5.694914143532514572e-03
8.115234375000000000e-01 5.052473545074462891e-01 2.893324475735425949e-03
1.865234375000000000e-01 5.057471394538879395e-01 2.844387432560324669e-03
6.865234375000000000e-01 5.062468647956848145e-01 5.716141778975725174e-03
4.365234375000000000e-01 5.067466497421264648e-01 7.459295913577079773e-03
9.365234375000000000e-01 5.072463750839233398e-01 4.352539544925093651e-04
1.240234375000000000e-01 5.077461004257202148e-01 1.452170079573988914e-03
6.240234375000000000e-01 5.082458853721618652e-01 6.765395868569612503e-03
3.740234375000000000e-01 5.087456107139587402e-01 6.730190012603998184e-03
8.740234375000000000e-01 5.092453956604003906e-01 1.486899331212043762e-03
2.490234375000000000e-01 5.097451210021972656e-01 4.284795373678207397e-03
7.490234375000000000e-01 5.102449059486389160e-01 4.325076472014188766e-03
4.990234375000000000e-01 5.107446312904357910e-01 7.641027215868234634e-03
9.990234375000000000e-01 5.112443566322326660e-01 1.162421270350932900e-07
4.882812500000000000e-04 5.117441415786743164e-01 2.905786544715738273e-08
5.004882812500000000e-01 5.122438669204711914e-01 7.616605143994092941e-03
2.504882812500000000e-01 5.127436518669128418e-01 4.290886223316192627e-03
7.504882812500000000e-01 5.132433772087097168e-01 4.263996146619319916e-03
1.254882812500000000e-01 5.137431025505065918e-01 1.462901826016604900e-03
6.254882812500000000e-01 5.142428874969482422e-01 6.658491212874650955e-03
3.754882812500000000e-01 5.147426128387451172e-01 6.665126420557498932e-03
8.754882812500000000e-01 5.152423977851867676e-01 1.438738778233528137e-03
6.298828125000000000e-02 5.157421231269836426e-01 4.213039646856486797e-04
5.629882812500000000e-01 5.162419080734252930e-01 7.312983740121126175e-03
3.129882812500000000e-01 5.167416334152221680e-01 5.579774267971515656e-03
8.129882812500000000e-01 5.172413587570190430e-01 2.786503406241536140e-03
1.879882812500000000e-01 5.177411437034606934e-01 2.805816242471337318e-03
6.879882812500000000e-01 5.182408690452575684e-01 5.542369559407234192e-03
4.379882812500000000e-01 5.187406539916992188e-01 7.279881741851568222e-03
9.379882812500000000e-01 5.192403793334960938e-01 4.060381033923476934e-04
3.173828125000000000e-02 5.197401046752929688e-01 1.132116667577065527e-04
5.317382812500000000e-01 5.202398896217346191e-01 7.423779461532831192e-03
2.817382812500000000e-01 5.207396149635314941e-01 4.898023325949907303e-03
7.817382812500000000e-01 5.212393999099731445e-01 3.478179452940821648e-03
1.567382812500000000e-01 5.217391252517700195e-01 2.084769774228334427e-03
6.567382812500000000e-01 5.222389101982116699e-01 6.057957187294960022e-03
4.067382812500000000e-01 5.227386355400085449e-01 6.932978983968496323e-03
9.067382812500000000e-01 5.232383608818054199e-01 8.504972211085259914e-04
9.423828125000000000e-02 5.237381458282470703e-01 8.655426208861172199e-04
5.942382812500000000e-01 5.242378711700439453e-01 6.898767780512571335e-03
3.442382812500000000e-01 5.247376561164855957e-01 6.039757281541824341e-03
8.442382812500000000e-01 5.252373814582824707e-01 2.047199755907058716e-03
2.192382812500000000e-01 5.257371068000793457e-01 3.464788664132356644e-03
7.192382812500000000e-01 5.262368917465209961e-01 4.816428758203983307e-03
4.692382812500000000e-01 5.267366170883178711e-01 7.317882031202316284e-03
9.692382812500000000e-01 5.272364020347595215e-01 1.047552432282827795e-04
1.611328125000000000e-02 5.277361273765563965e-01 2.958314871648326516e-05
5.161132812500000000e-01 5.282358527183532715e-01 7.332553155720233917e-03
2.661132812500000000e-01 5.287356376647949219e-01 4.478771705180406570e-03
7.661132812500000000e-01 5.292353630065917969e-01 3.765768371522426605e-03
1.411132812500000000e-01 5.297351479530334473e-01 1.720883068628609180e-03
6.411132812500000000e-01 5.302348732948303223e-01 6.194612942636013031e-03
3.911132812500000000e-01 5.307346582412719727e-01 6.628153380006551743e-03
8.911132812500000000e-01 5.312343835830688477e-01 1.099039567634463310e-03
7.861328125000000000e-02 5.317341089248657227e-01 6.117236916907131672e-04
5.786132812500000000e-01 5.322338938713073730e-01 6.923066452145576477e-03
3.286132812500000000e-01 5.327336192131042480e-01 5.661804229021072388e-03
8.286132812500000000e-01 5.332334041595458984e-01 2.343014581128954887e-03
2.036132812500000000e-01 5.337331295013427734e-01 3.051079344004392624e-03
7.036132812500000000e-01 5.342328548431396484e-01 5.040270276367664337e-03
4.536132812500000000e-01 5.347326397895812988e-01 7.110721431672573090e-03
9.536132812500000000e-01 5.352323651313781738e-01 2.262278139824047685e-04
4.736328125000000000e-02 5.357321500778198242e-01 2.350840368308126926e-04
5.473632812500000000e-01 5.362318754196166992e-01 7.079544011503458023e-03
2.973632812500000000e-01 5.367316603660583496e-01 5.028735846281051636e-03
7.973632812500000000e-01 5.372313857078552246e-01 3.003571182489395142e-03
1.723632812500000000e-01 5.377311110496520996e-01 2.338425489142537117e-03
6.723632812500000000e-01 5.382308959960937500e-01 5.569439381361007690e-03
4.223632812500000000e-01 5.387306213378906250e-01 6.822802126407623291e-03
9.223632812500000000e-01 5.392304062843322754e-01 5.870570894330739975e-04
1.098632812500000000e-01 5.397301316261291504e-01 1.093503786250948906e-03
6.098632812500000000e-01 5.402298569679260254e-01 6.464854814112186432e-03
3.598632812500000000e-01 5.407296419143676758e-01 6.052538752555847168e-03
8.598632812500000000e-01 5.412293672561645508e-01 1.653999206610023975e-03
2.348632812500000000e-01 5.417291522026062012e-01 3.673964645713567734e-03
7.348632812500000000e-01 5.422288775444030762e-01 4.313524346798658371e-03
4.848632812500000000e-01 5.427286624908447266e-01 7.079691626131534576e-03
9.848632812500000000e-01 5.432283878326416016e-01 2.518813744245562702e-05
8.300781250000000000e-03 5.437281131744384766e-01 7.670560989936348051e-06
5.083007812500000000e-01 5.442278981208801270e-01 7.061823736876249313e-03
2.583007812500000000e-01 5.447276234626770020e-01 4.144089296460151672e-03
7.583007812500000000e-01 5.452274084091186523e-01 3.787910565733909607e-03
1.333007812500000000e-01 5.457271337509155273e-01 1.503181294538080692e-03
6.333007812500000000e-01 5.462268590927124023e-01 6.065835710614919662e-03
3.833007812500000000e-01 5.467266440391540527e-01 6.276489701122045517e-03
8.833007812500000000e-01 5.472263693809509277e-01 1.192016876302659512e-03
7.080078125000000000e-02 5.477261543273925781e-01 4.849089891649782658e-04
5.708007812500000000e-01 5.482258796691894531e-01 6.715666968375444412e-03
3.208007812500000000e-01 5.487256646156311035e-01 5.305199883878231049e-03
8.208007812500000000e-01 5.492253899574279785e-01 2.414444694295525551e-03
1.958007812500000000e-01 5.497251152992248535e-01 2.763485535979270935e-03
6.958007812500000000e-01 5.502249002456665039e-01 4.986743908375501633e-03
4.458007812500000000e-01 5.507246255874633789e-01 6.785364355891942978e-03
9.458007812500000000e-01 5.512244105339050293e-01 2.917240781243890524e-04
3.955078125000000000e-02 5.517241358757019043e-01 1.599821844138205051e-04
5.395507812500000000e-01 5.522238612174987793e-01 6.833845749497413635e-03
2.895507812500000000e-01 5.527236461639404297e-01 4.679241683334112167e-03
7.895507812500000000e-01 5.532233715057373047e-01 3.048850921913981438e-03
1.645507812500000000e-01 5.537231564521789551e-01 2.084209583699703217e-03
6.645507812500000000e-01 5.542228817939758301e-01 5.473056342452764511e-03
4.145507812500000000e-01 5.547226667404174805e-01 6.478448398411273956e-03
9.145507812500000000e-01 5.552223920822143555e-01 6.707869470119476318e-04
1.020507812500000000e-01 5.557221174240112305e-01 9.210926946252584457e-04
6.020507812500000000e-01 5.562219023704528809e-01 6.287838332355022430e-03
3.520507812500000000e-01 5.567216277122497559e-01 5.692247301340103149e-03
8.520507812500000000e-01 5.572214126586914062e-01 1.736030564643442631e-03
2.270507812500000000e-01 5.577211380004882812e-01 3.360140370205044746e-03
7.270507812500000000e-01 5.582208633422851562e-01 4.290517419576644897e-03
4.770507812500000000e-01 5.587206482887268066e-01 6.771271117031574249e-03
9.770507812500000000e-01 5.592203736305236816e-01 5.462557965074665844e-05
2.392578125000000000e-02 5.597201585769653320e-01 5.917340240557678044e-05
5.239257812500000000e-01 5.602198839187622070e-01 6.740910466760396957e-03
2.739257812500000000e-01 5.607196688652038574e-01 4.280131775885820389e-03
7.739257812500000000e-01 5.612193942070007324e-01 3.307715989649295807e-03
1.489257812500000000e-01 5.617191195487976074e-01 1.733400276862084866e-03
6.489257812500000000e-01 5.622189044952392578e-01 5.592517554759979248e-03
3.989257812500000000e-01 5.627186298370361328e-01 6.186622660607099533e-03
8.989257812500000000e-01 5.632184147834777832e-01 8.870210149325430393e-04
8.642578125000000000e-02 5.637181401252746582e-01 6.689145229756832123e-04
5.864257812500000000e-01 5.642178654670715332e-01 6.302585359662771225e-03
3.364257812500000000e-01 5.647176504135131836e-01 5.332501605153083801e-03
8.364257812500000000e-01 5.652173757553100586e-01 2.000066218897700310e-03
2.114257812500000000e-01 5.657171607017517090e-01 2.965826541185379028e-03
7.114257812500000000e-01 5.662168860435485840e-01 4.490579478442668915e-03
4.614257812500000000e-01 5.667166709899902344e-01 6.570596247911453247e-03
9.614257812500000000e-01 5.672163963317871094e-01 1.461221982026472688e-04
5.517578125000000000e-02 5.677161216735839844e-01 2.883157285396009684e-04
5.551757812500000000e-01 5.682159066200256348e-01 6.460773758590221405e-03
3.051757812500000000e-01 5.687156319618225098e-01 4.756337031722068787e-03
8.051757812500000000e-01 5.692154169082641602e-01 2.599346917122602463e-03
1.801757812500000000e-01 5.697151422500610352e-01 2.301464090123772621e-03
6.801757812500000000e-01 5.702148675918579102e-01 4.984324797987937927e-03
4.301757812500000000e-01 5.707146525382995605e-01 6.319531239569187164e-03
9.301757812500000000e-01 5.712143778800964355e-01 4.430184490047395229e-04
1.176757812500000000e-01 5.717141628265380859e-01 1.130516640841960907e-03
6.176757812500000000e-01 5.722138881683349609e-01 5.839780438691377640e-03
3.676757812500000000e-01 5.727136135101318359e-01 5.651780869811773300e-03
8.676757812500000000e-01 5.732133984565734863e-01 1.376358326524496078e-03
2.426757812500000000e-01 5.737131237983703613e-01 3.521399106830358505e-03
7.426757812500000000e-01 5.742129087448120117e-01 3.802049672231078148e-03
4.926757812500000000e-01 5.747126340866088867e-01 6.493955850601196289e-03
9.926757812500000000e-01 5.752124190330505371e-01 5.486676400323631242e-06
4.394531250000000000e-03 5.757121443748474121e-01 1.983929678317508660e-06
5.043945312500000000e-01 5.762118697166442871e-01 6.466848310083150864e-03
2.543945312500000000e-01 5.767116546630859375e-01 3.717620391398668289e-03
7.543945312500000000e-01 5.772113800048828125e-01 3.542049322277307510e-03
1.293945312500000000e-01 5.777111649513244629e-01 1.307388301938772202e-03
6.293945312500000000e-01 5.782108902931213379e-01 5.596886854618787766e-03
3.793945312500000000e-01 5.787106156349182129e-01 5.694240797311067581e-03
8.793945312500000000e-01 5.792104005813598633e-01 1.153633464127779007e-03
6.689453125000000000e-02 5.797101259231567383e-01 3.989803080912679434e-04
5.668945312500000000e-01 5.802099108695983887e-01 6.163698621094226837e-03
3.168945312500000000e-01 5.807096362113952637e-01 4.784028977155685425e-03
8.168945312500000000e-01 5.812094211578369141e-01 2.280662534758448601e-03
1.918945312500000000e-01 5.817091464996337891e-01 2.447506878525018692e-03
6.918945312500000000e-01 5.822088718414306641e-01 4.618233535438776016e-03
4.418945312500000000e-01 5.827086567878723145e-01 6.171631626784801483e-03
9.418945312500000000e-01 5.832083821296691895e-01 3.034591791220009327e-04
3.564453125000000000e-02 5.837081670761108398e-01 1.195230506709776819e-04
5.356445312500000000e-01 5.842078924179077148e-01 6.248479709029197693e-03
2.856445312500000000e-01 5.847076177597045898e-01 4.198820330202579498e-03
7.856445312500000000e-01 5.852074027061462402e-01 2.855572151020169258e-03
1.606445312500000000e-01 5.857071280479431152e-01 1.827759901061654091e-03
6.606445312500000000e-01 5.862069129943847656e-01 5.045018624514341354e-03
4.106445312500000000e-01 5.867066383361816406e-01 5.869816988706588745e-03
9.106445312500000000e-01 5.872064232826232910e-01 6.625165115110576153e-04
9.814453125000000000e-02 5.877061486244201660e-01 7.826724322512745857e-04
5.981445312500000000e-01 5.882058739662170410e-01 5.762907676398754120e-03
3.481445312500000000e-01 5.887056589126586914e-01 5.128914490342140198e-03
8.481445312500000000e-01 5.892053842544555664e-01 1.649365294724702835e-03
2.231445312500000000e-01 5.897051692008972168e-01 2.983183600008487701e-03
7.231445312500000000e-01 5.902048945426940918e-01 3.972764126956462860e-03
4.731445312500000000e-01 5.907046198844909668e-01 6.149144377559423447e-03
9.731445312500000000e-01 5.912044048309326172e-01 6.747924635419622064e-05
2.001953125000000000e-02 5.917041301727294922e-01 3.796620876528322697e-05
5.200195312500000000e-01 5.922039151191711426e-01 6.135413423180580139e-03
2.700195312500000000e-01 5.927036404609680176e-01 3.820071229711174965e-03
7.700195312500000000e-01 5.932034254074096680e-01 3.078531706705689430e-03
1.450195312500000000e-01 5.937031507492065430e-01 1.506682252511382103e-03
6.450195312500000000e-01 5.942028760910034180e-01 5.129881203174591064e-03
3.950195312500000000e-01 5.947026610374450684e-01 5.579139571636915207e-03
8.950195312500000000e-01 5.952023863792419434e-01 8.610385120846331120e-04
8.251953125000000000e-02 5.957021713256835938e-01 5.581348668783903122e-04
5.825195312500000000e-01 5.962018966674804688e-01 5.749302916228771210e-03
3.325195312500000000e-01 5.967016220092773438e-01 4.781031981110572815e-03
8.325195312500000000e-01 5.972014069557189941e-01 1.883709337562322617e-03
2.075195312500000000e-01 5.977011322975158691e-01 2.616235287860035896e-03
7.075195312500000000e-01 5.982009172439575195e-01 4.135571885854005814e-03
4.575195312500000000e-01 5.987006425857543945e-01 5.939284339547157288e-03
9.575195312500000000e-01 5.992004275321960449e-01 1.592577173141762614e-04
5.126953125000000000e-02 5.997001528739929199e-01 2.273575373692438006e-04
5.512695312500000000e-01 6.001998782157897949e-01 5.870577879250049591e-03
3.012695312500000000e-01 6.006996631622314453e-01 4.244109150022268295e-03
8.012695312500000000e-01 6.011993885040283203e-01 2.424467355012893677e-03
1.762695312500000000e-01 6.016991734504699707e-01 2.012456767261028290e-03
6.762695312500000000e-01 6.021988987922668457e-01 4.567501600831747055e-03
4.262695312500000000e-01 6.026986241340637207e-01 5.690163932740688324e-03
9.262695312500000000e-01 6.031984090805053711e-01 4.429714463185518980e-04
1.137695312500000000e-01 6.036981344223022461e-01 9.638675255700945854e-04
6.137695312500000000e-01 6.041979193687438965e-01 5.319111049175262451e-03
3.637695312500000000e-01 6.046976447105407715e-01 5.061492789536714554e-03
8.637695312500000000e-01 6.051974296569824219e-01 1.306174672208726406e-03
2.387695312500000000e-01 6.056971549987792969e-01 3.111039055511355400e-03
7.387695312500000000e-01 6.061968803405761719e-01 3.501366823911666870e-03
4.887695312500000000e-01 6.066966652870178223e-01 5.859607830643653870e-03
9.887695312500000000e-01 6.071963906288146973e-01 1.155223435489460826e-05
1.220703125000000000e-02 6.076961755752563477e-01 1.359826728730695322e-05
5.122070312500000000e-01 6.081959009170532227e-01 5.828322842717170715e-03
2.622070312500000000e-01 6.086956262588500977e-01 3.488087095320224762e-03
7.622070312500000000e-01 6.091954112052917480e-01 3.056467976421117783e-03
1.372070312500000000e-01 6.096951365470886230e-01 1.301627140492200851e-03
6.372070312500000000e-01 6.101949214935302734e-01 4.954985808581113815e-03
3.872070312500000000e-01 6.106946468353271484e-01 5.210973788052797318e-03
8.872070312500000000e-01 6.111944317817687988e-01 9.252484887838363647e-04
7.470703125000000000e-02 6.116941571235656738e-01 4.407209053169935942e-04
5.747070312500000000e-01 6.121938824653625488e-01 5.500317551195621490e-03
3.247070312500000000e-01 6.126936674118041992e-01 4.418963100761175156e-03
8.247070312500000000e-01 6.131933927536010742e-01 1.917404006235301495e-03
1.997070312500000000e-01 6.136931777000427246e-01 2.339379861950874329e-03
6.997070312500000000e-01 6.141929030418395996e-01 4.036156926304101944e-03
4.497070312500000000e-01 6.146926283836364746e-01 5.588817410171031952e-03
9.497070312500000000e-01 6.151924133300781250e-01 2.078222605632618070e-04
4.345703125000000000e-02 6.156921386718750000e-01 1.571271568536758423e-04
5.434570312500000000e-01 6.161919236183166504e-01 5.587762221693992615e-03
2.934570312500000000e-01 6.166916489601135254e-01 3.895209403708577156e-03
7.934570312500000000e-01 6.171914339065551758e-01 2.429130487143993378e-03
1.684570312500000000e-01 6.176911592483520508e-01 1.771526993252336979e-03
6.684570312500000000e-01 6.181908845901489258e-01 4.426309838891029358e-03
4.184570312500000000e-01 6.186906695365905762e-01 5.327135324478149414e-03
9.184570312500000000e-01 6.191903948783874512e-01 5.036522052250802517e-04
1.059570312500000000e-01 6.196901798248291016e-01 8.043147972784936428e-04
6.059570312500000000e-01 6.201899051666259766e-01 5.100685637444257736e-03
3.559570312500000000e-01 6.206896305084228516e-01 4.693412687629461288e-03
8.559570312500000000e-01 6.211894154548645020e-01 1.355052925646305084e-03
2.309570312500000000e-01 6.216891407966613770e-01 2.806948963552713394e-03
7.309570312500000000e-01 6.221889257431030273e-01 3.434777725487947464e-03
4.809570312500000000e-01 6.226886510848999023e-01 5.524460691958665848e-03
9.809570312500000000e-01 6.231883764266967773e-01 3.087714867433533072e-05
2.783203125000000000e-02 6.236881613731384277e-01 6.465999467764049768e-05
5.278320312500000000e-01 6.241878867149353027e-01 5.475722253322601318e-03
2.778320312500000000e-01 6.246876716613769531e-01 3.542335471138358116e-03
7.778320312500000000e-01 6.251873970031738281e-01 2.622847910970449448e-03
1.528320312500000000e-01 6.256871819496154785e-01 1.469584181904792786e-03
6.528320312500000000e-01 6.261869072914123535e-01 4.494643304497003555e-03
4.028320312500000000e-01 6.266866326332092285e-01 5.054038017988204956e-03
9.028320312500000000e-01 6.271864175796508789e-01 6.708729779347777367e-04
9.033203125000000000e-02 6.276861429214477539e-01 5.875032511539757252e-04
5.903320312500000000e-01 6.281859278678894043e-01 5.079213995486497879e-03
3.403320312500000000e-01 6.286856532096862793e-01 4.368913825601339340e-03
8.403320312500000000e-01 6.291853785514831543e-01 1.557506155222654343e-03
2.153320312500000000e-01 6.296851634979248047e-01 2.465214813128113747e-03
7.153320312500000000e-01 6.301848888397216797e-01 3.573796479031443596e-03
4.653320312500000000e-01 6.306846737861633301e-01 5.324774421751499176e-03
9.653320312500000000e-01 6.311843991279602051e-01 9.615792077966034412e-05
5.908203125000000000e-02 6.316841840744018555e-01 2.648226218298077583e-04
5.590820312500000000e-01 6.321839094161987305e-01 5.197225138545036316e-03
3.090820312500000000e-01 6.326836347579956055e-01 3.892849897965788841e-03
8.090820312500000000e-01 6.331834197044372559e-01 2.032853895798325539e-03
1.840820312500000000e-01 6.336831450462341309e-01 1.918234745971858501e-03
6.840820312500000000e-01 6.341829299926757812e-01 3.963761031627655029e-03
4.340820312500000000e-01 6.346826553344726562e-01 5.111493635922670364e-03
9.340820312500000000e-01 6.351823806762695312e-01 3.204997628927230835e-04
1.215820312500000000e-01 6.356821656227111816e-01 9.623700752854347229e-04
6.215820312500000000e-01 6.361818909645080566e-01 4.658974241465330124e-03
3.715820312500000000e-01 6.366816759109497070e-01 4.582511261105537415e-03
8.715820312500000000e-01 6.371814012527465820e-01 1.050776336342096329e-03
2.465820312500000000e-01 6.376811861991882324e-01 2.889217110350728035e-03
7.465820312500000000e-01 6.381809115409851074e-01 2.990588080137968063e-03
4.965820312500000000e-01 6.386806368827819824e-01 5.210814997553825378e-03
9.965820312500000000e-01 6.391804218292236328e-01 9.655303756517241709e-07
2.441406250000000000e-03 6.396801471710205078e-01 4.926019983031437732e-07
5.024414062500000000e-01 6.401799321174621582e-01 5.180028267204761505e-03
2.524414062500000000e-01 6.406796574592590332e-01 2.945887856185436249e-03
7.524414062500000000e-01 6.411793828010559082e-01 2.864413429051637650e-03
1.274414062500000000e-01 6.416791677474975586e-01 1.018761075101792812e-03
6.274414062500000000e-01 6.421788930892944336e-01 4.492866341024637222e-03
3.774414062500000000e-01 6.426786780357360840e-01 4.530762322247028351e-03
8.774414062500000000e-01 6.431784033775329590e-01 9.470162913203239441e-04
6.494140625000000000e-02 6.436781883239746094e-01 3.013524110428988934e-04
5.649414062500000000e-01 6.441779136657714844e-01 4.926902242004871368e-03
3.149414062500000000e-01 6.446776390075683594e-01 3.788808360695838928e-03
8.149414062500000000e-01 6.451774239540100098e-01 1.847451087087392807e-03
1.899414062500000000e-01 6.456771492958068848e-01 1.919048256240785122e-03
6.899414062500000000e-01 6.461769342422485352e-01 3.701993729919195175e-03
4.399414062500000000e-01 6.466766595840454102e-01 4.901042673736810684e-03
9.399414062500000000e-01 6.471763849258422852e-01 2.567378105595707893e-04
3.369140625000000000e-02 6.476761698722839355e-01 8.521418931195512414e-05
5.336914062500000000e-01 6.481758952140808105e-01 4.969026427716016769e-03
2.836914062500000000e-01 6.486756801605224609e-01 3.306257771328091621e-03
7.836914062500000000e-01 6.491754055023193359e-01 2.296042162925004959e-03
1.586914062500000000e-01 6.496751904487609863e-01 1.421201042830944061e-03
6.586914062500000000e-01 6.501749157905578613e-01 4.021523054689168930e-03
4.086914062500000000e-01 6.506746411323547363e-01 4.637068603187799454e-03
9.086914062500000000e-01 6.511744260787963867e-01 5.454690544866025448e-04
9.619140625000000000e-02 6.516741514205932617e-01 5.976230604574084282e-04
5.961914062500000000e-01 6.521739363670349121e-01 4.573094658553600311e-03
3.461914062500000000e-01 6.526736617088317871e-01 4.033715929836034775e-03
8.461914062500000000e-01 6.531733870506286621e-01 1.330919330939650536e-03
2.211914062500000000e-01 6.536731719970703125e-01 2.326649148017168045e-03
7.211914062500000000e-01 6.541728973388671875e-01 3.163180779665708542e-03
4.711914062500000000e-01 6.546726822853088379e-01 4.847053438425064087e-03
9.711914062500000000e-01 6.551724076271057129e-01 6.098364974604919553e-05
1.806640625000000000e-02 6.556721925735473633e-01 2.446463440719526261e-05
5.180664062500000000e-01 6.561719179153442383e-01 4.835546948015689850e-03
2.680664062500000000e-01 6.566716432571411133e-01 2.979859244078397751e-03
7.680664062500000000e-01 6.571714282035827637e-01 2.451080596074461937e-03
1.430664062500000000e-01 6.576711535453796387e-01 1.158418483100831509e-03
6.430664062500000000e-01 6.581709384918212891e-01 4.051754716783761978e-03
3.930664062500000000e-01 6.586706638336181641e-01 4.367468412965536118e-03
8.930664062500000000e-01 6.591703891754150391e-01 6.983419880270957947e-04
8.056640625000000000e-02 6.596701741218566895e-01 4.192524356767535210e-04
5.805664062500000000e-01 6.601698994636535645e-01 4.520741291344165802e-03
3.305664062500000000e-01 6.606696844100952148e-01 3.725307993590831757e-03
8.305664062500000000e-01 6.611694097518920898e-01 1.503231003880500793e-03
2.055664062500000000e-01 6.616691946983337402e-01 2.019963227212429047e-03
7.055664062500000000e-01 6.621689200401306152e-01 3.261508420109748840e-03
4.555664062500000000e-01 6.626686453819274902e-01 4.638771992176771164e-03
9.555664062500000000e-01 6.631684303283691406e-01 1.356419670628383756e-04
4.931640625000000000e-02 6.636681556701660156e-01 1.650219783186912537e-04
5.493164062500000000e-01 6.641679406166076660e-01 4.591037519276142120e-03
2.993164062500000000e-01 6.646676659584045410e-01 3.287459025159478188e-03
7.993164062500000000e-01 6.651673913002014160e-01 1.918879104778170586e-03
1.743164062500000000e-01 6.656671762466430664e-01 1.541413017548620701e-03
6.743164062500000000e-01 6.661669015884399414e-01 3.580643329769372940e-03
4.243164062500000000e-01 6.666666865348815918e-01 4.419911187142133713e-03
9.243164062500000000e-01 6.671664118766784668e-01 3.616873291321098804e-04
1.118164062500000000e-01 6.676661372184753418e-01 7.273192750290036201e-04
6.118164062500000000e-01 6.681659221649169922e-01 4.149950109422206879e-03
3.618164062500000000e-01 6.686656475067138672e-01 3.913900349289178848e-03
8.618164062500000000e-01 6.691654324531555176e-01 1.038718153722584248e-03
2.368164062500000000e-01 6.696651577949523926e-01 2.386976266279816628e-03
7.368164062500000000e-01 6.701649427413940430e-01 2.741646952927112579e-03
4.868164062500000000e-01 6.706646680831909180e-01 4.540022462606430054e-03
9.868164062500000000e-01 6.711643934249877930e-01 1.228363544214516878e-05
1.025390625000000000e-02 6.716641783714294434e-01 7.457873380189994350e-06
5.102539062500000000e-01 6.721639037132263184e-01 4.511316772550344467e-03
2.602539062500000000e-01 6.726636886596679688e-01 2.671445021405816078e-03
7.602539062500000000e-01 6.731634140014648438e-01 2.388923428952693939e-03
1.352539062500000000e-01 6.736631393432617188e-01 9.814131772145628929e-04
6.352539062500000000e-01 6.741629242897033691e-01 3.842747770249843597e-03
3.852539062500000000e-01 6.746626496315002441e-01 4.005347378551959991e-03
8.852539062500000000e-01 6.751624345779418945e-01 7.351099047809839249e-04
7.275390625000000000e-02 6.756621599197387695e-01 3.234651521779596806e-04
5.727539062500000000e-01 6.761619448661804199e-01 4.246184136718511581e-03
3.227539062500000000e-01 6.766616702079772949e-01 3.380040870979428291e-03
8.227539062500000000e-01 6.771613955497741699e-01 1.500915852375328541e-03
1.977539062500000000e-01 6.776611804962158203e-01 1.772161107510328293e-03
6.977539062500000000e-01 6.781609058380126953e-01 3.124181646853685379e-03
4.477539062500000000e-01 6.786606907844543457e-01 4.284739959985017776e-03
9.477539062500000000e-01 6.791604161262512207e-01 1.714143145363777876e-04
4.150390625000000000e-02 6.796601414680480957e-01 1.103754257201217115e-04
5.415039062500000000e-01 6.801599264144897461e-01 4.288952797651290894e-03
2.915039062500000000e-01 6.806596517562866211e-01 2.960746875032782555e-03
7.915039062500000000e-01 6.811594367027282715e-01 1.885809819214046001e-03
1.665039062500000000e-01 6.816591620445251465e-01 1.330478931777179241e-03
6.665039062500000000e-01 6.821589469909667969e-01 3.404806833714246750e-03
4.165039062500000000e-01 6.826586723327636719e-01 4.060420207679271698e-03
9.165039062500000000e-01 6.831583976745605469e-01 4.016120510641485453e-04
1.040039062500000000e-01 6.836581826210021973e-01 5.941057461313903332e-04
6.040039062500000000e-01 6.841579079627990723e-01 3.904430195689201355e-03
3.540039062500000000e-01 6.846576929092407227e-01 3.560523269698023796e-03
8.540039062500000000e-01 6.851574182510375977e-01 1.055794768035411835e-03
2.290039062500000000e-01 6.856571435928344727e-01 2.112050773575901985e-03
7.290039062500000000e-01 6.861569285392761230e-01 2.637754194438457489e-03
4.790039062500000000e-01 6.866566538810729980e-01 4.198823589831590652e-03
9.790039062500000000e-01 6.871564388275146484e-01 2.841553941834717989e-05
2.587890625000000000e-02 6.876561641693115234e-01 4.263388836989179254e-05
5.258789062500000000e-01 6.881559491157531738e-01 4.160177428275346756e-03
2.758789062500000000e-01 6.886556744575500488e-01 2.664056373760104179e-03
7.758789062500000000e-01 6.891553997993469238e-01 2.013525692746043205e-03
1.508789062500000000e-01 6.896551847457885742e-01 1.090227975510060787e-03
6.508789062500000000e-01 6.901549100875854492e-01 3.421278204768896103e-03
4.008789062500000000e-01 6.906546950340270996e-01 3.812445560470223427e-03
9.008789062500000000e-01 6.911544203758239746e-01 5.256817094050347805e-04
8.837890625000000000e-02 6.916541457176208496e-01 4.268656193744391203e-04
5.883789062500000000e-01 6.921539306640625000e-01 3.847506130114197731e-03
3.383789062500000000e-01 6.926536560058593750e-01 3.279423573985695839e-03
8.383789062500000000e-01 6.931534409523010254e-01 1.198253477923572063e-03
2.133789062500000000e-01 6.936531662940979004e-01 1.834016875363886356e-03
7.133789062500000000e-01 6.941529512405395508e-01 2.714692149311304092e-03
4.633789062500000000e-01 6.946526765823364258e-01 4.004644230008125305e-03
9.633789062500000000e-01 6.951524019241333008e-01 8.040860120672732592e-05
5.712890625000000000e-02 6.956521868705749512e-01 1.869601110229268670e-04
5.571289062500000000e-01 6.961519122123718262e-01 3.912758547812700272e-03
3.071289062500000000e-01 6.966516971588134766e-01 2.902987180277705193e-03
8.071289062500000000e-01 6.971514225006103516e-01 1.549523789435625076e-03
1.821289062500000000e-01 6.976511478424072266e-01 1.415084698237478733e-03
6.821289062500000000e-01 6.981509327888488770e-01 2.990639070048928261e-03
4.321289062500000000e-01 6.986506581306457520e-01 3.820557147264480591e-03
9.321289062500000000e-01 6.991504430770874023e-01 2.532742219045758247e-04
1.196289062500000000e-01 6.996501684188842773e-01 7.000668556429445744e-04
6.196289062500000000e-01 7.001499533653259277e-01 3.496855264529585838e-03
3.696289062500000000e-01 7.006496787071228027e-01 3.408669028431177139e-03
8.696289062500000000e-01 7.011494040489196777e-01 8.049137541092932224e-04
2.446289062500000000e-01 7.016491889953613281e-01 2.132606459781527519e-03
7.446289062500000000e-01 7.021489143371582031e-01 2.252427861094474792e-03
4.946289062500000000e-01 7.026486992835998535e-01 3.882019547745585442e-03
9.946289062500000000e-01 7.031484246253967285e-01 1.768370907484495547e-06
6.347656250000000000e-03 7.036481499671936035e-01 2.458479229971999303e-06
5.063476562500000000e-01 7.041479349136352539e-01 3.850819077342748642e-03
2.563476562500000000e-01 7.046476602554321289e-01 2.233837032690644264e-03
7.563476562500000000e-01 7.051474452018737793e-01 2.081967191770672798e-03
1.313476562500000000e-01 7.056471705436706543e-01 7.959040231071412563e-04
6.313476562500000000e-01 7.061469554901123047e-01 3.303137375041842461e-03
3.813476562500000000e-01 7.066466808319091797e-01 3.384697251021862030e-03
8.813476562500000000e-01 7.071464061737060547e-01 6.632200675085186958e-04
6.884765625000000000e-02 7.076461911201477051e-01 2.485727309249341488e-04
5.688476562500000000e-01 7.081459164619445801e-01 3.628338221460580826e-03
3.188476562500000000e-01 7.086457014083862305e-01 2.837441628798842430e-03
8.188476562500000000e-01 7.091454267501831055e-01 1.320022158324718475e-03
1.938476562500000000e-01 7.096451520919799805e-01 1.461015315726399422e-03
6.938476562500000000e-01 7.101449370384216309e-01 2.692230278626084328e-03
4.438476562500000000e-01 7.106446623802185059e-01 3.625524928793311119e-03
9.438476562500000000e-01 7.111444473266601562e-01 1.666705502429977059e-04
3.759765625000000000e-02 7.116441726684570312e-01 7.747387280687689781e-05
5.375976562500000000e-01 7.121439576148986816e-01 3.646475262939929962e-03
2.875976562500000000e-01 7.126436829566955566e-01 2.470218110829591751e-03
7.875976562500000000e-01 7.131434082984924316e-01 1.642229850403964520e-03
1.625976562500000000e-01 7.136431932449340820e-01 1.084908377379179001e-03
6.625976562500000000e-01 7.141429185867309570e-01 2.916614525020122528e-03
4.125976562500000000e-01 7.146427035331726074e-01 3.418155247345566750e-03
9.125976562500000000e-01 7.151424288749694824e-01 3.691925667226314545e-04
1.000976562500000000e-01 7.156421542167663574e-01 4.695317184086889029e-04
6.000976562500000000e-01 7.161419391632080078e-01 3.323176177218556404e-03
3.500976562500000000e-01 7.166416645050048828e-01 2.978850388899445534e-03
8.500976562500000000e-01 7.171414494514465332e-01 9.317467920482158661e-04
2.250976562500000000e-01 7.176411747932434082e-01 1.740788458846509457e-03
7.250976562500000000e-01 7.181409001350402832e-01 2.266854513436555862e-03
4.750976562500000000e-01 7.186406850814819336e-01 3.537994809448719025e-03
9.750976562500000000e-01 7.191404104232788086e-01 3.344790093251504004e-05
2.197265625000000000e-02 7.196401953697204590e-01 2.612245771160814911e-05
5.219726562500000000e-01 7.201399207115173340e-01 3.511557588353753090e-03
2.719726562500000000e-01 7.206397056579589844e-01 2.204922959208488464e-03
7.719726562500000000e-01 7.211394309997558594e-01 1.737685292027890682e-03
1.469726562500000000e-01 7.216391563415527344e-01 8.788916748017072678e-04
6.469726562500000000e-01 7.221389412879943848e-01 2.908470574766397476e-03
3.969726562500000000e-01 7.226386666297912598e-01 3.185724606737494469e-03
8.969726562500000000e-01 7.231384515762329102e-01 4.733802634291350842e-04
8.447265625000000000e-02 7.236381769180297852e-01 3.305616846773773432e-04
5.844726562500000000e-01 7.241379022598266602e-01 3.250370966270565987e-03
3.344726562500000000e-01 7.246376872062683105e-01 2.722594421356916428e-03
8.344726562500000000e-01 7.251374125480651855e-01 1.045238110236823559e-03
2.094726562500000000e-01 7.256371974945068359e-01 1.497816061601042747e-03
7.094726562500000000e-01 7.261369228363037109e-01 2.313826931640505791e-03
4.594726562500000000e-01 7.266367077827453613e-01 3.349287202581763268e-03
9.594726562500000000e-01 7.271364331245422363e-01 8.185938349924981594e-05
5.322265625000000000e-02 7.276361584663391113e-01 1.370572281302884221e-04
5.532226562500000000e-01 7.281359434127807617e-01 3.287746105343103409e-03
3.032226562500000000e-01 7.286356687545776367e-01 2.395120216533541679e-03
8.032226562500000000e-01 7.291354537010192871e-01 1.336394343525171280e-03
1.782226562500000000e-01 7.296351790428161621e-01 1.144037698395550251e-03
6.782226562500000000e-01 7.301349043846130371e-01 2.532515209168195724e-03
4.282226562500000000e-01 7.306346893310546875e-01 3.178167622536420822e-03
9.282226562500000000e-01 7.311344146728515625e-01 2.346101100556552410e-04
1.157226562500000000e-01 7.316341996192932129e-01 5.517751560546457767e-04
6.157226562500000000e-01 7.321339249610900879e-01 2.940937411040067673e-03
3.657226562500000000e-01 7.326337099075317383e-01 2.818138338625431061e-03
8.657226562500000000e-01 7.331334352493286133e-01 7.055607275106012821e-04
2.407226562500000000e-01 7.336331605911254883e-01 1.738897874020040035e-03
7.407226562500000000e-01 7.341329455375671387e-01 1.914009917527437210e-03
4.907226562500000000e-01 7.346326708793640137e-01 3.231067676097154617e-03
9.907226562500000000e-01 7.351324558258056641e-01 4.356869794719386846e-06
1.416015625000000000e-02 7.356321811676025391e-01 1.001905457087559626e-05
5.141601562500000000e-01 7.361319065093994141e-01 3.198250429704785347e-03
2.641601562500000000e-01 7.366316914558410645e-01 1.930539379827678204e-03
7.641601562500000000e-01 7.371314167976379395e-01 1.654342515394091606e-03
1.391601562500000000e-01 7.376312017440795898e-01 7.286822656169533730e-04
6.391601562500000000e-01 7.381309270858764648e-01 2.692465903237462044e-03
3.891601562500000000e-01 7.386307120323181152e-01 2.851332770660519600e-03
8.891601562500000000e-01 7.391304373741149902e-01 4.885619855485856533e-04
7.666015625000000000e-02 7.396301627159118652e-01 2.512224891688674688e-04
5.766601562500000000e-01 7.401299476623535156e-01 2.978781238198280334e-03
3.266601562500000000e-01 7.406296730041503906e-01 2.410475397482514381e-03
8.266601562500000000e-01 7.411294579505920410e-01 1.019788673147559166e-03
2.016601562500000000e-01 7.416291832923889160e-01 1.283185789361596107e-03
7.016601562500000000e-01 7.421289086341857910e-01 2.162523334845900536e-03
4.516601562500000000e-01 7.426286935806274414e-01 3.017276991158723831e-03
9.516601562500000000e-01 7.431284189224243164e-01 1.037696347339078784e-04
4.541015625000000000e-02 7.436282038688659668e-01 9.184086229652166367e-05
5.454101562500000000e-01 7.441279292106628418e-01 2.994878916069865227e-03
2.954101562500000000e-01 7.446277141571044922e-01 2.103828359395265579e-03
7.954101562500000000e-01 7.451274394989013672e-01 1.281820237636566162e-03
1.704101562500000000e-01 7.456271648406982422e-01 9.642306831665337086e-04
6.704101562500000000e-01 7.461269497871398926e-01 2.347873756662011147e-03
4.204101562500000000e-01 7.466266751289367676e-01 2.845857758074998856e-03
9.204101562500000000e-01 7.471264600753784180e-01 2.563769521657377481e-04
1.079101562500000000e-01 7.476261854171752930e-01 4.412806883919984102e-04
6.079101562500000000e-01 7.481259107589721680e-01 2.696445444598793983e-03
3.579101562500000000e-01 7.486256957054138184e-01 2.498308895155787468e-03
8.579101562500000000e-01 7.491254210472106934e-01 7.006119703873991966e-04
2.329101562500000000e-01 7.496252059936523438e-01 1.500012003816664219e-03
7.329101562500000000e-01 7.501249313354492188e-01 1.794715761207044125e-03
4.829101562500000000e-01 7.506247162818908691e-01 2.910679439082741737e-03
9.829101562500000000e-01 7.511244416236877441e-01 1.312744552706135437e-05
2.978515625000000000e-02 7.516241669654846191e-01 3.872175147989764810e-05
5.297851562500000000e-01 7.521239519119262695e-01 2.867812756448984146e-03
2.797851562500000000e-01 7.526236772537231445e-01 1.870111911557614803e-03
7.797851562500000000e-01 7.531234622001647949e-01 1.353533240035176277e-03
1.547851562500000000e-01 7.536231875419616699e-01 7.829730166122317314e-04
6.547851562500000000e-01 7.541229128837585449e-01 2.329457551240921021e-03
4.047851562500000000e-01 7.546226978302001953e-01 2.637517172843217850e-03
9.047851562500000000e-01 7.551224231719970703e-01 3.360591072123497725e-04
9.228515625000000000e-02 7.556222081184387207e-01 3.166582027915865183e-04
5.922851562500000000e-01 7.561219334602355957e-01 2.622479340061545372e-03
3.422851562500000000e-01 7.566217184066772461e-01 2.271401230245828629e-03
8.422851562500000000e-01 7.571214437484741211e-01 7.881471537984907627e-04
2.172851562500000000e-01 7.576211690902709961e-01 1.287385821342468262e-03
7.172851562500000000e-01 7.581209540367126465e-01 1.823962549678981304e-03
4.672851562500000000e-01 7.586206793785095215e-01 2.738913754001259804e-03
9.672851562500000000e-01 7.591204643249511719e-01 4.410717519931495190e-05
6.103515625000000000e-02 7.596201896667480469e-01 1.441621570847928524e-04
5.610351562500000000e-01 7.601199150085449219e-01 2.652834169566631317e-03
3.110351562500000000e-01 7.606196999549865723e-01 2.001508604735136032e-03
8.110351562500000000e-01 7.611194252967834473e-01 1.020130817778408527e-03
1.860351562500000000e-01 7.616192102432250977e-01 9.923885809257626534e-04
6.860351562500000000e-01 7.621189355850219727e-01 2.000770531594753265e-03
4.360351562500000000e-01 7.626186609268188477e-01 2.598649356514215469e-03
9.360351562500000000e-01 7.631184458732604980e-01 1.535046030767261982e-04
1.235351562500000000e-01 7.636181712150573730e-01 5.002125399187207222e-04
6.235351562500000000e-01 7.641179561614990234e-01 2.342722844332456589e-03
3.735351562500000000e-01 7.646176815032958984e-01 2.319788327440619469e-03
8.735351562500000000e-01 7.651174664497375488e-01 5.151455989107489586e-04
2.485351562500000000e-01 7.656171917915344238e-01 1.467088120989501476e-03
7.485351562500000000e-01 7.661169171333312988e-01 1.484812470152974129e-03
4.985351562500000000e-01 7.666167020797729492e-01 2.609698800370097160e-03
9.985351562500000000e-01 7.671164274215698242e-01 8.901194803456746740e-08
1.464843750000000000e-03 7.676162123680114746e-01 8.868804712847122573e-08
5.014648437500000000e-01 7.681159377098083496e-01 2.581315813586115837e-03
2.514648437500000000e-01 7.686156630516052246e-01 1.457995153032243252e-03
7.514648437500000000e-01 7.691154479980468750e-01 1.430125907063484192e-03
1.264648437500000000e-01 7.696151733398437500e-01 4.985190462321043015e-04
6.264648437500000000e-01 7.701149582862854004e-01 2.228606259450316429e-03
3.764648437500000000e-01 7.706146836280822754e-01 2.234288491308689117e-03
8.764648437500000000e-01 7.711144685745239258e-01 4.735934489872306585e-04
6.396484375000000000e-02 7.716141939163208008e-01 1.442797656636685133e-04
5.639648437500000000e-01 7.721139192581176758e-01 2.424733946099877357e-03
3.139648437500000000e-01 7.726137042045593262e-01 1.853300258517265320e-03
8.139648437500000000e-01 7.731134295463562012e-01 9.125614888034760952e-04
1.889648437500000000e-01 7.736132144927978516e-01 9.312524343840777874e-04
6.889648437500000000e-01 7.741129398345947266e-01 1.813844777643680573e-03
4.389648437500000000e-01 7.746126651763916016e-01 2.386619802564382553e-03
9.389648437500000000e-01 7.751124501228332520e-01 1.287521008634939790e-04
3.271484375000000000e-02 7.756121754646301270e-01 3.910586383426561952e-05
5.327148437500000000e-01 7.761119604110717773e-01 2.410680986940860748e-03
2.827148437500000000e-01 7.766116857528686523e-01 1.593696884810924530e-03
7.827148437500000000e-01 7.771114706993103027e-01 1.116673112846910954e-03
1.577148437500000000e-01 7.776111960411071777e-01 6.786592421121895313e-04
6.577148437500000000e-01 7.781109213829040527e-01 1.941622351296246052e-03
4.077148437500000000e-01 7.786107063293457031e-01 2.225401345640420914e-03
9.077148437500000000e-01 7.791104316711425781e-01 2.667546796146780252e-04
9.521484375000000000e-02 7.796102166175842285e-01 2.810352016240358353e-04
5.952148437500000000e-01 7.801099419593811035e-01 2.189594553783535957e-03
3.452148437500000000e-01 7.806096673011779785e-01 1.919753616675734520e-03
8.452148437500000000e-01 7.811094522476196289e-01 6.405584281310439110e-04
2.202148437500000000e-01 7.816091775894165039e-01 1.099262852221727371e-03
7.202148437500000000e-01 7.821089625358581543e-01 1.507715787738561630e-03
4.702148437500000000e-01 7.826086878776550293e-01 2.295203972607851028e-03
9.702148437500000000e-01 7.831084728240966797e-01 3.076399298151955009e-05
1.708984375000000000e-02 7.836081981658935547e-01 1.035343393596122041e-05
5.170898437500000000e-01 7.841079235076904297e-01 2.278840634971857071e-03
2.670898437500000000e-01 7.846077084541320801e-01 1.394855091348290443e-03
7.670898437500000000e-01 7.851074337959289551e-01 1.157287391833961010e-03
1.420898437500000000e-01 7.856072187423706055e-01 5.365812685340642929e-04
6.420898437500000000e-01 7.861069440841674805e-01 1.899392227642238140e-03
3.920898437500000000e-01 7.866066694259643555e-01 2.035022946074604988e-03
8.920898437500000000e-01 7.871064543724060059e-01 3.305980935692787170e-04
7.958984375000000000e-02 7.876061797142028809e-01 1.906649849843233824e-04
5.795898437500000000e-01 7.881059646606445312e-01 2.100922400131821632e-03
3.295898437500000000e-01 7.886056900024414062e-01 1.720581669360399246e-03
8.295898437500000000e-01 7.891054749488830566e-01 7.014286238700151443e-04
2.045898437500000000e-01 7.896052002906799316e-01 9.256149642169475555e-04
7.045898437500000000e-01 7.901049256324768066e-01 1.508040004409849644e-03
4.545898437500000000e-01 7.906047105789184570e-01 2.130978740751743317e-03
9.545898437500000000e-01 7.911044359207153320e-01 6.486820348072797060e-05
4.833984375000000000e-02 7.916042208671569824e-01 7.275455573108047247e-05
5.483398437500000000e-01 7.921039462089538574e-01 2.099896315485239029e-03
2.983398437500000000e-01 7.926036715507507324e-01 1.493944204412400723e-03
7.983398437500000000e-01 7.931034564971923828e-01 8.799380157142877579e-04
1.733398437500000000e-01 7.936031818389892578e-01 6.941609899513423443e-04
6.733398437500000000e-01 7.941029667854309082e-01 1.628688187338411808e-03
4.233398437500000000e-01 7.946026921272277832e-01 1.997826388105750084e-03
9.233398437500000000e-01 7.951024770736694336e-01 1.672472717473283410e-04
1.108398437500000000e-01 7.956022024154663086e-01 3.228495479561388493e-04
6.108398437500000000e-01 7.961019277572631836e-01 1.870278851129114628e-03
3.608398437500000000e-01 7.966017127037048340e-01 1.753009273670613766e-03
8.608398437500000000e-01 7.971014380455017090e-01 4.709188069682568312e-04
2.358398437500000000e-01 7.976012229919433594e-01 1.061218325048685074e-03
7.358398437500000000e-01 7.981009483337402344e-01 1.229214249178767204e-03
4.858398437500000000e-01 7.986006736755371094e-01 2.021290827542543411e-03
9.858398437500000000e-01 7.991004586219787598e-01 6.285040853981627151e-06
9.277343750000000000e-03 7.996001839637756348e-01 2.712807599891675636e-06
5.092773437500000000e-01 8.000999689102172852e-01 1.996875274926424026e-03
2.592773437500000000e-01 8.005996942520141602e-01 1.174106379039585590e-03
7.592773437500000000e-01 8.010994791984558105e-01 1.058749156072735786e-03
1.342773437500000000e-01 8.015992045402526855e-01 4.263901209924370050e-04
6.342773437500000000e-01 8.020989298820495605e-01 1.690387725830078125e-03
3.842773437500000000e-01 8.025987148284912109e-01 1.750887604430317879e-03
8.842773437500000000e-01 8.030984401702880859e-01 3.260474768467247486e-04
7.177734375000000000e-02 8.035982251167297363e-01 1.375969732180237770e-04
5.717773437500000000e-01 8.040979504585266113e-01 1.850035507231950760e-03
3.217773437500000000e-01 8.045976758003234863e-01 1.463166554458439350e-03
8.217773437500000000e-01 8.050974607467651367e-01 6.560208275914192200e-04
1.967773437500000000e-01 8.055971860885620117e-01 7.605804130434989929e-04
6.967773437500000000e-01 8.060969710350036621e-01 1.352906692773103714e-03
4.467773437500000000e-01 8.065966963768005371e-01 1.843174453824758530e-03
9.467773437500000000e-01 8.070964813232421875e-01 7.625960279256105423e-05
4.052734375000000000e-02 8.075962066650390625e-01 4.520463699009269476e-05
5.405273437500000000e-01 8.080959320068359375e-01 1.835633534938097000e-03
2.905273437500000000e-01 8.085957169532775879e-01 1.258577918633818626e-03
7.905273437500000000e-01 8.090954422950744629e-01 8.085759473033249378e-04
1.655273437500000000e-01 8.095952272415161133e-01 5.599990254268050194e-04
6.655273437500000000e-01 8.100949525833129883e-01 1.447644783183932304e-03
4.155273437500000000e-01 8.105946779251098633e-01 1.715203630737960339e-03
9.155273437500000000e-01 8.110944628715515137e-01 1.731154043227434158e-04
1.030273437500000000e-01 8.115941882133483887e-01 2.460316172800958157e-04
6.030273437500000000e-01 8.120939731597900391e-01 1.643171533942222595e-03
3.530273437500000000e-01 8.125936985015869141e-01 1.488779322244226933e-03
8.530273437500000000e-01 8.130934238433837891e-01 4.464662342797964811e-04
2.280273437500000000e-01 8.135932087898254395e-01 8.760087657719850540e-04
7.280273437500000000e-01 8.140929341316223145e-01 1.103091752156615257e-03
4.780273437500000000e-01 8.145927190780639648e-01 1.743392320349812508e-03
9.780273437500000000e-01 8.150924444198608398e-01 1.287014038098277524e-05
2.490234375000000000e-02 8.155922293663024902e-01 1.635340595385059714e-05
5.249023437500000000e-01 8.160919547080993652e-01 1.716577098704874516e-03
2.749023437500000000e-01 8.165916800498962402e-01 1.091422513127326965e-03
7.749023437500000000e-01 8.170914649963378906e-01 8.317149477079510689e-04
1.499023437500000000e-01 8.175911903381347656e-01 4.417558084242045879e-04
6.499023437500000000e-01 8.180909752845764160e-01 1.401472836732864380e-03
3.999023437500000000e-01 8.185907006263732910e-01 1.551449531689286232e-03
8.999023437500000000e-01 8.190904259681701660e-01 2.175171539420261979e-04
8.740234375000000000e-02 8.195902109146118164e-01 1.697156258160248399e-04
5.874023437500000000e-01 8.200899362564086914e-01 1.559183700010180473e-03
3.374023437500000000e-01 8.205897212028503418e-01 1.320129958912730217e-03
8.374023437500000000e-01 8.210894465446472168e-01 4.872583958785980940e-04
2.124023437500000000e-01 8.215892314910888672e-01 7.318537682294845581e-04
7.124023437500000000e-01 8.220889568328857422e-01 1.092310179956257343e-03
4.624023437500000000e-01 8.225886821746826172e-01 1.599926967173814774e-03
9.624023437500000000e-01 8.230884671211242676e-01 3.372824357938952744e-05
5.615234375000000000e-02 8.235881924629211426e-01 7.199543324531987309e-05
5.561523437500000000e-01 8.240879774093627930e-01 1.553889131173491478e-03
3.061523437500000000e-01 8.245877027511596680e-01 1.144881010986864567e-03
8.061523437500000000e-01 8.250874280929565430e-01 6.164492806419730186e-04
1.811523437500000000e-01 8.255872130393981934e-01 5.526036839000880718e-04
6.811523437500000000e-01 8.260869383811950684e-01 1.178542152047157288e-03
4.311523437500000000e-01 8.265867233276367188e-01 1.495225005783140659e-03
9.311523437500000000e-01 8.270864486694335938e-01 1.016315945889800787e-04
1.186523437500000000e-01 8.275862336158752441e-01 2.690321998670697212e-04
6.186523437500000000e-01 8.280859589576721191e-01 1.362177194096148014e-03
3.686523437500000000e-01 8.285856842994689941e-01 1.318872324191033840e-03
8.686523437500000000e-01 8.290854692459106445e-01 3.152781864628195763e-04
2.436523437500000000e-01 8.295851945877075195e-01 8.182005840353667736e-04
7.436523437500000000e-01 8.300849795341491699e-01 8.709328831173479557e-04
4.936523437500000000e-01 8.305847048759460449e-01 1.489461050368845463e-03
9.936523437500000000e-01 8.310844302177429199e-01 9.433659897695179097e-07
5.371093750000000000e-03 8.315842151641845703e-01 6.731618213962065056e-07
5.053710937500000000e-01 8.320839405059814453e-01 1.465991255827248096e-03
2.553710937500000000e-01 8.325837254524230957e-01 8.438136428594589233e-04
7.553710937500000000e-01 8.330834507942199707e-01 7.925443933345377445e-04
1.303710937500000000e-01 8.335832357406616211e-01 2.967383479699492455e-04
6.303710937500000000e-01 8.340829610824584961e-01 1.246567117050290108e-03
3.803710937500000000e-01 8.345826864242553711e-01 1.268555875867605209e-03
8.803710937500000000e-01 8.350824713706970215e-01 2.519224071875214577e-04
6.787109375000000000e-02 8.355821967124938965e-01 9.040833538165315986e-05
5.678710937500000000e-01 8.360819816589355469e-01 1.352783758193254471e-03
3.178710937500000000e-01 8.365817070007324219e-01 1.050375751219689846e-03
8.178710937500000000e-01 8.370814323425292969e-01 4.929879796691238880e-04
1.928710937500000000e-01 8.375812172889709473e-01 5.354507011361420155e-04
6.928710937500000000e-01 8.380809426307678223e-01 9.950117673724889755e-04
4.428710937500000000e-01 8.385807275772094727e-01 1.330214552581310272e-03
9.428710937500000000e-01 8.390804529190063477e-01 6.304310954874381423e-05
3.662109375000000000e-02 8.395802378654479980e-01 2.689272878342308104e-05
5.366210937500000000e-01 8.400799632072448730e-01 1.328416867181658745e-03
2.866210937500000000e-01 8.405796885490417480e-01 8.931471384130418301e-04
7.866210937500000000e-01 8.410794734954833984e-01 5.984545568935573101e-04
1.616210937500000000e-01 8.415791988372802734e-01 3.877896233461797237e-04
6.616210937500000000e-01 8.420789837837219238e-01 1.052586943842470646e-03
4.116210937500000000e-01 8.425787091255187988e-01 1.224748324602842331e-03
9.116210937500000000e-01 8.430784344673156738e-01 1.347594516118988395e-04
9.912109375000000000e-02 8.435782194137573242e-01 1.645829324843361974e-04
5.991210937500000000e-01 8.440779447555541992e-01 1.183731714263558388e-03
3.491210937500000000e-01 8.445777297019958496e-01 1.053461572155356407e-03
8.491210937500000000e-01 8.450774550437927246e-01 3.329063474666327238e-04
2.241210937500000000e-01 8.455772399902343750e-01 6.097183795645833015e-04
7.241210937500000000e-01 8.460769653320312500e-01 7.999751251190900803e-04
4.741210937500000000e-01 8.465766906738281250e-01 1.238793949596583843e-03
9.741210937500000000e-01 8.470764756202697754e-01 1.258893462363630533e-05
2.099609375000000000e-02 8.475762009620666504e-01 8.320131200889591128e-06
5.209960937500000000e-01 8.480759859085083008e-01 1.219086814671754837e-03
2.709960937500000000e-01 8.485757112503051758e-01 7.593945483677089214e-04
7.709960937500000000e-01 8.490754365921020508e-01 6.029153009876608849e-04
1.459960937500000000e-01 8.495752215385437012e-01 2.988427877426147461e-04
6.459960937500000000e-01 8.500749468803405762e-01 9.992668638005852699e-04
3.959960937500000000e-01 8.505747318267822266e-01 1.086480333469808102e-03
8.959960937500000000e-01 8.510744571685791016e-01 1.639145339140668511e-04
8.349609375000000000e-02 8.515742421150207520e-01 1.098606153391301632e-04
5.834960937500000000e-01 8.520739674568176270e-01 1.101236441172659397e-03
3.334960937500000000e-01 8.525736927986145020e-01 9.155219304375350475e-04
8.334960937500000000e-01 8.530734777450561523e-01 3.546850057318806648e-04
2.084960937500000000e-01 8.535732030868530273e-01 4.984067636542022228e-04
7.084960937500000000e-01 8.540729880332946777e-01 7.757646963000297546e-04
4.584960937500000000e-01 8.545727133750915527e-01 1.114077284000813961e-03
9.584960937500000000e-01 8.550724387168884277e-01 2.842258254531770945e-05
5.224609375000000000e-02 8.555722236633300781e-01 4.375794742372818291e-05
5.522460937500000000e-01 8.560719490051269531e-01 1.084289397113025188e-03
3.022460937500000000e-01 8.565717339515686035e-01 7.837168523110449314e-04
8.022460937500000000e-01 8.570714592933654785e-01 4.406769294291734695e-04
1.772460937500000000e-01 8.575711846351623535e-01 3.699637309182435274e-04
6.772460937500000000e-01 8.580709695816040039e-01 8.258510497398674488e-04
4.272460937500000000e-01 8.585706949234008789e-01 1.028364757075905800e-03
9.272460937500000000e-01 8.590704798698425293e-01 7.764891779515892267e-05
1.147460937500000000e-01 8.595702052116394043e-01 1.749086950439959764e-04
6.147460937500000000e-01 8.600699901580810547e-01 9.445853065699338913e-04
3.647460937500000000e-01 8.605697154998779297e-01 8.982067229226231575e-04
8.647460937500000000e-01 8.610694408416748047e-01 2.273581776535138488e-04
2.397460937500000000e-01 8.615692257881164551e-01 5.484990542754530907e-04
7.397460937500000000e-01 8.620689511299133301e-01 6.078913575038313866e-04
4.897460937500000000e-01 8.625687360763549805e-01 1.017371192574501038e-03
9.897460937500000000e-01 8.630684614181518555e-01 1.666780804043810349e-06
1.318359375000000000e-02 8.635681867599487305e-01 2.720622660490334965e-06
5.131835937500000000e-01 8.640679717063903809e-01 9.964773198589682579e-04
2.631835937500000000e-01 8.645676970481872559e-01 5.963204894214868546e-04
7.631835937500000000e-01 8.650674819946289062e-01 5.144756869412958622e-04
1.381835937500000000e-01 8.655672073364257812e-01 2.218470763182267547e-04
6.381835937500000000e-01 8.660669922828674316e-01 8.283131173811852932e-04
3.881835937500000000e-01 8.665667176246643066e-01 8.702558116056025028e-04
8.881835937500000000e-01 8.670664429664611816e-01 1.511256414232775569e-04
7.568359375000000000e-02 8.675662279129028320e-01 7.446376548614352942e-05
5.756835937500000000e-01 8.680659532546997070e-01 9.015998221002519131e-04
3.256835937500000000e-01 8.685657382011413574e-01 7.236675010062754154e-04
8.256835937500000000e-01 8.690654635429382324e-01 3.086489159613847733e-04
2.006835937500000000e-01 8.695651888847351074e-01 3.806714958045631647e-04
7.006835937500000000e-01 8.700649738311767578e-01 6.461139419116079807e-04
4.506835937500000000e-01 8.705646991729736328e-01 8.939128019846975803e-04
9.506835937500000000e-01 8.710644841194152832e-01 3.183099761372432113e-05
4.443359375000000000e-02 8.715642094612121582e-01 2.591887641756329685e-05
5.444335937500000000e-01 8.720639944076538086e-01 8.780659409239888191e-04
2.944335937500000000e-01 8.725637197494506836e-01 6.115526193752884865e-04
7.944335937500000000e-01 8.730634450912475586e-01 3.751791373360902071e-04
1.694335937500000000e-01 8.735632300376892090e-01 2.765596727840602398e-04
6.694335937500000000e-01 8.740629553794860840e-01 6.788629689253866673e-04
4.194335937500000000e-01 8.745627403259277344e-01 8.159702410921454430e-04
9.194335937500000000e-01 8.750624656677246094e-01 7.495034515159204602e-05
1.069335937500000000e-01 8.755621910095214844e-01 1.236481330124661326e-04
6.069335937500000000e-01 8.760619759559631348e-01 7.658755057491362095e-04
3.569335937500000000e-01 8.765617012977600098e-01 7.036696770228445530e-04
8.569335937500000000e-01 8.770614862442016602e-01 1.992395846173167229e-04
2.319335937500000000e-01 8.775612115859985352e-01 4.174845234956592321e-04
7.319335937500000000e-01 8.780609965324401855e-01 5.026181461289525032e-04
4.819335937500000000e-01 8.785607218742370605e-01 8.076726808212697506e-04
9.819335937500000000e-01 8.790604472160339355e-01 4.046347839903319255e-06
2.880859375000000000e-02 8.795602321624755859e-01 9.987555131374392658e-06
5.288085937500000000e-01 8.800599575042724609e-01 7.860178011469542980e-04
2.788085937500000000e-01 8.805597424507141113e-01 5.078946705907583237e-04
7.788085937500000000e-01 8.810594677925109863e-01 3.698818036355078220e-04
1.538085937500000000e-01 8.815591931343078613e-01 2.094848605338484049e-04
6.538085937500000000e-01 8.820589780807495117e-01 6.285809795372188091e-04
4.038085937500000000e-01 8.825587034225463867e-01 7.055175374262034893e-04
9.038085937500000000e-01 8.830584883689880371e-01 9.127510566031560302e-05
9.130859375000000000e-02 8.835582137107849121e-01 8.247247751569375396e-05
5.913085937500000000e-01 8.840579986572265625e-01 6.940356106497347355e-04
3.413085937500000000e-01 8.845577239990234375e-01 5.958190304227173328e-04
8.413085937500000000e-01 8.850574493408203125e-01 2.084253646899014711e-04
2.163085937500000000e-01 8.855572342872619629e-01 3.332967171445488930e-04
7.163085937500000000e-01 8.860569596290588379e-01 4.750397638417780399e-04
4.663085937500000000e-01 8.865567445755004883e-01 7.066284888423979282e-04
9.663085937500000000e-01 8.870564699172973633e-01 1.199344478663988411e-05
6.005859375000000000e-02 8.875561952590942383e-01 3.576175367925316095e-05
5.600585937500000000e-01 8.880559802055358887e-01 6.756142247468233109e-04
3.100585937500000000e-01 8.885557055473327637e-01 5.050243344157934189e-04
8.100585937500000000e-01 8.890554904937744141e-01 2.590673393569886684e-04
1.850585937500000000e-01 8.895552158355712891e-01 2.467940212227404118e-04
6.850585937500000000e-01 8.900550007820129395e-01 5.008212756365537643e-04
4.350585937500000000e-01 8.905547261238098145e-01 6.444021128118038177e-04
9.350585937500000000e-01 8.910544514656066895e-01 3.899817238561809063e-05
1.225585937500000000e-01 8.915542364120483398e-01 1.212541756103746593e-04
6.225585937500000000e-01 8.920539617538452148e-01 5.739368498325347900e-04
3.725585937500000000e-01 8.925537467002868652e-01 5.630570813082158566e-04
8.725585937500000000e-01 8.930534720420837402e-01 1.263051672140136361e-04
2.475585937500000000e-01 8.935531973838806152e-01 3.513072151690721512e-04
7.475585937500000000e-01 8.940529823303222656e-01 3.573982103262096643e-04
4.975585937500000000e-01 8.945527076721191406e-01 6.216358742676675320e-04
9.975585937500000000e-01 8.950524926185607910e-01 5.847223150112768053e-08
3.417968750000000000e-03 8.955522179603576660e-01 1.133578635403864610e-07
5.034179687500000000e-01 8.960520029067993164e-01 6.050689844414591789e-04
2.534179687500000000e-01 8.965517282485961914e-01 3.434406535234302282e-04
7.534179687500000000e-01 8.970514535903930664e-01 3.281350363977253437e-04
1.284179687500000000e-01 8.975512385368347168e-01 1.180159742943942547e-04
6.284179687500000000e-01 8.980509638786315918e-01 5.089484620839357376e-04
3.784179687500000000e-01 8.985507488250732422e-01 5.116591346450150013e-04
8.784179687500000000e-01 8.990504741668701172e-01 1.045042226905934513e-04
6.591796875000000000e-02 8.995501995086669922e-01 3.441131048020906746e-05
5.659179687500000000e-01 9.000499844551086426e-01 5.426039570011198521e-04
3.159179687500000000e-01 9.005497097969055176e-01 4.159918171353638172e-04
8.159179687500000000e-01 9.010494947433471680e-01 1.990217278944328427e-04
1.909179687500000000e-01 9.015492200851440430e-01 2.085002051899209619e-04
6.909179687500000000e-01 9.020490050315856934e-01 3.946829237975180149e-04
4.409179687500000000e-01 9.025487303733825684e-01 5.208496004343032837e-04
9.409179687500000000e-01 9.030484557151794434e-01 2.623221189423929900e-05
3.466796875000000000e-02 9.035482406616210938e-01 9.414166925125755370e-06
5.346679687500000000e-01 9.040479660034179688e-01 5.152216763235628605e-04
2.846679687500000000e-01 9.045477509498596191e-01 3.417404077481478453e-04
7.846679687500000000e-01 9.050474762916564941e-01 2.329557901248335838e-04
1.596679687500000000e-01 9.055472016334533691e-01 1.454380835639312863e-04
6.596679687500000000e-01 9.060469865798950195e-01 4.031146527267992496e-04
4.096679687500000000e-01 9.065467119216918945e-01 4.630587354768067598e-04
9.096679687500000000e-01 9.070464968681335449e-01 5.291885463520884514e-05
9.716796875000000000e-02 9.075462222099304199e-01 5.970053462078794837e-05
5.971679687500000000e-01 9.080459475517272949e-01 4.443145589902997017e-04
3.471679687500000000e-01 9.085457324981689453e-01 3.903345204889774323e-04
8.471679687500000000e-01 9.090454578399658203e-01 1.260672288481146097e-04
2.221679687500000000e-01 9.095452427864074707e-01 2.222397160949185491e-04
7.221679687500000000e-01 9.100449681282043457e-01 2.964523155242204666e-04
4.721679687500000000e-01 9.105447530746459961e-01 4.525821714196354151e-04
9.721679687500000000e-01 9.110444784164428711e-01 5.277859600028023124e-06
1.904296875000000000e-02 9.115442037582397461e-01 2.488854761395487003e-06
5.190429687500000000e-01 9.120439887046813965e-01 4.397096636239439249e-04
2.690429687500000000e-01 9.125437140464782715e-01 2.699372125789523125e-04
7.690429687500000000e-01 9.130434989929199219e-01 2.178006543545052409e-04
1.440429687500000000e-01 9.135432243347167969e-01 1.038042682921513915e-04
6.440429687500000000e-01 9.140429496765136719e-01 3.549396060407161713e-04
3.940429687500000000e-01 9.145427346229553223e-01 3.807788307312875986e-04
8.940429687500000000e-01 9.150424599647521973e-01 5.926816447754390538e-05
8.154296875000000000e-02 9.155422449111938477e-01 3.663094685180112720e-05
5.815429687500000000e-01 9.160419702529907227e-01 3.823888255283236504e-04
3.315429687500000000e-01 9.165417551994323730e-01 3.135576553177088499e-04
8.315429687500000000e-01 9.170414805412292480e-01 1.238393451785668731e-04
2.065429687500000000e-01 9.175412058830261230e-01 1.675587845966219902e-04
7.065429687500000000e-01 9.180409908294677734e-01 2.651072572916746140e-04
4.565429687500000000e-01 9.185407161712646484e-01 3.752090851776301861e-04
9.565429687500000000e-01 9.190405011177062988e-01 1.040876941260648891e-05
5.029296875000000000e-02 9.195402264595031738e-01 1.358070130663691089e-05
5.502929687500000000e-01 9.200399518013000488e-01 3.602467186283320189e-04
3.002929687500000000e-01 9.205397367477416992e-01 2.566051553003489971e-04
8.002929687500000000e-01 9.210394620895385742e-01 1.466841349611058831e-04
1.752929687500000000e-01 9.215392470359802246e-01 1.185624496429227293e-04
6.752929687500000000e-01 9.220389723777770996e-01 2.694463182706385851e-04
4.252929687500000000e-01 9.225387573242187500e-01 3.306914586573839188e-04
9.252929687500000000e-01 9.230384826660156250e-01 2.612453135952819139e-05
1.127929687500000000e-01 9.235382080078125000e-01 5.407018034020438790e-05
6.127929687500000000e-01 9.240379929542541504e-01 3.001903533004224300e-04
3.627929687500000000e-01 9.245377182960510254e-01 2.813606406562030315e-04
8.627929687500000000e-01 9.250375032424926758e-01 7.284728053491562605e-05
2.377929687500000000e-01 9.255372285842895508e-01 1.685839379206299782e-04
7.377929687500000000e-01 9.260369539260864258e-01 1.895900786621496081e-04
4.877929687500000000e-01 9.265367388725280762e-01 3.121513582300394773e-04
9.877929687500000000e-01 9.270364642143249512e-01 7.175638074841117486e-07
1.123046875000000000e-02 9.275362491607666016e-01 6.005627710692351684e-07
5.112304687500000000e-01 9.280359745025634766e-01 3.000802535098046064e-04
2.612304687500000000e-01 9.285357594490051270e-01 1.766207860782742500e-04
7.612304687500000000e-01 9.290354847908020020e-01 1.545627746963873506e-04
1.362304687500000000e-01 9.295352101325988770e-01 6.390788621501997113e-05
6.362304687500000000e-01 9.300349950790405273e-01 2.438611263642087579e-04
3.862304687500000000e-01 9.305347204208374023e-01 2.523317234590649605e-04
8.862304687500000000e-01 9.310345053672790527e-01 4.501681542024016380e-05
7.373046875000000000e-02 9.315342307090759277e-01 2.036641308222897351e-05
5.737304687500000000e-01 9.320339560508728027e-01 2.575135731603950262e-04
3.237304687500000000e-01 9.325337409973144531e-01 2.034438803093507886e-04
8.237304687500000000e-01 9.330334663391113281e-01 8.821401570457965136e-05
1.987304687500000000e-01 9.335332512855529785e-01 1.045742756105028093e-04
6.987304687500000000e-01 9.340329766273498535e-01 1.801132893888279796e-04
4.487304687500000000e-01 9.345327615737915039e-01 2.450990723446011543e-04
9.487304687500000000e-01 9.350324869155883789e-01 9.337348274129908532e-06
4.248046875000000000e-02 9.355322122573852539e-01 6.433068392652785406e-06
5.424804687500000000e-01 9.360319972038269043e-01 2.359412028454244137e-04
2.924804687500000000e-01 9.365317225456237793e-01 1.615498331375420094e-04
7.924804687500000000e-01 9.370315074920654297e-01 1.004837613436393440e-04
1.674804687500000000e-01 9.375312328338623047e-01 7.112606544978916645e-05
6.674804687500000000e-01 9.380309581756591797e-01 1.774508855305612087e-04
4.174804687500000000e-01 9.385307431221008301e-01 2.097286342177540064e-04
9.174804687500000000e-01 9.390304684638977051e-01 2.000840868277009577e-05
1.049804687500000000e-01 9.395302534103393555e-01 3.032977110706269741e-05
6.049804687500000000e-01 9.400299787521362305e-01 1.930767321027815342e-04
3.549804687500000000e-01 9.405297636985778809e-01 1.743919856380671263e-04
8.549804687500000000e-01 9.410294890403747559e-01 5.030815736972726882e-05
2.299804687500000000e-01 9.415292143821716309e-01 1.009478510241024196e-04
7.299804687500000000e-01 9.420289993286132812e-01 1.229981717187911272e-04
4.799804687500000000e-01 9.425287246704101562e-01 1.939468347700312734e-04
9.799804687500000000e-01 9.430285096168518066e-01 1.178101342702575494e-06
2.685546875000000000e-02 9.435282349586486816e-01 2.055122877209214494e-06
5.268554687500000000e-01 9.440279603004455566e-01 1.837797899497672915e-04
2.768554687500000000e-01 9.445277452468872070e-01 1.164991554105654359e-04
7.768554687500000000e-01 9.450274705886840820e-01 8.582005830248817801e-05
1.518554687500000000e-01 9.455272555351257324e-01 4.654072836274281144e-05
6.518554687500000000e-01 9.460269808769226074e-01 1.419314794475212693e-04
4.018554687500000000e-01 9.465267658233642578e-01 1.563715923111885786e-04
9.018554687500000000e-01 9.470264911651611328e-01 2.082024002447724342e-05
8.935546875000000000e-02 9.475262165069580078e-01 1.727492053760215640e-05
5.893554687500000000e-01 9.480260014533996582e-01 1.499958452768623829e-04
3.393554687500000000e-01 9.485257267951965332e-01 1.263208250747993588e-04
8.393554687500000000e-01 9.490255117416381836e-01 4.483398515731096268e-05
2.143554687500000000e-01 9.495252370834350586e-01 6.860825669718906283e-05
7.143554687500000000e-01 9.500249624252319336e-01 9.879202116280794144e-05
4.643554687500000000e-01 9.505247473716735840e-01 1.439441257389262319e-04
9.643554687500000000e-01 9.510244727134704590e-01 2.695318016776582226e-06
5.810546875000000000e-02 9.515242576599121094e-01 6.697417120449244976e-06
5.581054687500000000e-01 9.520239830017089844e-01 1.332803512923419476e-04
3.081054687500000000e-01 9.525237083435058594e-01 9.756813233252614737e-05
8.081054687500000000e-01 9.530234932899475098e-01 5.057388261775486171e-05
1.831054687500000000e-01 9.535232186317443848e-01 4.608270683092996478e-05
6.831054687500000000e-01 9.540230035781860352e-01 9.450288780499249697e-05
4.331054687500000000e-01 9.545227289199829102e-01 1.190054754260927439e-04
9.331054687500000000e-01 9.550225138664245605e-01 7.527428806497482583e-06
1.206054687500000000e-01 9.555222392082214355e-01 2.126317667716648430e-05
6.206054687500000000e-01 9.560219645500183105e-01 1.025068413582630455e-04
3.706054687500000000e-01 9.565217494964599609e-01 9.838039113674312830e-05
8.706054687500000000e-01 9.570214748382568359e-01 2.243361814180389047e-05
2.456054687500000000e-01 9.575212597846984863e-01 5.931503619649447501e-05
7.456054687500000000e-01 9.580209851264953613e-01 6.073977419873699546e-05
4.956054687500000000e-01 9.585207104682922363e-01 1.030568964779376984e-04
9.956054687500000000e-01 9.590204954147338867e-01 3.082910637886016048e-08
7.324218750000000000e-03 9.595202207565307617e-01 8.311278776318431483e-08
5.073242187500000000e-01 9.600200057029724121e-01 9.586484520696103573e-05
2.573242187500000000e-01 9.605197310447692871e-01 5.467972732731141150e-05
7.573242187500000000e-01 9.610195159912109375e-01 4.932229057885706425e-05
1.323242187500000000e-01 9.615192413330078125e-01 1.876890019048005342e-05
6.323242187500000000e-01 9.620189666748046875e-01 7.501133950427174568e-05
3.823242187500000000e-01 9.625187516212463379e-01 7.540880324086174369e-05
8.823242187500000000e-01 9.630184769630432129e-01 1.419824911863543093e-05
6.982421875000000000e-02 9.635182619094848633e-01 5.409451659943442792e-06
5.698242187500000000e-01 9.640179872512817383e-01 7.499456114601343870e-05
3.198242187500000000e-01 9.645177125930786133e-01 5.746434180764481425e-05
8.198242187500000000e-01 9.650174975395202637e-01 2.576743827376049012e-05
1.948242187500000000e-01 9.655172228813171387e-01 2.825086630764417350e-05
6.948242187500000000e-01 9.660170078277587891e-01 5.016005525249056518e-05
4.448242187500000000e-01 9.665167331695556641e-01 6.608499825233593583e-05
9.448242187500000000e-01 9.670165181159973145e-01 2.859077085304306820e-06
3.857421875000000000e-02 9.675162434577941895e-01 1.404159888807043899e-06
5.385742187500000000e-01 9.680159687995910645e-01 6.115665746619924903e-05
2.885742187500000000e-01 9.685157537460327148e-01 4.046388130518607795e-05
7.885742187500000000e-01 9.690154790878295898e-01 2.585957190603949130e-05
1.635742187500000000e-01 9.695152640342712402e-01 1.686568793957121670e-05
6.635742187500000000e-01 9.700149893760681152e-01 4.346547211753204465e-05
4.135742187500000000e-01 9.705147147178649902e-01 4.963017636328004301e-05
9.135742187500000000e-01 9.710144996643066406e-01 5.085827069706283510e-06
1.010742187500000000e-01 9.715142250061035156e-01 6.507792477350449190e-06
6.010742187500000000e-01 9.720140099525451660e-01 4.377178629511035979e-05
3.510742187500000000e-01 9.725137352943420410e-01 3.813424336840398610e-05
8.510742187500000000e-01 9.730135202407836914e-01 1.138376592280110344e-05
2.260742187500000000e-01 9.735132455825805664e-01 2.090740235871635377e-05
7.260742187500000000e-01 9.740129709243774414e-01 2.601991400297265500e-05
4.760742187500000000e-01 9.745127558708190918e-01 3.938420923077501357e-05
9.760742187500000000e-01 9.750124812126159668e-01 3.320124903893884039e-07
2.294921875000000000e-02 9.755122661590576172e-01 2.941033585557306651e-07
5.229492187500000000e-01 9.760119915008544922e-01 3.495359123917296529e-05
2.729492187500000000e-01 9.765117168426513672e-01 2.121647412423044443e-05
7.729492187500000000e-01 9.770115017890930176e-01 1.590262581885326654e-05
1.479492187500000000e-01 9.775112271308898926e-01 7.856147021811921149e-06
6.479492187500000000e-01 9.780110120773315430e-01 2.460632640577387065e-05
3.979492187500000000e-01 9.785107374191284180e-01 2.593762292235624045e-05
8.979492187500000000e-01 9.790105223655700684e-01 3.621820042098988779e-06
8.544921875000000000e-02 9.795102477073669434e-01 2.511390448489692062e-06
5.854492187500000000e-01 9.800099730491638184e-01 2.306700298504438251e-05
3.354492187500000000e-01 9.805097579956054688e-01 1.850957050919532776e-05
8.354492187500000000e-01 9.810094833374023438e-01 6.686314463877351955e-06
2.104492187500000000e-01 9.815092682838439941e-01 9.265255357604473829e-06
7.104492187500000000e-01 9.820089936256408691e-01 1.345060809399001300e-05
4.604492187500000000e-01 9.825087189674377441e-01 1.855272785178385675e-05
9.604492187500000000e-01 9.830085039138793945e-01 4.095240910828579217e-07
5.419921875000000000e-02 9.835082292556762695e-01 7.029071298347844277e-07
5.541992187500000000e-01 9.840080142021179199e-01 1.536090894660446793e-05
3.041992187500000000e-01 9.845077395439147949e-01 1.058606903825420886e-05
8.041992187500000000e-01 9.850075244903564453e-01 5.489621344167971984e-06
1.791992187500000000e-01 9.855072498321533203e-01 4.478258688322966918e-06
6.791992187500000000e-01 9.860069751739501953e-01 9.165758456219919026e-06
4.291992187500000000e-01 9.865067601203918457e-01 1.078001878340728581e-05
9.291992187500000000e-01 9.870064854621887207e-01 7.212188393168617040e-07
1.166992187500000000e-01 9.875062704086303711e-01 1.637861373637861107e-06
6.166992187500000000e-01 9.880059957504272461e-01 7.941713192849420011e-06
3.666992187500000000e-01 9.885057210922241211e-01 7.043405275908298790e-06
8.666992187500000000e-01 9.890055060386657715e-01 1.595700609868799802e-06
2.416992187500000000e-01 9.895052313804626465e-01 3.660979700725874864e-06
7.416992187500000000e-01 9.900050163269042969e-01 3.630016863098717295e-06
4.916992187500000000e-01 9.905047416687011719e-01 5.578413947660010308e-06
9.916992187500000000e-01 9.910045266151428223e-01 5.434024785699875792e-09
1.513671875000000000e-02 9.915042519569396973e-01 1.590425036113174428e-08
5.151367187500000000e-01 9.920039772987365723e-01 3.956808541261125356e-06
2.651367187500000000e-01 9.925037622451782227e-01 2.117247959176893346e-06
7.651367187500000000e-01 9.930034875869750977e-01 1.569720552652142942e-06
1.401367187500000000e-01 9.935032725334167480e-01 6.088653776714636479e-07
6.401367187500000000e-01 9.940029978752136230e-01 1.897040874609956518e-06
3.901367187500000000e-01 9.945027232170104980e-01 1.701374117146770004e-06
8.901367187500000000e-01 9.950025081634521484e-01 2.376549872451505507e-07
7.763671875000000000e-02 9.955022335052490234e-01 1.032700467362701602e-07
5.776367187500000000e-01 9.960020184516906738e-01 9.475969591221655719e-07
3.276367187500000000e-01 9.965017437934875488e-01 5.917992211834643967e-07
8.276367187500000000e-01 9.970015287399291992e-01 1.824167128461340326e-07
2.026367187500000000e-01 9.975012540817260742e-01 1.625947021466345177e-07
7.026367187500000000e-01 9.980009794235229492e-01 1.741012312095335801e-07
4.526367187500000000e-01 9.985007643699645996e-01 1.377650562517374055e-07
9.526367187500000000e-01 9.990004897117614746e-01 2.031788515211019330e-09
4.638671875000000000e-02 9.995002746582031250e-01 4.884020965434388017e-10
