# x, y
2.766601443290710449e-01 0.000000000000000000e+00 0.000000000000000000e+00
5.573875308036804199e-01 0.000000000000000000e+00 0.000000000000000000e+00
7.588309049606323242e-01 0.000000000000000000e+00 0.000000000000000000e+00
4.644671082496643066e-01 0.000000000000000000e+00 0.000000000000000000e+00
3.261228501796722412e-01 0.000000000000000000e+00 0.000000000000000000e+00
6.837009787559509277e-01 0.000000000000000000e+00 0.000000000000000000e+00
8.099586963653564453e-01 0.000000000000000000e+00 0.000000000000000000e+00
9.142981767654418945e-01 0.000000000000000000e+00 0.000000000000000000e+00
2.971259355545043945e-01 0.000000000000000000e+00 0.000000000000000000e+00
6.376753449440002441e-01 0.000000000000000000e+00 0.000000000000000000e+00
9.837540984153747559e-01 0.000000000000000000e+00 0.000000000000000000e+00
7.669520378112792969e-01 0.000000000000000000e+00 0.000000000000000000e+00
3.041131496429443359e-01 0.000000000000000000e+00 0.000000000000000000e+00
8.482522368431091309e-01 0.000000000000000000e+00 0.000000000000000000e+00
7.201523780822753906e-01 0.000000000000000000e+00 0.000000000000000000e+00
2.167216129601001740e-02 0.000000000000000000e+00 0.000000000000000000e+00
2.407142221927642822e-01 0.000000000000000000e+00 0.000000000000000000e+00
3.305501490831375122e-02 0.000000000000000000e+00 0.000000000000000000e+00
4.565048515796661377e-01 0.000000000000000000e+00 0.000000000000000000e+00
6.676962375640869141e-01 0.000000000000000000e+00 0.000000000000000000e+00
4.288680553436279297e-01 0.000000000000000000e+00 0.000000000000000000e+00
9.214917421340942383e-01 0.000000000000000000e+00 0.000000000000000000e+00
9.573165178298950195e-01 0.000000000000000000e+00 0.000000000000000000e+00
3.515612781047821045e-01 0.000000000000000000e+00 0.000000000000000000e+00
6.000531911849975586e-01 0.000000000000000000e+00 0.000000000000000000e+00
6.540703177452087402e-01 0.000000000000000000e+00 0.000000000000000000e+00
4.043198227882385254e-01 0.000000000000000000e+00 0.000000000000000000e+00
4.996086061000823975e-01 0.000000000000000000e+00 0.000000000000000000e+00
1.141663417220115662e-01 0.000000000000000000e+00 0.000000000000000000e+00
7.063515186309814453e-01 0.000000000000000000e+00 0.000000000000000000e+00
5.798544287681579590e-01 0.000000000000000000e+00 0.000000000000000000e+00
1.664582937955856323e-01 0.000000000000000000e+00 0.000000000000000000e+00
7.441511154174804688e-01 0.000000000000000000e+00 0.000000000000000000e+00
8.875699043273925781e-01 0.000000000000000000e+00 0.000000000000000000e+00
3.441728651523590088e-01 0.000000000000000000e+00 0.000000000000000000e+00
5.411645174026489258e-01 0.000000000000000000e+00 0.000000000000000000e+00
9.835432469844818115e-02 0.000000000000000000e+00 0.000000000000000000e+00
9.942473173141479492e-01 0.000000000000000000e+00 0.000000000000000000e+00
1.413754224777221680e-01 0.000000000000000000e+00 0.000000000000000000e+00
7.939491420984268188e-02 0.000000000000000000e+00 0.000000000000000000e+00
5.181233882904052734e-01 0.000000000000000000e+00 0.000000000000000000e+00
8.680590987205505371e-01 0.000000000000000000e+00 0.000000000000000000e+00
5.241808295249938965e-01 0.000000000000000000e+00 0.000000000000000000e+00
7.957361340522766113e-01 0.000000000000000000e+00 0.000000000000000000e+00
6.123744845390319824e-01 0.000000000000000000e+00 0.000000000000000000e+00
2.663598060607910156e-01 0.000000000000000000e+00 0.000000000000000000e+00
1.476521790027618408e-01 0.000000000000000000e+00 0.000000000000000000e+00
9.473810195922851562e-01 0.000000000000000000e+00 0.000000000000000000e+00
7.872334718704223633e-01 0.000000000000000000e+00 0.000000000000000000e+00
5.464898794889450073e-02 0.000000000000000000e+00 0.000000000000000000e+00
3.957114517688751221e-01 0.000000000000000000e+00 0.000000000000000000e+00
2.047253400087356567e-01 0.000000000000000000e+00 0.000000000000000000e+00
6.270522475242614746e-01 0.000000000000000000e+00 0.000000000000000000e+00
2.158977240324020386e-01 0.000000000000000000e+00 0.000000000000000000e+00
3.654260933399200439e-01 0.000000000000000000e+00 0.000000000000000000e+00
6.703180819749832153e-02 0.000000000000000000e+00 0.000000000000000000e+00
8.916621804237365723e-01 0.000000000000000000e+00 0.000000000000000000e+00
4.764932096004486084e-01 0.000000000000000000e+00 0.000000000000000000e+00
2.281511873006820679e-01 0.000000000000000000e+00 0.000000000000000000e+00
1.776010394096374512e-01 0.000000000000000000e+00 0.000000000000000000e+00
8.351272940635681152e-01 0.000000000000000000e+00 0.000000000000000000e+00
4.179756641387939453e-01 0.000000000000000000e+00 0.000000000000000000e+00
1.000000000000000000e+00 6.708474159240722656e-01 0.000000000000000000e+00
3.747694492340087891e-01 1.000000000000000000e+00 0.000000000000000000e+00
2.295017242431640625e-01 1.000000000000000000e+00 0.000000000000000000e+00
1.000000000000000000e+00 5.570372343063354492e-01 0.000000000000000000e+00
4.121103286743164062e-01 1.000000000000000000e+00 0.000000000000000000e+00
1.000000000000000000e+00 5.249941349029541016e-02 0.000000000000000000e+00
1.000000000000000000e+00 2.883900403976440430e-01 0.000000000000000000e+00
3.128316402435302734e-01 1.000000000000000000e+00 0.000000000000000000e+00
0.000000000000000000e+00 2.031455039978027344e-01 0.000000000000000000e+00
8.891701698303222656e-02 1.000000000000000000e+00 0.000000000000000000e+00
0.000000000000000000e+00 7.564187049865722656e-02 0.000000000000000000e+00
1.510231494903564453e-01 1.000000000000000000e+00 0.000000000000000000e+00
0.000000000000000000e+00 6.037132740020751953e-01 0.000000000000000000e+00
0.000000000000000000e+00 1.820735931396484375e-01 0.000000000000000000e+00
0.000000000000000000e+00 1.591696739196777344e-01 0.000000000000000000e+00
0.000000000000000000e+00 3.923823833465576172e-01 0.000000000000000000e+00
1.148285865783691406e-01 1.000000000000000000e+00 0.000000000000000000e+00
0.000000000000000000e+00 8.374929428100585938e-01 0.000000000000000000e+00
1.000000000000000000e+00 2.777789831161499023e-01 0.000000000000000000e+00
1.000000000000000000e+00 4.112560749053955078e-01 0.000000000000000000e+00
0.000000000000000000e+00 5.404896736145019531e-01 0.000000000000000000e+00
0.000000000000000000e+00 5.297577381134033203e-01 0.000000000000000000e+00
1.000000000000000000e+00 9.842453002929687500e-01 0.000000000000000000e+00
2.494783401489257812e-01 1.000000000000000000e+00 0.000000000000000000e+00
7.720122337341308594e-01 1.000000000000000000e+00 0.000000000000000000e+00
1.000000000000000000e+00 7.384563684463500977e-01 0.000000000000000000e+00
1.000000000000000000e+00 4.430475234985351562e-01 0.000000000000000000e+00
1.000000000000000000e+00 8.538622856140136719e-01 0.000000000000000000e+00
1.000000000000000000e+00 2.685456275939941406e-01 0.000000000000000000e+00
4.686517715454101562e-01 1.000000000000000000e+00 0.000000000000000000e+00
3.932785987854003906e-02 1.000000000000000000e+00 0.000000000000000000e+00
9.042055606842041016e-01 1.000000000000000000e+00 0.000000000000000000e+00
7.385015487670898438e-01 1.000000000000000000e+00 0.000000000000000000e+00
1.000000000000000000e+00 1.357506513595581055e-01 0.000000000000000000e+00
1.000000000000000000e+00 9.510114192962646484e-01 0.000000000000000000e+00
1.000000000000000000e+00 8.629562854766845703e-01 0.000000000000000000e+00
1.000000000000000000e+00 1.856958866119384766e-02 0.000000000000000000e+00
1.000000000000000000e+00 5.218192338943481445e-01 0.000000000000000000e+00
1.000000000000000000e+00 3.210227489471435547e-01 0.000000000000000000e+00
1.000000000000000000e+00 4.154593944549560547e-01 0.000000000000000000e+00
0.000000000000000000e+00 1.898264884948730469e-02 0.000000000000000000e+00
0.000000000000000000e+00 1.197092533111572266e-01 0.000000000000000000e+00
8.522303104400634766e-01 1.000000000000000000e+00 0.000000000000000000e+00
0.000000000000000000e+00 2.287173271179199219e-01 0.000000000000000000e+00
5.556468963623046875e-01 1.000000000000000000e+00 0.000000000000000000e+00
9.082748889923095703e-01 1.000000000000000000e+00 0.000000000000000000e+00
1.000000000000000000e+00 6.767404079437255859e-02 0.000000000000000000e+00
1.000000000000000000e+00 8.779513835906982422e-01 0.000000000000000000e+00
2.897129058837890625e-01 1.000000000000000000e+00 0.000000000000000000e+00
7.034029960632324219e-01 1.000000000000000000e+00 0.000000000000000000e+00
0.000000000000000000e+00 2.116191387176513672e-01 0.000000000000000000e+00
0.000000000000000000e+00 1.300113201141357422e-01 0.000000000000000000e+00
0.000000000000000000e+00 5.905075073242187500e-01 0.000000000000000000e+00
0.000000000000000000e+00 3.504974842071533203e-01 0.000000000000000000e+00
1.015925407409667969e-02 1.000000000000000000e+00 0.000000000000000000e+00
1.000000000000000000e+00 2.476069927215576172e-01 0.000000000000000000e+00
8.379604816436767578e-01 1.000000000000000000e+00 0.000000000000000000e+00
0.000000000000000000e+00 6.329362392425537109e-01 0.000000000000000000e+00
0.000000000000000000e+00 1.433238983154296875e-01 0.000000000000000000e+00
1.000000000000000000e+00 6.634112596511840820e-01 0.000000000000000000e+00
1.000000000000000000e+00 1.704206466674804688e-01 0.000000000000000000e+00
1.000000000000000000e+00 3.812450170516967773e-01 0.000000000000000000e+00
6.840655803680419922e-01 1.000000000000000000e+00 0.000000000000000000e+00
6.804645061492919922e-01 1.000000000000000000e+00 0.000000000000000000e+00
0.000000000000000000e+00 9.969282150268554688e-01 0.000000000000000000e+00
1.864523887634277344e-01 1.000000000000000000e+00 0.000000000000000000e+00
1.000000000000000000e+00 1.163578033447265625e-02 0.000000000000000000e+00
0.000000000000000000e+00 7.943141460418701172e-01 0.000000000000000000e+00
0.000000000000000000e+00 8.488547801971435547e-01 0.000000000000000000e+00
1.000000000000000000e+00 7.586092948913574219e-01 0.000000000000000000e+00
0.000000000000000000e+00 4.876873493194580078e-01 0.000000000000000000e+00
0.000000000000000000e+00 8.841125965118408203e-01 0.000000000000000000e+00
0.000000000000000000e+00 7.515046596527099609e-01 0.000000000000000000e+00
1.000000000000000000e+00 4.640332460403442383e-01 0.000000000000000000e+00
0.000000000000000000e+00 5.114796161651611328e-01 0.000000000000000000e+00
0.000000000000000000e+00 7.349462509155273438e-01 0.000000000000000000e+00
1.000000000000000000e+00 6.081135272979736328e-01 0.000000000000000000e+00
2.173800468444824219e-01 1.000000000000000000e+00 0.000000000000000000e+00
1.000000000000000000e+00 9.722826480865478516e-01 0.000000000000000000e+00
2.688200473785400391e-01 1.000000000000000000e+00 0.000000000000000000e+00
0.000000000000000000e+00 4.979727268218994141e-01 0.000000000000000000e+00
9.250776767730712891e-01 1.000000000000000000e+00 0.000000000000000000e+00
7.902543544769287109e-01 1.000000000000000000e+00 0.000000000000000000e+00
6.503112316131591797e-01 1.000000000000000000e+00 0.000000000000000000e+00
7.962787151336669922e-01 1.000000000000000000e+00 0.000000000000000000e+00
0.000000000000000000e+00 8.649449348449707031e-01 0.000000000000000000e+00
1.000000000000000000e+00 7.179713249206542969e-01 0.000000000000000000e+00
9.956190586090087891e-01 1.000000000000000000e+00 0.000000000000000000e+00
1.000000000000000000e+00 2.051507234573364258e-01 0.000000000000000000e+00
6.649613380432128906e-02 1.000000000000000000e+00 0.000000000000000000e+00
1.296939849853515625e-01 1.000000000000000000e+00 0.000000000000000000e+00
0.000000000000000000e+00 6.305170059204101562e-02 0.000000000000000000e+00
8.792209625244140625e-01 1.000000000000000000e+00 0.000000000000000000e+00
1.000000000000000000e+00 3.662011623382568359e-01 0.000000000000000000e+00
5.021622180938720703e-01 1.000000000000000000e+00 0.000000000000000000e+00
8.137929439544677734e-01 1.000000000000000000e+00 0.000000000000000000e+00
7.264826297760009766e-01 1.000000000000000000e+00 0.000000000000000000e+00
1.000000000000000000e+00 4.864648580551147461e-01 0.000000000000000000e+00
0.000000000000000000e+00 6.965022087097167969e-01 0.000000000000000000e+00
0.000000000000000000e+00 4.281857013702392578e-01 0.000000000000000000e+00
0.000000000000000000e+00 4.578471183776855469e-01 0.000000000000000000e+00
0.000000000000000000e+00 4.356682300567626953e-01 0.000000000000000000e+00
1.000000000000000000e+00 8.233046531677246094e-02 0.000000000000000000e+00
1.000000000000000000e+00 1.512422561645507812e-01 0.000000000000000000e+00
7.525181770324707031e-01 1.000000000000000000e+00 0.000000000000000000e+00
0.000000000000000000e+00 3.135063648223876953e-01 0.000000000000000000e+00
3.352515697479248047e-01 1.000000000000000000e+00 0.000000000000000000e+00
0.000000000000000000e+00 9.261953830718994141e-01 0.000000000000000000e+00
1.640343666076660156e-02 1.000000000000000000e+00 0.000000000000000000e+00
1.000000000000000000e+00 5.824931859970092773e-01 0.000000000000000000e+00
1.000000000000000000e+00 8.035984039306640625e-01 0.000000000000000000e+00
0.000000000000000000e+00 2.587883472442626953e-01 0.000000000000000000e+00
6.158106327056884766e-01 1.000000000000000000e+00 0.000000000000000000e+00
0.000000000000000000e+00 5.830633640289306641e-01 0.000000000000000000e+00
1.000000000000000000e+00 5.301201343536376953e-01 0.000000000000000000e+00
2.037005424499511719e-01 1.000000000000000000e+00 0.000000000000000000e+00
9.407522678375244141e-01 1.000000000000000000e+00 0.000000000000000000e+00
1.000000000000000000e+00 6.464992761611938477e-01 0.000000000000000000e+00
0.000000000000000000e+00 3.396859169006347656e-01 0.000000000000000000e+00
0.000000000000000000e+00 9.584205150604248047e-01 0.000000000000000000e+00
1.000000000000000000e+00 7.885075807571411133e-01 0.000000000000000000e+00
1.000000000000000000e+00 1.118090152740478516e-01 0.000000000000000000e+00
0.000000000000000000e+00 2.791371345520019531e-01 0.000000000000000000e+00
1.000000000000000000e+00 1.071790456771850586e-01 0.000000000000000000e+00
0.000000000000000000e+00 3.753285408020019531e-01 0.000000000000000000e+00
0.000000000000000000e+00 3.179037570953369141e-01 0.000000000000000000e+00
1.000000000000000000e+00 3.332030773162841797e-02 0.000000000000000000e+00
0.000000000000000000e+00 9.744763374328613281e-02 0.000000000000000000e+00
0.000000000000000000e+00 4.095013141632080078e-01 0.000000000000000000e+00
1.000000000000000000e+00 6.889545917510986328e-01 0.000000000000000000e+00
1.000000000000000000e+00 3.560438156127929688e-01 0.000000000000000000e+00
0.000000000000000000e+00 5.575258731842041016e-01 0.000000000000000000e+00
4.790034294128417969e-01 1.000000000000000000e+00 0.000000000000000000e+00
3.587999343872070312e-01 1.000000000000000000e+00 0.000000000000000000e+00
0.000000000000000000e+00 7.015118598937988281e-01 0.000000000000000000e+00
0.000000000000000000e+00 8.919832706451416016e-01 0.000000000000000000e+00
2.818121910095214844e-01 1.000000000000000000e+00 0.000000000000000000e+00
0.000000000000000000e+00 4.515314102172851562e-02 0.000000000000000000e+00
1.000000000000000000e+00 3.342944383621215820e-01 0.000000000000000000e+00
1.000000000000000000e+00 6.026542186737060547e-01 0.000000000000000000e+00
5.911867618560791016e-01 1.000000000000000000e+00 0.000000000000000000e+00
4.156942367553710938e-01 1.000000000000000000e+00 0.000000000000000000e+00
4.467179775238037109e-01 1.000000000000000000e+00 0.000000000000000000e+00
0.000000000000000000e+00 9.487047195434570312e-01 0.000000000000000000e+00
0.000000000000000000e+00 6.698167324066162109e-01 0.000000000000000000e+00
1.000000000000000000e+00 7.664811611175537109e-01 0.000000000000000000e+00
5.722277164459228516e-01 1.000000000000000000e+00 0.000000000000000000e+00
1.000000000000000000e+00 9.049358367919921875e-01 0.000000000000000000e+00
9.929752349853515625e-02 1.000000000000000000e+00 0.000000000000000000e+00
0.000000000000000000e+00 2.860355377197265625e-01 0.000000000000000000e+00
1.000000000000000000e+00 5.027220249176025391e-01 0.000000000000000000e+00
1.000000000000000000e+00 5.508635044097900391e-01 0.000000000000000000e+00
1.000000000000000000e+00 8.369450569152832031e-01 0.000000000000000000e+00
1.000000000000000000e+00 1.862691640853881836e-01 0.000000000000000000e+00
4.331569671630859375e-01 1.000000000000000000e+00 0.000000000000000000e+00
0.000000000000000000e+00 4.709742069244384766e-01 0.000000000000000000e+00
6.314628124237060547e-01 1.000000000000000000e+00 0.000000000000000000e+00
3.948581218719482422e-01 1.000000000000000000e+00 0.000000000000000000e+00
1.000000000000000000e+00 4.525235891342163086e-01 0.000000000000000000e+00
1.000000000000000000e+00 9.596778154373168945e-01 0.000000000000000000e+00
1.000000000000000000e+00 2.255243062973022461e-01 0.000000000000000000e+00
0.000000000000000000e+00 8.243379592895507812e-01 0.000000000000000000e+00
9.600479602813720703e-01 1.000000000000000000e+00 0.000000000000000000e+00
4.815316200256347656e-02 1.000000000000000000e+00 0.000000000000000000e+00
1.000000000000000000e+00 9.275814294815063477e-01 0.000000000000000000e+00
8.684978485107421875e-01 1.000000000000000000e+00 0.000000000000000000e+00
1.000000000000000000e+00 8.955235481262207031e-01 0.000000000000000000e+00
1.000000000000000000e+00 7.100007534027099609e-01 0.000000000000000000e+00
1.000000000000000000e+00 3.106665611267089844e-01 0.000000000000000000e+00
0.000000000000000000e+00 6.613829135894775391e-01 0.000000000000000000e+00
9.698324203491210938e-01 1.000000000000000000e+00 0.000000000000000000e+00
5.134186744689941406e-01 1.000000000000000000e+00 0.000000000000000000e+00
3.303587436676025391e-01 1.000000000000000000e+00 0.000000000000000000e+00
0.000000000000000000e+00 7.639038562774658203e-01 0.000000000000000000e+00
0.000000000000000000e+00 9.149761199951171875e-01 0.000000000000000000e+00
0.000000000000000000e+00 6.445319652557373047e-01 0.000000000000000000e+00
5.381598472595214844e-01 1.000000000000000000e+00 0.000000000000000000e+00
0.000000000000000000e+00 2.442126274108886719e-01 0.000000000000000000e+00
0.000000000000000000e+00 9.821205139160156250e-01 0.000000000000000000e+00
6.567139625549316406e-01 1.000000000000000000e+00 0.000000000000000000e+00
1.599917411804199219e-01 1.000000000000000000e+00 0.000000000000000000e+00
1.000000000000000000e+00 2.214078903198242188e-01 0.000000000000000000e+00
1.000000000000000000e+00 8.243565559387207031e-01 0.000000000000000000e+00
0.000000000000000000e+00 7.856061458587646484e-01 0.000000000000000000e+00
0.000000000000000000e+00 7.301170825958251953e-01 0.000000000000000000e+00
5.434103012084960938e-01 1.000000000000000000e+00 0.000000000000000000e+00
0.000000000000000000e+00 2.167463302612304688e-03 0.000000000000000000e+00
0.000000000000000000e+00 9.113025665283203125e-02 0.000000000000000000e+00
1.000000000000000000e+00 2.370845079421997070e-01 0.000000000000000000e+00
1.000000000000000000e+00 4.958287477493286133e-01 0.000000000000000000e+00
1.000000000000000000e+00 2.118802070617675781e-02 0.000000000000000000e+00
9.469793438911437988e-01 0.000000000000000000e+00 0.000000000000000000e+00
0.000000000000000000e+00 7.635354995727539062e-03 0.000000000000000000e+00
1.221483349800109863e-01 0.000000000000000000e+00 0.000000000000000000e+00
6.693060994148254395e-01 0.000000000000000000e+00 0.000000000000000000e+00
6.133665442466735840e-01 0.000000000000000000e+00 0.000000000000000000e+00
1.000000000000000000e+00 1.811010837554931641e-01 0.000000000000000000e+00
5.643655061721801758e-01 0.000000000000000000e+00 0.000000000000000000e+00
1.000000000000000000e+00 6.791887283325195312e-01 0.000000000000000000e+00
0.000000000000000000e+00 8.008852005004882812e-01 0.000000000000000000e+00
5.833914279937744141e-01 0.000000000000000000e+00 0.000000000000000000e+00
3.816915303468704224e-02 0.000000000000000000e+00 0.000000000000000000e+00
0.000000000000000000e+00 4.835228919982910156e-01 0.000000000000000000e+00
0.000000000000000000e+00 2.936813831329345703e-01 0.000000000000000000e+00
6.682634353637695312e-02 0.000000000000000000e+00 0.000000000000000000e+00
4.602787196636199951e-01 0.000000000000000000e+00 0.000000000000000000e+00
0.000000000000000000e+00 6.786348819732666016e-01 0.000000000000000000e+00
2.643709778785705566e-01 0.000000000000000000e+00 0.000000000000000000e+00
3.157519102096557617e-01 0.000000000000000000e+00 0.000000000000000000e+00
5.907907485961914062e-01 1.000000000000000000e+00 0.000000000000000000e+00
1.000000000000000000e+00 8.960121870040893555e-01 0.000000000000000000e+00
3.949798047542572021e-01 0.000000000000000000e+00 0.000000000000000000e+00
1.239778995513916016e-01 1.000000000000000000e+00 0.000000000000000000e+00
1.000000000000000000e+00 2.706620693206787109e-01 0.000000000000000000e+00
0.000000000000000000e+00 3.828511238098144531e-01 0.000000000000000000e+00
1.000000000000000000e+00 3.295300006866455078e-01 0.000000000000000000e+00
4.315084218978881836e-01 0.000000000000000000e+00 0.000000000000000000e+00
2.972404658794403076e-01 0.000000000000000000e+00 0.000000000000000000e+00
1.000000000000000000e+00 5.901300907135009766e-01 0.000000000000000000e+00
0.000000000000000000e+00 9.784102439880371094e-01 0.000000000000000000e+00
7.905884981155395508e-01 0.000000000000000000e+00 0.000000000000000000e+00
7.761667966842651367e-01 0.000000000000000000e+00 0.000000000000000000e+00
1.000000000000000000e+00 3.459882736206054688e-01 0.000000000000000000e+00
1.000000000000000000e+00 5.769652128219604492e-01 0.000000000000000000e+00
1.000000000000000000e+00 9.592918157577514648e-01 0.000000000000000000e+00
7.968209385871887207e-01 0.000000000000000000e+00 0.000000000000000000e+00
1.735206544399261475e-01 0.000000000000000000e+00 0.000000000000000000e+00
1.000000000000000000e+00 9.111313819885253906e-01 0.000000000000000000e+00
9.151990413665771484e-01 1.000000000000000000e+00 0.000000000000000000e+00
1.000000000000000000e+00 2.488865852355957031e-01 0.000000000000000000e+00
4.014499187469482422e-01 1.000000000000000000e+00 0.000000000000000000e+00
0.000000000000000000e+00 9.456231594085693359e-01 0.000000000000000000e+00
1.000000000000000000e+00 4.119303226470947266e-01 0.000000000000000000e+00
8.334302343428134918e-03 0.000000000000000000e+00 0.000000000000000000e+00
5.604419708251953125e-01 1.000000000000000000e+00 0.000000000000000000e+00
1.000000000000000000e+00 5.187605619430541992e-01 0.000000000000000000e+00
1.516849994659423828e-01 1.000000000000000000e+00 0.000000000000000000e+00
0.000000000000000000e+00 1.015772819519042969e-01 0.000000000000000000e+00
0.000000000000000000e+00 6.090252399444580078e-01 0.000000000000000000e+00
5.259113907814025879e-01 0.000000000000000000e+00 0.000000000000000000e+00
0.000000000000000000e+00 6.907820701599121094e-01 0.000000000000000000e+00
0.000000000000000000e+00 9.845566749572753906e-01 0.000000000000000000e+00
9.280379414558410645e-01 0.000000000000000000e+00 0.000000000000000000e+00
3.370792865753173828e-01 1.000000000000000000e+00 0.000000000000000000e+00
8.999277949333190918e-01 0.000000000000000000e+00 0.000000000000000000e+00
8.823702335357666016e-01 1.000000000000000000e+00 0.000000000000000000e+00
8.512382507324218750e-01 1.000000000000000000e+00 0.000000000000000000e+00
6.156449317932128906e-01 1.000000000000000000e+00 0.000000000000000000e+00
5.827000141143798828e-01 1.000000000000000000e+00 0.000000000000000000e+00
0.000000000000000000e+00 4.357371330261230469e-01 0.000000000000000000e+00
1.000000000000000000e+00 4.335150718688964844e-01 0.000000000000000000e+00
6.958987712860107422e-01 1.000000000000000000e+00 0.000000000000000000e+00
1.000000000000000000e+00 7.583198547363281250e-01 0.000000000000000000e+00
5.096931457519531250e-01 0.000000000000000000e+00 0.000000000000000000e+00
0.000000000000000000e+00 8.979005813598632812e-01 0.000000000000000000e+00
7.079322338104248047e-01 0.000000000000000000e+00 0.000000000000000000e+00
2.904739379882812500e-01 1.000000000000000000e+00 0.000000000000000000e+00
0.000000000000000000e+00 8.869330883026123047e-01 0.000000000000000000e+00
0.000000000000000000e+00 3.600327968597412109e-01 0.000000000000000000e+00
9.527029991149902344e-01 1.000000000000000000e+00 0.000000000000000000e+00
0.000000000000000000e+00 5.585601329803466797e-01 0.000000000000000000e+00
0.000000000000000000e+00 1.613929271697998047e-01 0.000000000000000000e+00
0.000000000000000000e+00 1.254098415374755859e-01 0.000000000000000000e+00
1.000000000000000000e+00 7.277066707611083984e-01 0.000000000000000000e+00
8.030993938446044922e-01 1.000000000000000000e+00 0.000000000000000000e+00
0.000000000000000000e+00 7.457852363586425781e-01 0.000000000000000000e+00
9.175662398338317871e-01 0.000000000000000000e+00 0.000000000000000000e+00
0.000000000000000000e+00 7.935974597930908203e-01 0.000000000000000000e+00
1.540987342596054077e-01 0.000000000000000000e+00 0.000000000000000000e+00
1.734361648559570312e-01 1.000000000000000000e+00 0.000000000000000000e+00
1.034672856330871582e-01 0.000000000000000000e+00 0.000000000000000000e+00
1.000000000000000000e+00 1.182980537414550781e-01 0.000000000000000000e+00
1.000000000000000000e+00 9.960823059082031250e-01 0.000000000000000000e+00
1.000000000000000000e+00 6.535791158676147461e-01 0.000000000000000000e+00
9.325845241546630859e-01 1.000000000000000000e+00 0.000000000000000000e+00
1.325883865356445312e-01 1.000000000000000000e+00 0.000000000000000000e+00
0.000000000000000000e+00 8.171312808990478516e-01 0.000000000000000000e+00
0.000000000000000000e+00 2.843716144561767578e-01 0.000000000000000000e+00
0.000000000000000000e+00 1.788785457611083984e-01 0.000000000000000000e+00
9.723308086395263672e-01 1.000000000000000000e+00 0.000000000000000000e+00
4.898643493652343750e-01 0.000000000000000000e+00 0.000000000000000000e+00
0.000000000000000000e+00 8.542943000793457031e-02 0.000000000000000000e+00
0.000000000000000000e+00 3.993797302246093750e-02 0.000000000000000000e+00
3.155393600463867188e-01 1.000000000000000000e+00 0.000000000000000000e+00
1.000000000000000000e+00 2.545309066772460938e-01 0.000000000000000000e+00
7.523804306983947754e-01 0.000000000000000000e+00 0.000000000000000000e+00
0.000000000000000000e+00 4.787588119506835938e-02 0.000000000000000000e+00
6.726081371307373047e-01 1.000000000000000000e+00 0.000000000000000000e+00
1.000000000000000000e+00 8.348398208618164062e-01 0.000000000000000000e+00
7.172088623046875000e-01 0.000000000000000000e+00 0.000000000000000000e+00
1.000000000000000000e+00 8.547674417495727539e-01 0.000000000000000000e+00
1.000000000000000000e+00 8.366155624389648438e-02 0.000000000000000000e+00
1.000000000000000000e+00 7.641152143478393555e-01 0.000000000000000000e+00
0.000000000000000000e+00 5.756263732910156250e-01 0.000000000000000000e+00
8.534536361694335938e-01 0.000000000000000000e+00 0.000000000000000000e+00
7.256643772125244141e-01 1.000000000000000000e+00 0.000000000000000000e+00
6.595667600631713867e-01 0.000000000000000000e+00 0.000000000000000000e+00
0.000000000000000000e+00 5.136311054229736328e-01 0.000000000000000000e+00
3.988956511020660400e-01 0.000000000000000000e+00 0.000000000000000000e+00
1.000000000000000000e+00 7.991061210632324219e-01 0.000000000000000000e+00
8.368072509765625000e-01 1.000000000000000000e+00 0.000000000000000000e+00
0.000000000000000000e+00 2.222495079040527344e-01 0.000000000000000000e+00
1.000000000000000000e+00 9.705629348754882812e-01 0.000000000000000000e+00
1.000000000000000000e+00 8.100570440292358398e-01 0.000000000000000000e+00
1.000000000000000000e+00 3.566393852233886719e-01 0.000000000000000000e+00
0.000000000000000000e+00 9.528472423553466797e-01 0.000000000000000000e+00
0.000000000000000000e+00 7.576942443847656250e-02 0.000000000000000000e+00
6.450905799865722656e-01 1.000000000000000000e+00 0.000000000000000000e+00
9.457805156707763672e-01 1.000000000000000000e+00 0.000000000000000000e+00
1.000000000000000000e+00 4.805088043212890625e-03 0.000000000000000000e+00
3.227121829986572266e-01 1.000000000000000000e+00 0.000000000000000000e+00
6.300261020660400391e-01 1.000000000000000000e+00 0.000000000000000000e+00
2.346420288085937500e-02 1.000000000000000000e+00 0.000000000000000000e+00
1.000000000000000000e+00 2.008891105651855469e-01 0.000000000000000000e+00
5.041146278381347656e-02 1.000000000000000000e+00 0.000000000000000000e+00
9.851157665252685547e-01 1.000000000000000000e+00 0.000000000000000000e+00
0.000000000000000000e+00 9.113187789916992188e-01 0.000000000000000000e+00
8.166337013244628906e-01 1.000000000000000000e+00 0.000000000000000000e+00
0.000000000000000000e+00 5.300734043121337891e-01 0.000000000000000000e+00
8.295498490333557129e-01 0.000000000000000000e+00 0.000000000000000000e+00
1.000000000000000000e+00 3.387451171875000000e-02 0.000000000000000000e+00
5.162084102630615234e-01 1.000000000000000000e+00 0.000000000000000000e+00
1.000000000000000000e+00 1.074911355972290039e-01 0.000000000000000000e+00
0.000000000000000000e+00 4.721221923828125000e-01 0.000000000000000000e+00
1.229810714721679688e-02 1.000000000000000000e+00 0.000000000000000000e+00
0.000000000000000000e+00 3.341670036315917969e-01 0.000000000000000000e+00
8.654096126556396484e-01 1.000000000000000000e+00 0.000000000000000000e+00
0.000000000000000000e+00 7.599437236785888672e-01 0.000000000000000000e+00
7.489888668060302734e-01 1.000000000000000000e+00 0.000000000000000000e+00
0.000000000000000000e+00 2.169666290283203125e-01 0.000000000000000000e+00
1.000000000000000000e+00 3.002908229827880859e-01 0.000000000000000000e+00
1.000000000000000000e+00 1.298534870147705078e-01 0.000000000000000000e+00
4.730184078216552734e-01 1.000000000000000000e+00 0.000000000000000000e+00
1.000000000000000000e+00 5.253258943557739258e-01 0.000000000000000000e+00
4.514386653900146484e-01 1.000000000000000000e+00 0.000000000000000000e+00
1.000000000000000000e+00 2.174885272979736328e-01 0.000000000000000000e+00
0.000000000000000000e+00 5.006461143493652344e-01 0.000000000000000000e+00
1.000000000000000000e+00 8.852018117904663086e-01 0.000000000000000000e+00
1.827443987131118774e-01 0.000000000000000000e+00 0.000000000000000000e+00
0.000000000000000000e+00 6.392171382904052734e-01 0.000000000000000000e+00
0.000000000000000000e+00 6.194372177124023438e-01 0.000000000000000000e+00
3.681910336017608643e-01 0.000000000000000000e+00 0.000000000000000000e+00
5.067732334136962891e-01 1.000000000000000000e+00 0.000000000000000000e+00
6.662261486053466797e-01 1.000000000000000000e+00 0.000000000000000000e+00
3.311358988285064697e-01 0.000000000000000000e+00 0.000000000000000000e+00
5.981519073247909546e-02 0.000000000000000000e+00 0.000000000000000000e+00
8.700945973396301270e-01 0.000000000000000000e+00 0.000000000000000000e+00
1.000000000000000000e+00 4.809699058532714844e-01 0.000000000000000000e+00
3.806316852569580078e-01 1.000000000000000000e+00 0.000000000000000000e+00
1.000000000000000000e+00 4.493743181228637695e-01 0.000000000000000000e+00
1.939691603183746338e-01 0.000000000000000000e+00 0.000000000000000000e+00
7.418217658996582031e-01 1.000000000000000000e+00 0.000000000000000000e+00
6.866908073425292969e-02 1.000000000000000000e+00 0.000000000000000000e+00
1.000000000000000000e+00 3.086904287338256836e-01 0.000000000000000000e+00
1.323322355747222900e-01 0.000000000000000000e+00 0.000000000000000000e+00
0.000000000000000000e+00 2.382156848907470703e-01 0.000000000000000000e+00
2.483217716217041016e-01 1.000000000000000000e+00 0.000000000000000000e+00
7.053844928741455078e-01 1.000000000000000000e+00 0.000000000000000000e+00
2.094364166259765625e-01 1.000000000000000000e+00 0.000000000000000000e+00
1.000000000000000000e+00 7.129652500152587891e-01 0.000000000000000000e+00
5.353789329528808594e-01 1.000000000000000000e+00 0.000000000000000000e+00
9.538696408271789551e-01 0.000000000000000000e+00 0.000000000000000000e+00
6.418590545654296875e-01 0.000000000000000000e+00 0.000000000000000000e+00
4.406311511993408203e-01 1.000000000000000000e+00 0.000000000000000000e+00
9.716928005218505859e-01 0.000000000000000000e+00 0.000000000000000000e+00
1.000000000000000000e+00 9.368205070495605469e-01 0.000000000000000000e+00
4.192509651184082031e-01 1.000000000000000000e+00 0.000000000000000000e+00
3.764915466308593750e-02 1.000000000000000000e+00 0.000000000000000000e+00
7.445587515830993652e-01 0.000000000000000000e+00 0.000000000000000000e+00
1.000000000000000000e+00 4.221094846725463867e-01 0.000000000000000000e+00
1.000000000000000000e+00 1.462329626083374023e-01 0.000000000000000000e+00
1.000000000000000000e+00 7.909078598022460938e-01 0.000000000000000000e+00
0.000000000000000000e+00 1.436493396759033203e-01 0.000000000000000000e+00
6.321827769279479980e-01 0.000000000000000000e+00 0.000000000000000000e+00
5.401626229286193848e-01 0.000000000000000000e+00 0.000000000000000000e+00
2.828614711761474609e-01 0.000000000000000000e+00 0.000000000000000000e+00
0.000000000000000000e+00 8.348288536071777344e-01 0.000000000000000000e+00
3.603764772415161133e-01 0.000000000000000000e+00 0.000000000000000000e+00
1.000000000000000000e+00 3.894146680831909180e-01 0.000000000000000000e+00
0.000000000000000000e+00 7.707779407501220703e-01 0.000000000000000000e+00
0.000000000000000000e+00 8.435261249542236328e-01 0.000000000000000000e+00
1.594060286879539490e-02 0.000000000000000000e+00 0.000000000000000000e+00
3.877635002136230469e-01 1.000000000000000000e+00 0.000000000000000000e+00
1.000000000000000000e+00 7.365610599517822266e-01 0.000000000000000000e+00
8.932640552520751953e-01 1.000000000000000000e+00 0.000000000000000000e+00
0.000000000000000000e+00 7.033414840698242188e-01 0.000000000000000000e+00
4.839527606964111328e-01 1.000000000000000000e+00 0.000000000000000000e+00
0.000000000000000000e+00 7.292990684509277344e-01 0.000000000000000000e+00
8.126488924026489258e-01 0.000000000000000000e+00 0.000000000000000000e+00
1.000000000000000000e+00 6.138598918914794922e-01 0.000000000000000000e+00
2.158266305923461914e-01 0.000000000000000000e+00 0.000000000000000000e+00
1.000000000000000000e+00 5.499660968780517578e-02 0.000000000000000000e+00
9.939256310462951660e-01 0.000000000000000000e+00 0.000000000000000000e+00
4.950194060802459717e-01 0.000000000000000000e+00 0.000000000000000000e+00
0.000000000000000000e+00 3.159782886505126953e-01 0.000000000000000000e+00
0.000000000000000000e+00 9.352896213531494141e-01 0.000000000000000000e+00
6.826137304306030273e-01 0.000000000000000000e+00 0.000000000000000000e+00
0.000000000000000000e+00 2.678475379943847656e-01 0.000000000000000000e+00
2.244722843170166016e-01 1.000000000000000000e+00 0.000000000000000000e+00
1.105179786682128906e-01 1.000000000000000000e+00 0.000000000000000000e+00
2.836480140686035156e-01 1.000000000000000000e+00 0.000000000000000000e+00
0.000000000000000000e+00 3.980662822723388672e-01 0.000000000000000000e+00
1.000000000000000000e+00 3.768728971481323242e-01 0.000000000000000000e+00
1.000000000000000000e+00 4.731557369232177734e-01 0.000000000000000000e+00
0.000000000000000000e+00 3.152394294738769531e-02 0.000000000000000000e+00
0.000000000000000000e+00 6.630101203918457031e-01 0.000000000000000000e+00
1.000000000000000000e+00 6.900659799575805664e-01 0.000000000000000000e+00
7.833414077758789062e-01 1.000000000000000000e+00 0.000000000000000000e+00
0.000000000000000000e+00 4.488391876220703125e-01 0.000000000000000000e+00
2.425565123558044434e-01 0.000000000000000000e+00 0.000000000000000000e+00
1.000000000000000000e+00 6.286863088607788086e-01 0.000000000000000000e+00
0.000000000000000000e+00 1.308283805847167969e-01 0.000000000000000000e+00
0.000000000000000000e+00 3.258838653564453125e-01 0.000000000000000000e+00
8.031296730041503906e-02 1.000000000000000000e+00 0.000000000000000000e+00
7.941374182701110840e-02 0.000000000000000000e+00 0.000000000000000000e+00
0.000000000000000000e+00 8.645226955413818359e-01 0.000000000000000000e+00
1.876926422119140625e-01 1.000000000000000000e+00 0.000000000000000000e+00
1.000000000000000000e+00 5.521346330642700195e-01 0.000000000000000000e+00
1.000000000000000000e+00 8.642416000366210938e-01 0.000000000000000000e+00
1.000000000000000000e+00 5.587646961212158203e-01 0.000000000000000000e+00
1.000000000000000000e+00 1.636910438537597656e-01 0.000000000000000000e+00
0.000000000000000000e+00 3.673186302185058594e-01 0.000000000000000000e+00
1.000000000000000000e+00 6.449012756347656250e-01 0.000000000000000000e+00
0.000000000000000000e+00 1.954674720764160156e-01 0.000000000000000000e+00
0.000000000000000000e+00 5.915470123291015625e-01 0.000000000000000000e+00
7.735490798950195312e-01 1.000000000000000000e+00 0.000000000000000000e+00
0.000000000000000000e+00 5.542042255401611328e-01 0.000000000000000000e+00
4.252899587154388428e-01 0.000000000000000000e+00 0.000000000000000000e+00
6.031535267829895020e-01 0.000000000000000000e+00 0.000000000000000000e+00
0.000000000000000000e+00 4.210307598114013672e-01 0.000000000000000000e+00
3.485725522041320801e-01 0.000000000000000000e+00 0.000000000000000000e+00
1.915123462677001953e-01 1.000000000000000000e+00 0.000000000000000000e+00
5.404281616210937500e-01 1.000000000000000000e+00 0.000000000000000000e+00
2.598886489868164062e-01 1.000000000000000000e+00 0.000000000000000000e+00
3.506147861480712891e-01 1.000000000000000000e+00 0.000000000000000000e+00
1.000000000000000000e+00 9.225651025772094727e-01 0.000000000000000000e+00
1.000000000000000000e+00 7.261490821838378906e-02 0.000000000000000000e+00
2.334715873003005981e-01 0.000000000000000000e+00 0.000000000000000000e+00
2.012348920106887817e-01 4.199727475643157959e-01 3.650586353614926338e-03
6.261058449745178223e-01 3.715469241142272949e-01 8.041781373322010040e-03
6.045073270797729492e-01 2.109838575124740601e-01 7.507597096264362335e-03
6.895837839692831039e-03 4.260080158710479736e-01 6.582534751942148432e-06
7.168674468994140625e-01 6.701402664184570312e-01 3.003873629495501518e-03
8.229322433471679688e-01 6.271869689226150513e-02 1.169887371361255646e-03
9.492989182472229004e-01 5.865973234176635742e-01 2.322346845176070929e-04
7.845145463943481445e-01 1.174774914979934692e-01 2.614834578707814217e-03
9.815506339073181152e-01 7.100721001625061035e-01 1.957360291271470487e-05
9.839171767234802246e-01 9.490443468093872070e-01 6.170394613036478404e-07
9.768825173377990723e-01 8.784645199775695801e-01 6.617533472308423370e-06
4.519703090190887451e-01 3.646725416183471680e-02 2.077131299301981926e-03
1.078133136034011841e-01 1.848278343677520752e-01 1.136376755312085152e-03
1.158621832728385925e-01 8.908621072769165039e-01 1.113486432586796582e-04
3.348650634288787842e-01 2.609415352344512939e-01 7.070661522448062897e-03
2.118528634309768677e-02 3.985341191291809082e-01 6.199507333803921938e-05
3.849706649780273438e-01 1.992301046848297119e-01 7.161721587181091309e-03
8.673268556594848633e-01 7.644346356391906738e-01 5.616876296699047089e-04
5.407107993960380554e-02 4.836203455924987793e-01 3.373570798430591822e-04
8.375791311264038086e-01 8.063619732856750488e-01 5.595600232481956482e-04
4.595234990119934082e-02 9.825319051742553711e-01 5.762266255260328762e-07
3.864834606647491455e-01 3.408834934234619141e-01 8.326159790158271790e-03
8.477731794118881226e-02 7.095609903335571289e-01 3.603400546126067638e-04
3.958753943443298340e-01 6.772892475128173828e-01 4.034327343106269836e-03
8.132698386907577515e-02 5.291639566421508789e-01 6.548185483552515507e-04
6.218838691711425781e-01 7.622734904289245605e-01 2.381963189691305161e-03
6.787278652191162109e-01 1.068102046847343445e-01 4.051703959703445435e-03
1.346398442983627319e-01 7.275918126106262207e-01 7.329412037506699562e-04
2.910265624523162842e-01 3.489580750465393066e-01 6.296748295426368713e-03
3.931698855012655258e-03 8.552888631820678711e-01 2.746979816947714426e-07
1.767690926790237427e-01 4.059610664844512939e-01 3.033683635294437408e-03
1.194174587726593018e-01 1.153834313154220581e-01 9.984570788219571114e-04
3.421014547348022461e-01 6.190326213836669922e-01 4.551104735583066940e-03
4.909910261631011963e-01 2.341305464506149292e-01 8.577596396207809448e-03
6.591308116912841797e-01 6.054551005363464355e-01 4.757661372423171997e-03
3.011048398911952972e-02 9.990109801292419434e-01 8.334131162968105855e-10
3.467489033937454224e-02 7.867032885551452637e-01 4.010113843833096325e-05
3.253113925457000732e-01 4.603664577007293701e-01 6.458130199462175369e-03
1.797920763492584229e-01 7.435727864503860474e-02 1.385477022267878056e-03
6.790835857391357422e-01 5.626681447029113770e-01 5.110987927764654160e-03
1.900919824838638306e-01 1.843540519475936890e-01 2.907067071646451950e-03
5.840183496475219727e-01 8.477687835693359375e-01 1.159541308879852295e-03
4.621913731098175049e-01 4.776754975318908691e-01 8.052172139286994934e-03
4.143004119396209717e-01 6.210661530494689941e-01 5.251039285212755203e-03
1.651358306407928467e-01 4.061801135540008545e-01 2.722339937463402748e-03
9.276344776153564453e-01 8.451014757156372070e-01 9.137357119470834732e-05
1.097651869058609009e-01 5.624974966049194336e-01 1.028063707053661346e-03
2.137170433998107910e-01 1.724808104336261749e-02 4.703970917034894228e-04
2.231964915990829468e-01 8.549892157316207886e-02 2.149444073438644409e-03
1.925125271081924438e-01 7.057678699493408203e-01 1.476494013331830502e-03
4.583169519901275635e-01 4.921534061431884766e-01 7.823263294994831085e-03
9.005814790725708008e-01 8.904227614402770996e-01 8.570725913159549236e-05
1.712422221899032593e-01 9.643469452857971191e-01 2.468901038810145110e-05
6.316503882408142090e-01 4.741036295890808105e-01 7.098189555108547211e-03
9.435198456048965454e-02 8.920789361000061035e-01 7.586416177218779922e-05
3.057458102703094482e-01 6.896870732307434082e-01 2.992332214489579201e-03
9.179570078849792480e-01 3.913577497005462646e-01 8.222913602367043495e-04
8.256492018699645996e-01 4.434351623058319092e-02 8.392140734940767288e-04
3.853335976600646973e-01 9.401156902313232422e-01 1.891298597911372781e-04
5.059224963188171387e-01 1.512743830680847168e-01 6.808605510741472244e-03
2.942507565021514893e-01 8.232870697975158691e-01 1.108725555241107941e-03
5.368208289146423340e-01 4.114294350147247314e-01 8.811487816274166107e-03
1.839309632778167725e-01 3.007960319519042969e-01 3.313166787847876549e-03
2.001753449440002441e-01 4.646881222724914551e-01 3.413391532376408577e-03
7.497513294219970703e-01 8.672441244125366211e-01 5.380553193390369415e-04
9.220193624496459961e-01 1.482219249010086060e-01 5.559286801144480705e-04
2.677559852600097656e-01 1.567577272653579712e-01 4.284732509404420853e-03
7.763246297836303711e-01 5.006529688835144043e-01 3.764131804928183556e-03
8.018438220024108887e-01 2.131108641624450684e-01 3.331405343487858772e-03
6.400995850563049316e-01 9.465161710977554321e-02 4.117364063858985901e-03
7.298192977905273438e-01 8.848227858543395996e-01 4.563823458738625050e-04
6.953660249710083008e-01 3.542703986167907715e-01 6.628570146858692169e-03
2.241142392158508301e-01 5.486799478530883789e-01 3.379269037395715714e-03
9.144454002380371094e-01 8.113606572151184082e-01 1.767179783200845122e-04
6.378235816955566406e-01 8.517181873321533203e-01 9.993398562073707581e-04
1.355047076940536499e-01 5.932772159576416016e-01 1.346755190752446651e-03
8.985597491264343262e-01 4.207097887992858887e-01 1.172977150417864323e-03
8.365685120224952698e-03 5.694850161671638489e-02 3.485453134999261238e-06
2.862522304058074951e-01 6.618344187736511230e-01 3.159333020448684692e-03
7.449480891227722168e-01 3.152978420257568359e-01 5.336218513548374176e-03
1.982495486736297607e-01 1.228649914264678955e-01 2.388162305578589439e-03
7.454982399940490723e-02 2.137136310338973999e-01 6.289166049100458622e-04
2.310683391988277435e-02 8.740973472595214844e-01 7.059998097247444093e-06
5.244021415710449219e-01 9.516250491142272949e-01 1.385209907311946154e-04
9.215503334999084473e-01 2.204637825489044189e-01 7.002130150794982910e-04
4.427182674407958984e-01 3.018649816513061523e-01 8.955628611147403717e-03
2.362526804208755493e-01 1.656543314456939697e-01 3.754462348297238350e-03
6.679204702377319336e-01 2.196644395589828491e-01 6.580459885299205780e-03
9.544696807861328125e-01 8.520815968513488770e-01 3.520880272844806314e-05
1.877042204141616821e-01 9.337653517723083496e-01 9.523238986730575562e-05
5.934767723083496094e-01 3.792364597320556641e-01 8.506299927830696106e-03
2.406642735004425049e-01 6.983699798583984375e-01 2.121903467923402786e-03
6.067433357238769531e-01 7.609807848930358887e-01 2.475150162354111671e-03
1.309708207845687866e-01 4.072378277778625488e-01 1.853646361269056797e-03
6.250035762786865234e-01 4.815641939640045166e-01 7.109899073839187622e-03
5.463097691535949707e-01 8.711357116699218750e-01 8.886848809197545052e-04
5.252674818038940430e-01 6.095631122589111328e-01 5.778024438768625259e-03
9.108741283416748047e-01 5.513157844543457031e-01 7.314864196814596653e-04
7.811033725738525391e-02 5.058534145355224609e-01 6.404882878996431828e-04
7.955495715141296387e-01 6.514023542404174805e-01 2.094154478982090950e-03
3.686667233705520630e-02 2.119415402412414551e-01 1.659486151766031981e-04
9.693218469619750977e-01 1.576155722141265869e-01 9.890408546198159456e-05
6.099857687950134277e-01 6.967551708221435547e-01 3.626330057159066200e-03
9.903508424758911133e-01 3.601630032062530518e-01 1.346464068774366751e-05
6.574380095116794109e-04 7.814916372299194336e-01 1.610641398031020799e-08
4.068055748939514160e-01 3.099686205387115479e-01 8.594554848968982697e-03
5.139667987823486328e-01 7.847194671630859375e-01 2.269477816298604012e-03
7.569812536239624023e-01 7.301924824714660645e-01 1.798851415514945984e-03
2.801037430763244629e-01 7.875179648399353027e-01 1.445714733563363552e-03
2.276154458522796631e-01 7.756627798080444336e-01 1.206552493385970592e-03
9.869330376386642456e-02 2.736465632915496826e-01 1.142369234003126621e-03
6.878581643104553223e-01 1.050165947526693344e-02 4.740124859381467104e-04
2.155124843120574951e-01 2.317508310079574585e-01 3.909690771251916885e-03
2.317171394824981689e-01 9.916340708732604980e-01 2.199573145844624378e-06
4.915277063846588135e-01 6.891768425703048706e-02 3.731964621692895889e-03
6.892122626304626465e-01 3.899732828140258789e-01 6.658345460891723633e-03
6.481371819972991943e-02 5.353142023086547852e-01 4.246759635861963034e-04
2.699777781963348389e-01 9.128788113594055176e-01 2.691465779207646847e-04
6.374947428703308105e-01 9.357042312622070312e-01 2.065785374725237489e-04
9.983776211738586426e-01 4.525980949401855469e-01 3.558111529855523258e-07
6.897652149200439453e-01 1.830270588397979736e-01 5.593894049525260925e-03
2.087600678205490112e-01 3.829518556594848633e-01 3.978263586759567261e-03
5.888477563858032227e-01 1.048730462789535522e-01 4.925434011965990067e-03
5.864343643188476562e-01 7.408406138420104980e-01 2.926755230873823166e-03
2.465258836746215820e-01 4.104469418525695801e-01 4.922259598970413208e-03
9.060714840888977051e-01 9.237654209136962891e-01 3.888530773110687733e-05
4.278449416160583496e-01 2.910918593406677246e-01 8.766178041696548462e-03
9.745661020278930664e-01 2.314765006303787231e-01 8.399814396398141980e-05
3.216411173343658447e-02 7.809464335441589355e-01 3.631353320088237524e-05
6.932747960090637207e-01 6.138726472854614258e-01 4.138559103012084961e-03
3.776164650917053223e-01 3.383495807647705078e-01 8.181649260222911835e-03
9.241501688957214355e-01 9.011058211326599121e-01 4.330236333771608770e-05
6.101565361022949219e-01 4.784640073776245117e-01 7.363442797213792801e-03
2.953390181064605713e-01 9.503239393234252930e-01 1.015706220641732216e-04
5.493385791778564453e-01 7.699900865554809570e-01 2.496658824384212494e-03
7.229353785514831543e-01 8.805226087570190430e-01 5.042816046625375748e-04
1.564081460237503052e-01 5.781604051589965820e-01 1.791127608157694340e-03
5.300516486167907715e-01 8.324748277664184570e-01 1.449665753170847893e-03
5.082942843437194824e-01 7.917452454566955566e-01 2.144945552572607994e-03
7.248755693435668945e-01 8.717311024665832520e-01 5.704406648874282837e-04
2.831754982471466064e-01 7.158318161964416504e-01 2.381765283644199371e-03
8.088527917861938477e-01 4.912699759006500244e-01 3.039274364709854126e-03
5.782859325408935547e-01 8.813758492469787598e-01 7.376134162768721581e-04
1.878376863896846771e-02 6.283792853355407715e-01 2.947925895568914711e-05
6.092929244041442871e-01 6.748805642127990723e-01 4.042664077132940292e-03
3.993956744670867920e-01 2.235851883888244629e-01 7.755578961223363876e-03
1.535417139530181885e-01 2.560696601867675781e-01 2.393793081864714622e-03
4.527694880962371826e-01 6.502240300178527832e-01 4.883574321866035461e-03
1.209572795778512955e-02 1.090508848428726196e-01 1.236029129358939826e-05
3.502979874610900879e-01 6.831697225570678711e-01 3.552103880792856216e-03
9.965173006057739258e-01 4.338641464710235596e-01 1.674930445005884394e-06
3.417419195175170898e-01 2.757435142993927002e-01 7.319460157305002213e-03
2.488729655742645264e-01 6.043738126754760742e-01 3.305657533928751945e-03
6.132653951644897461e-01 8.305042982101440430e-01 1.342091825790703297e-03
4.228977262973785400e-01 4.214521944522857666e-01 8.402395993471145630e-03
1.497488021850585938e-01 2.499463856220245361e-01 2.279568696394562721e-03
3.922594189643859863e-01 1.519852131605148315e-01 6.211427506059408188e-03
2.264599204063415527e-01 4.620994031429290771e-01 4.102869890630245209e-03
2.280062995851039886e-02 4.776262864470481873e-02 2.150001273548696190e-05
7.465670108795166016e-01 5.792158246040344238e-01 3.671327140182256699e-03
1.806140989065170288e-01 5.231851339340209961e-01 2.605165122076869011e-03
3.739727735519409180e-01 7.835181355476379395e-01 2.012604614719748497e-03
1.865065097808837891e-01 5.216181278228759766e-01 2.747883321717381477e-03
6.152775883674621582e-01 6.922409404069185257e-03 3.825258172582834959e-04
6.013900637626647949e-01 6.686694025993347168e-01 4.218356218189001083e-03
1.338760256767272949e-01 9.596599340438842773e-01 2.099695666402112693e-05
7.072247266769409180e-01 5.473510622978210449e-01 4.808090627193450928e-03
8.459769487380981445e-01 4.852398484945297241e-02 7.458314066752791405e-04
2.177633196115493774e-01 9.521676301956176758e-01 6.321251566987484694e-05
6.227706670761108398e-01 5.515210628509521484e-01 6.122283171862363815e-03
8.300183415412902832e-01 4.992554709315299988e-02 8.970519993454217911e-04
3.814284503459930420e-01 9.482814073562622070e-01 1.412006531609222293e-04
5.682622548192739487e-03 7.559769749641418457e-01 1.437202172382967547e-06
8.759432435035705566e-01 8.225176334381103516e-01 3.059485461562871933e-04
2.291398644447326660e-01 9.229125380516052246e-01 1.711120130494236946e-04
9.656055569648742676e-01 9.424093961715698242e-01 3.447616563789779320e-06
7.275096774101257324e-01 2.622035443782806396e-01 5.609077401459217072e-03
5.016595721244812012e-01 3.966002464294433594e-01 9.024719707667827606e-03
4.447531998157501221e-01 7.224087119102478027e-01 3.394727827981114388e-03
1.148374304175376892e-01 9.008774757385253906e-01 9.145838703261688352e-05
9.742754101753234863e-01 4.696178063750267029e-02 2.679326098586898297e-05
4.922876358032226562e-01 9.437120556831359863e-01 1.867856917669996619e-04
7.328491806983947754e-01 1.146215945482254028e-01 3.444026922807097435e-03
2.660178244113922119e-01 4.538347721099853516e-01 5.161053966730833054e-03
7.509275674819946289e-01 7.130762934684753418e-01 2.053601900115609169e-03
9.957467317581176758e-01 8.355179429054260254e-01 4.054489863847265951e-07
6.772380471229553223e-01 2.179325371980667114e-01 6.368804257363080978e-03
7.678115367889404297e-01 6.927087306976318359e-01 2.078938530758023262e-03
1.649081856012344360e-01 3.636355102062225342e-01 2.792743267491459846e-03
8.823040872812271118e-02 4.553875625133514404e-01 8.741036872379481792e-04
8.740498870611190796e-02 5.960608720779418945e-01 6.188011611811816692e-04
8.466997742652893066e-01 2.520579993724822998e-01 2.375640440732240677e-03
9.903647750616073608e-02 4.268074780702590942e-02 3.114228020422160625e-04
8.281401395797729492e-01 5.578693747520446777e-02 1.007463084533810616e-03
3.380495309829711914e-01 5.133299827575683594e-01 6.088039372116327286e-03
7.591775655746459961e-01 7.186123132705688477e-01 1.901890267618000507e-03
2.620824873447418213e-01 6.912703514099121094e-01 2.464315388351678848e-03
9.652557373046875000e-01 1.666166074573993683e-02 1.812071059248410165e-05
8.805184364318847656e-01 1.849173568189144135e-02 1.971715682884678245e-04
8.081183582544326782e-02 5.241149663925170898e-02 2.596718550194054842e-04
7.151877284049987793e-01 3.167420923709869385e-01 6.135256029665470123e-03
7.377040982246398926e-01 1.932977885007858276e-01 4.709781613200902939e-03
6.367636322975158691e-01 5.833413600921630859e-01 5.417746957391500473e-03
6.631673574447631836e-01 6.008116602897644043e-01 4.777147434651851654e-03
6.148141026496887207e-01 4.272055625915527344e-01 7.860730402171611786e-03
1.319322139024734497e-01 4.443168044090270996e-01 1.799518242478370667e-03
1.375646796077489853e-02 5.342682003974914551e-01 2.133110501745250076e-05
6.497430205345153809e-01 1.176234185695648193e-01 4.743059165775775909e-03
4.188508093357086182e-01 8.660970330238342285e-01 9.201127104461193085e-04
2.385914474725723267e-01 9.783209562301635742e-01 1.517423697805497795e-05
4.735825955867767334e-01 1.928258240222930908e-01 7.808212656527757645e-03
4.802256226539611816e-01 1.387927979230880737e-01 6.413611117750406265e-03
9.360424876213073730e-01 3.923749923706054688e-01 5.192145472392439842e-04
2.083260416984558105e-01 8.932226300239562988e-01 2.770116261672228575e-04
9.798496365547180176e-01 8.646665215492248535e-01 6.173674591991584748e-06
7.541503310203552246e-01 1.527964323759078979e-01 3.770021721720695496e-03
7.587350904941558838e-03 2.931149601936340332e-01 8.304251423396635801e-06
7.814928889274597168e-01 6.068217381834983826e-02 1.561232027597725391e-03
2.972776889801025391e-01 3.680526316165924072e-01 6.414516828954219818e-03
3.277419805526733398e-01 2.400503307580947876e-01 6.729892920702695847e-03
7.294518351554870605e-01 8.017449975013732910e-01 1.227345899678766727e-03
7.441214323043823242e-01 7.719506043940782547e-03 2.755585301201790571e-04
2.761420309543609619e-01 5.891773700714111328e-01 3.973073326051235199e-03
8.004117012023925781e-01 9.652360677719116211e-01 2.977065196319017559e-05
9.776638150215148926e-01 3.692383691668510437e-02 1.633146530366502702e-05
9.153093695640563965e-01 6.152199506759643555e-01 5.473461351357400417e-04
9.099285006523132324e-01 4.356905445456504822e-02 2.677162410691380501e-04
2.296064943075180054e-01 5.469261407852172852e-01 3.512855153530836105e-03
7.036576420068740845e-02 6.293890476226806641e-01 3.699156222864985466e-04
5.903257131576538086e-01 5.758242309093475342e-02 2.991145243868231773e-03
5.495370924472808838e-02 7.660574316978454590e-01 1.130785021814517677e-04
1.935470849275588989e-02 6.234921216964721680e-01 3.184023807989433408e-05
3.857137262821197510e-02 1.706874072551727295e-01 1.614366919966414571e-04
3.047250807285308838e-01 8.249450922012329102e-01 1.134757883846759796e-03
7.222609519958496094e-01 3.954808413982391357e-01 5.815775599330663681e-03
2.997648902237415314e-02 2.362217456102371216e-01 1.165146459243260324e-04
1.113141030073165894e-01 3.649420738220214844e-01 1.440282096154987812e-03
7.788670659065246582e-01 2.829861938953399658e-01 4.315725993365049362e-03
2.476845085620880127e-01 5.295640826225280762e-01 4.069276619702577591e-03
3.561166524887084961e-01 5.368978977203369141e-01 6.054024677723646164e-03
4.158674478530883789e-01 4.804207086563110352e-01 7.653464097529649734e-03
3.752238452434539795e-01 5.024244785308837891e-01 6.836259271949529648e-03
5.599549412727355957e-01 6.381340026855468750e-01 5.073502659797668457e-03
6.579104065895080566e-01 4.467854499816894531e-01 6.926270667463541031e-03
6.288593411445617676e-01 1.446570456027984619e-02 7.653625798411667347e-04
9.453757107257843018e-02 3.119456171989440918e-01 1.082116970792412758e-03
8.943969756364822388e-02 2.386566698551177979e-01 9.175142040476202965e-04
1.749499514698982239e-02 9.000760316848754883e-01 2.655313210198073648e-06
1.592985242605209351e-01 6.020944714546203613e-01 1.709746429696679115e-03
3.207391798496246338e-01 3.239363133907318115e-01 7.027680519968271255e-03
7.230103611946105957e-01 1.776618063449859619e-01 4.818492103368043900e-03
3.972072303295135498e-01 3.519461303949356079e-02 1.878131064586341381e-03
7.636947631835937500e-01 1.537143737077713013e-01 3.585376543924212456e-03
6.233281269669532776e-02 2.812073230743408203e-01 4.963233950547873974e-04
1.142027452588081360e-01 3.768470585346221924e-01 1.497532357461750507e-03
5.361095666885375977e-01 5.151825547218322754e-01 7.489547599107027054e-03
6.185383796691894531e-01 4.704782664775848389e-01 7.344159763306379318e-03
6.356656551361083984e-01 9.849750399589538574e-01 1.192640593217220157e-05
5.216213315725326538e-02 6.725079417228698730e-01 1.763103500707075000e-04
6.424722075462341309e-01 4.054819941520690918e-01 7.561882492154836655e-03
5.951411128044128418e-01 4.147968590259552002e-01 8.247001096606254578e-03
8.207361698150634766e-01 6.311419010162353516e-01 1.858823699876666069e-03
6.432512402534484863e-01 3.433508574962615967e-01 7.796344812959432602e-03
9.027293920516967773e-01 8.798982501029968262e-01 9.786097507458180189e-05
7.520968466997146606e-02 3.529511392116546631e-01 7.148629520088434219e-04
9.472265839576721191e-01 4.851216673851013184e-01 3.213646705262362957e-04
5.206779241561889648e-01 6.227406859397888184e-01 5.520524922758340836e-03
2.040684223175048828e-01 5.223209261894226074e-01 3.144219983369112015e-03
7.968349754810333252e-02 7.550876736640930176e-01 2.435734058963134885e-04
9.239315986633300781e-03 9.670822024345397949e-01 8.780961735510572908e-08
7.485758066177368164e-01 4.859514832496643066e-01 4.548694938421249390e-03
4.306002855300903320e-01 6.131679415702819824e-01 5.515787284821271896e-03
2.183433771133422852e-01 4.656157195568084717e-01 3.872995497658848763e-03
7.912684679031372070e-01 5.138332843780517578e-01 3.312962595373392105e-03
9.616630673408508301e-01 5.847675204277038574e-01 1.370397221762686968e-04
2.133167535066604614e-01 3.695607483386993408e-01 4.136396106332540512e-03
7.394763827323913574e-01 1.560281366109848022e-01 4.124788567423820496e-03
5.128707885742187500e-01 5.882769823074340820e-03 3.628786362241953611e-04
8.171860575675964355e-01 1.329560577869415283e-01 2.230750164017081261e-03
3.833051919937133789e-01 4.127091169357299805e-01 7.953908294439315796e-03
2.683252990245819092e-01 4.190435409545898438e-01 5.451369564980268478e-03
7.663635611534118652e-01 6.375136971473693848e-01 2.685490297153592110e-03
2.780176103115081787e-01 1.586105078458786011e-01 4.524013493210077286e-03
5.216384530067443848e-01 8.801642060279846191e-02 4.558159038424491882e-03
6.777398586273193359e-01 8.173400163650512695e-01 1.300854724831879139e-03
4.373269081115722656e-01 9.699184298515319824e-01 5.314481313689611852e-05
6.044979095458984375e-01 5.898313522338867188e-01 5.672049243003129959e-03
4.684714376926422119e-01 7.703195214271545410e-01 2.519640373066067696e-03
8.359270095825195312e-01 3.948156237602233887e-01 2.720073563978075981e-03
9.343835711479187012e-01 7.068514823913574219e-01 2.283385110786184669e-04
2.734643220901489258e-01 8.373660445213317871e-01 8.742849458940327168e-04
5.972803831100463867e-01 6.094383597373962402e-01 5.378621630370616913e-03
6.458633542060852051e-01 2.647394239902496338e-01 7.487283088266849518e-03
8.179058432579040527e-01 1.913938671350479126e-01 2.775880508124828339e-03
6.909301877021789551e-01 3.336206972599029541e-01 6.755812093615531921e-03
3.654845654964447021e-01 8.601223230361938477e-01 9.050644002854824066e-04
8.728601932525634766e-01 2.748674452304840088e-01 1.779961632564663887e-03
1.678129881620407104e-01 4.090080857276916504e-01 2.786044264212250710e-03
5.161374211311340332e-01 1.961549669504165649e-01 7.905307225883007050e-03
8.744448423385620117e-01 7.342532277107238770e-01 6.250515580177307129e-04
5.393071770668029785e-01 3.451440855860710144e-02 1.986037008464336395e-03
4.522962272167205811e-01 4.471184313297271729e-01 8.387339301407337189e-03
2.191227674484252930e-01 7.666797041893005371e-01 1.221967046149075031e-03
5.455706715583801270e-01 9.189155697822570801e-01 3.713515761774033308e-04
8.670952171087265015e-02 4.418778717517852783e-01 8.632015669718384743e-04
8.943962454795837402e-01 3.080783486366271973e-01 1.315811299718916416e-03
2.118651866912841797e-01 2.271600812673568726e-01 3.782956162467598915e-03
7.597491145133972168e-01 6.169285178184509277e-01 3.016232978552579880e-03
4.900397956371307373e-01 7.567144036293029785e-01 2.797048771753907204e-03
1.124198511242866516e-01 6.124333143234252930e-01 9.159101755358278751e-04
7.003396749496459961e-01 7.531258463859558105e-01 2.021597931161522865e-03
8.955397605895996094e-01 2.277303785085678101e-01 1.188586000353097916e-03
8.981773257255554199e-01 7.373695969581604004e-01 4.253910738043487072e-04
4.085930287837982178e-01 6.554905772209167480e-01 4.542797803878784180e-03
1.186969578266143799e-01 6.195731163024902344e-01 9.812162024900317192e-04
2.794712781906127930e-01 6.786158084869384766e-01 2.842169720679521561e-03
5.337756872177124023e-01 8.195108175277709961e-01 1.653348677791655064e-03
9.602226614952087402e-01 4.752012193202972412e-01 1.909318816615268588e-04
8.911016583442687988e-01 4.840553104877471924e-01 1.213384326547384262e-03
2.756213843822479248e-01 2.706028521060943604e-01 5.738753825426101685e-03
8.780345320701599121e-02 5.860389471054077148e-01 6.442366866394877434e-04
3.492455780506134033e-01 2.156159654259681702e-02 1.066213008016347885e-03
4.201949834823608398e-01 7.035297155380249023e-01 3.670375328510999680e-03
7.480742335319519043e-01 1.277689915150403976e-02 4.422732454258948565e-04
6.562621593475341797e-01 4.591043293476104736e-02 2.126665087416768074e-03
6.144443750381469727e-01 9.295948147773742676e-01 2.586081391200423241e-04
1.481193155050277710e-01 5.421247482299804688e-01 1.809566281735897064e-03
3.283400535583496094e-01 7.658450007438659668e-01 2.042181557044386864e-03
1.909086853265762329e-01 6.429121494293212891e-01 1.955907326191663742e-03
6.019852757453918457e-01 3.922192007303237915e-02 2.078476129099726677e-03
6.986473202705383301e-01 8.410962224006652832e-01 9.414130472578108311e-04
5.661301016807556152e-01 1.289594918489456177e-01 5.903119221329689026e-03
6.528036296367645264e-02 1.186572313308715820e-01 3.431719087529927492e-04
7.115775942802429199e-01 1.216177921742200851e-02 4.998862859793007374e-04
9.073814749717712402e-01 2.944333851337432861e-02 1.958864449989050627e-04
3.377369940280914307e-01 1.741098910570144653e-01 5.941365845501422882e-03
9.182802438735961914e-01 8.596276640892028809e-01 9.538454469293355942e-05
7.012504935264587402e-01 1.070818528532981873e-01 3.747140290215611458e-03
5.709886923432350159e-02 4.179823398590087891e-01 4.104096442461013794e-04
4.364700317382812500e-01 8.844187855720520020e-01 7.147848955355584621e-04
2.031180113554000854e-01 1.454295516014099121e-01 2.782488008961081505e-03
7.765928506851196289e-01 1.405081450939178467e-01 3.124394919723272324e-03
5.836768150329589844e-01 9.534806609153747559e-01 1.218386314576491714e-04
8.565587550401687622e-02 3.305388092994689941e-01 9.086715290322899818e-04
1.440588384866714478e-01 1.836094558238983154e-01 1.860624062828719616e-03
9.383183717727661133e-01 9.953123331069946289e-01 7.326304540811179322e-08
5.224947333335876465e-01 7.287549376487731934e-01 3.337531583383679390e-03
1.686625629663467407e-01 1.293701082468032837e-01 1.927938428707420826e-03
4.483508765697479248e-01 6.324615478515625000e-01 5.226387176662683487e-03
3.400550484657287598e-01 5.659287571907043457e-01 5.370288621634244919e-03
2.924663387238979340e-02 3.462870419025421143e-01 1.192834170069545507e-04
7.792199254035949707e-01 4.871564805507659912e-01 3.792084520682692528e-03
4.325703680515289307e-01 2.437070384621620178e-02 1.397575833834707737e-03
3.407244086265563965e-01 4.942261874675750732e-01 6.379385944455862045e-03
2.419469803571701050e-01 7.573605179786682129e-01 1.499909791164100170e-03
8.612082004547119141e-01 6.712632179260253906e-01 1.036414294503629208e-03
8.658328652381896973e-01 3.078879117965698242e-01 1.990242395550012589e-03
9.194979667663574219e-01 8.732690811157226562e-01 7.684728188905864954e-05
6.737582683563232422e-01 7.815894484519958496e-01 1.801412436179816723e-03
1.172404289245605469e-01 7.976253628730773926e-01 3.499055164866149426e-04
1.663917601108551025e-01 7.521114349365234375e-01 8.891659672372043133e-04
7.953042984008789062e-01 1.043506935238838196e-01 2.218479523435235023e-03
6.172793507575988770e-01 1.526706386357545853e-02 8.262656629085540771e-04
4.196542799472808838e-01 8.156004548072814941e-01 1.644955249503254890e-03
8.829864263534545898e-01 3.194767236709594727e-01 1.579449512064456940e-03
3.114003539085388184e-01 7.474152445793151855e-01 2.192542655393481255e-03
1.037653535604476929e-01 9.708162546157836914e-01 7.151008503569755703e-06
5.650805234909057617e-01 2.750802040100097656e-01 8.731274865567684174e-03
3.331206142902374268e-01 5.876661539077758789e-01 4.930900875478982925e-03
6.166483759880065918e-01 5.205067396163940430e-01 6.687460001558065414e-03
9.305051565170288086e-01 2.124523818492889404e-01 5.510080954991281033e-04
9.376135468482971191e-01 3.164203763008117676e-01 5.059073446318507195e-04
7.343918681144714355e-01 3.691492974758148193e-01 5.589766427874565125e-03
5.285465121269226074e-01 5.114264488220214844e-01 7.580314297229051590e-03
1.620475798845291138e-01 3.634191155433654785e-01 2.715431386604905128e-03
8.835824131965637207e-01 8.005295395851135254e-01 3.370279446244239807e-04
9.568125009536743164e-01 1.369297951459884644e-01 1.741646410664543509e-04
4.094687998294830322e-01 6.218235194683074951e-02 3.197652753442525864e-03
2.948124110698699951e-01 3.103215098381042480e-01 6.379785016179084778e-03
2.659965455532073975e-01 7.260587811470031738e-01 2.076991368085145950e-03
5.158154964447021484e-01 9.567649960517883301e-01 1.115544364438392222e-04
4.775824248790740967e-01 2.070014178752899170e-01 8.103082887828350067e-03
7.213747501373291016e-01 5.035034567117691040e-02 1.834391616284847260e-03
4.438928328454494476e-03 2.863219678401947021e-01 2.848074700523284264e-06
1.893669664859771729e-01 5.319555997848510742e-01 2.746038138866424561e-03
4.470629692077636719e-01 1.169151067733764648e-01 5.571399349719285965e-03
3.116625547409057617e-01 3.024129271507263184e-01 6.772815715521574020e-03
7.606203556060791016e-01 6.520335674285888672e-01 2.617308637127280235e-03
3.478944897651672363e-01 5.637305378913879395e-01 5.522198509424924850e-03
2.288273423910140991e-01 7.172822356224060059e-01 1.785317086614668369e-03
9.365221858024597168e-01 1.254274696111679077e-01 3.390504862181842327e-04
4.644349813461303711e-01 9.815396070480346680e-01 2.069492984446696937e-05
7.966487407684326172e-01 1.522037237882614136e-01 2.871017204597592354e-03
8.861849904060363770e-01 5.552956461906433105e-01 1.117158797569572926e-03
6.281753182411193848e-01 6.065189242362976074e-01 5.123069975525140762e-03
5.140160918235778809e-01 3.534008562564849854e-01 9.220089763402938843e-03
2.251624166965484619e-01 4.303336739540100098e-01 4.250691737979650497e-03
5.402880907058715820e-01 1.797223240137100220e-01 7.460124790668487549e-03
5.197415500879287720e-02 3.596799969673156738e-01 3.580351476557552814e-04
4.381993412971496582e-01 4.640224575996398926e-01 8.078673854470252991e-03
5.854322016239166260e-02 7.764435410499572754e-01 1.178794991574250162e-04
6.963431835174560547e-01 5.181371569633483887e-01 5.379034671932458878e-03
6.995815634727478027e-01 8.541828393936157227e-01 8.022283436730504036e-04
3.010707199573516846e-01 6.200503110885620117e-01 3.963534254580736160e-03
5.568715333938598633e-01 6.922043561935424805e-01 3.993269056081771851e-03
3.894240260124206543e-01 6.173976659774780273e-01 5.109579302370548248e-03
6.123961210250854492e-01 9.441034793853759766e-01 1.661996939219534397e-04
4.025532603263854980e-01 9.926640391349792480e-01 3.090020527451997623e-06
1.413183212280273438e-01 1.273704469203948975e-01 1.428202609531581402e-03
3.734056055545806885e-01 3.611167073249816895e-01 8.069104515016078949e-03
1.228502616286277771e-01 3.575916588306427002e-01 1.713600009679794312e-03
4.598855376243591309e-01 7.920445203781127930e-01 2.113301539793610573e-03
6.257819533348083496e-01 1.348353177309036255e-01 5.534734111279249191e-03
6.753723025321960449e-01 6.218672394752502441e-01 4.274092614650726318e-03
3.581147491931915283e-01 8.076989650726318359e-01 1.578236231580376625e-03
4.534740447998046875e-01 1.431776285171508789e-01 6.456292700022459030e-03
4.011052846908569336e-01 6.420400142669677734e-01 4.747323226183652878e-03
2.105145007371902466e-01 8.337097167968750000e-01 6.367969326674938202e-04
1.965547055006027222e-01 7.795749902725219727e-01 9.446243057027459145e-04
9.294028282165527344e-01 8.745564222335815430e-01 5.924712968408130109e-05
9.529158473014831543e-01 6.365651488304138184e-01 1.692601072136312723e-04
4.193565621972084045e-02 5.929147601127624512e-01 1.586058497196063399e-04
3.799982070922851562e-01 4.520393311977386475e-01 7.533971220254898071e-03
6.139291524887084961e-01 7.971501350402832031e-01 1.842723111622035503e-03
7.356315851211547852e-02 4.710591733455657959e-01 6.121275946497917175e-04
6.553847789764404297e-01 9.763417840003967285e-01 2.787580888252705336e-05
7.928825616836547852e-01 4.932484924793243408e-01 3.415914718061685562e-03
7.415928244590759277e-01 6.652516126632690430e-01 2.737556584179401398e-03
5.344133377075195312e-01 3.287332653999328613e-01 9.170426987111568451e-03
9.954035878181457520e-01 2.083276584744453430e-02 4.181162012173444964e-07
8.541007637977600098e-01 1.102678012102842331e-02 1.674719242146238685e-04
6.330499053001403809e-01 6.866599321365356445e-01 3.638006746768951416e-03
8.867795467376708984e-01 3.222446143627166748e-01 1.492150826379656792e-03
1.919219493865966797e-01 2.005601227283477783e-01 3.082990413531661034e-03
4.070305824279785156e-01 4.715511202812194824e-01 7.671025115996599197e-03
2.904298305511474609e-01 5.616069436073303223e-01 4.583877045661211014e-03
5.076572299003601074e-02 1.888412088155746460e-01 2.885336289182305336e-04
8.572038412094116211e-01 4.386645257472991943e-01 2.070993417873978615e-03
2.604663670063018799e-01 8.298633694648742676e-01 8.912949124351143837e-04
7.688957452774047852e-01 8.394935727119445801e-01 6.828936166130006313e-04
9.825389981269836426e-01 9.380905032157897949e-01 1.058271664078347385e-06
7.261602878570556641e-01 8.893784284591674805e-01 4.303522291593253613e-04
3.910946846008300781e-02 6.643030047416687012e-01 1.057238114299252629e-04
5.617724657058715820e-01 7.741318941116333008e-01 2.393563743680715561e-03
6.913558244705200195e-01 4.268888533115386963e-01 6.384280510246753693e-03
6.414842605590820312e-01 3.052267432212829590e-01 7.792866788804531097e-03
2.365874946117401123e-01 9.020236134529113770e-01 2.824638213496655226e-04
8.483435511589050293e-01 5.711723566055297852e-01 1.738593215122818947e-03
7.203075885772705078e-01 6.681773066520690918e-01 2.986078383401036263e-03
7.351111173629760742e-01 7.422437667846679688e-01 1.869813539087772369e-03
6.825349479913711548e-02 9.266532063484191895e-01 2.016159123741090298e-05
9.875553250312805176e-01 6.586083769798278809e-01 1.159372368420008570e-05
5.255556106567382812e-01 9.365350604057312012e-01 2.345307439099997282e-04
2.613473832607269287e-01 7.722909450531005859e-01 1.492307404987514019e-03
8.123402595520019531e-01 4.065646231174468994e-01 3.327320562675595284e-03
4.913416802883148193e-01 9.330758452415466309e-01 2.610370574984699488e-04
9.593594670295715332e-01 3.897585719823837280e-02 5.471996337291784585e-05
5.507172346115112305e-01 8.774659037590026855e-01 8.065680158324539661e-04
3.374062776565551758e-01 4.861472845077514648e-01 6.415730807930231094e-03
6.001712679862976074e-01 4.084300100803375244e-01 8.230539970099925995e-03
3.340059518814086914e-01 6.026170253753662109e-01 4.708786495029926300e-03
3.790668845176696777e-01 6.961694359779357910e-01 3.560403361916542053e-03
6.811854839324951172e-01 8.202920556068420410e-01 1.249424531124532223e-03
1.629913449287414551e-01 1.938854604959487915e-01 2.344918670132756233e-03
1.641118377447128296e-01 9.030584096908569336e-01 1.597027148818597198e-04
9.587537050247192383e-01 8.691006340086460114e-03 1.335586875939043239e-05
7.877686619758605957e-01 5.694434046745300293e-01 2.950716996565461159e-03
3.044511675834655762e-01 5.142959356307983398e-01 5.440603941679000854e-03
3.577800393104553223e-01 6.736029386520385742e-01 3.788752714172005653e-03
6.007296442985534668e-01 8.508738279342651367e-01 1.088591990992426872e-03
9.772794842720031738e-01 1.646949797868728638e-01 5.665581556968390942e-05
8.955397456884384155e-02 9.978599548339843750e-01 3.038040929936869361e-08
6.597449779510498047e-01 5.924888849258422852e-01 4.958157893270254135e-03
2.608522176742553711e-01 3.584276735782623291e-01 5.484593566507101059e-03
7.301563769578933716e-02 7.724869996309280396e-02 3.013263631146401167e-04
9.323945641517639160e-02 6.247165203094482422e-01 6.289071752689778805e-04
6.721510887145996094e-01 4.925573468208312988e-01 6.159026175737380981e-03
7.149744629859924316e-01 2.293264269828796387e-01 5.656446330249309540e-03
5.975039601325988770e-01 5.428799986839294434e-01 6.560985930263996124e-03
6.362666487693786621e-01 1.687497198581695557e-01 6.245271302759647369e-03
9.017665386199951172e-01 9.573625922203063965e-01 1.365731077385134995e-05
9.480632543563842773e-01 5.242463946342468262e-01 2.876892976928502321e-04
1.527055166661739349e-02 9.174790382385253906e-01 1.412758820151793770e-06
2.480470836162567139e-01 5.101019740104675293e-01 4.259100649505853653e-03
5.067253112792968750e-01 3.594698309898376465e-01 9.214345365762710571e-03
9.230230450630187988e-01 8.480845689773559570e-01 9.880740253720432520e-05
2.567335367202758789e-01 2.777380943298339844e-01 5.275688599795103073e-03
6.922736763954162598e-01 8.939048051834106445e-01 4.566333373077213764e-04
8.767688870429992676e-01 6.004102230072021484e-01 1.119148684665560722e-03
7.612680196762084961e-01 3.880150318145751953e-01 4.799836315214633942e-03
4.680393263697624207e-03 7.823181152343750000e-01 8.044846140364825260e-07
4.629838466644287109e-01 8.767701387405395508e-01 8.230457897298038006e-04
4.119180142879486084e-01 9.452205896377563477e-01 1.664428564254194498e-04
3.147863745689392090e-01 9.854097962379455566e-01 9.759407475939951837e-06
2.867857813835144043e-01 1.870754510164260864e-01 5.172166507691144943e-03
1.471527107059955597e-02 8.456945419311523438e-01 4.232882020005490631e-06
5.492964759469032288e-03 1.844895421527326107e-03 5.485258824933225696e-08
4.842279255390167236e-01 3.642162978649139404e-01 9.183187969028949738e-03
8.856276869773864746e-01 1.076028048992156982e-01 8.791927830316126347e-04
8.699927330017089844e-01 9.409976005554199219e-01 4.190775507595390081e-05
8.738988041877746582e-01 1.381098628044128418e-01 1.245917286723852158e-03
2.221401482820510864e-01 3.241718411445617676e-01 4.420839250087738037e-03
7.108340263366699219e-01 6.479895710945129395e-01 3.392421873286366463e-03
5.627384781837463379e-01 1.890782713890075684e-01 7.528271060436964035e-03
3.079560697078704834e-01 1.334715783596038818e-01 4.551968071609735489e-03
2.857860624790191650e-01 1.193433403968811035e-01 3.856117371469736099e-03
2.823837995529174805e-01 5.453580617904663086e-01 4.628974013030529022e-03
4.679277911782264709e-02 4.409945011138916016e-01 2.741559583228081465e-04
7.621344178915023804e-02 4.691586196422576904e-01 6.553233833983540535e-04
4.814152717590332031e-01 2.668541157618165016e-03 1.654367952141910791e-04
6.767045259475708008e-01 9.605152010917663574e-01 7.167397416196763515e-05
7.191661000251770020e-01 1.016154810786247253e-01 3.345352597534656525e-03
2.267514914274215698e-01 2.001944184303283691e-02 5.910515901632606983e-04
4.333287775516510010e-01 2.945613265037536621e-01 8.838766254484653473e-03
7.463124990463256836e-01 7.432215213775634766e-01 1.756608951836824417e-03
4.411634802818298340e-01 3.373545706272125244e-01 9.003631770610809326e-03
4.509146809577941895e-01 4.400156736373901367e-01 8.458402007818222046e-03
4.559515416622161865e-01 3.209556937217712402e-01 9.106548503041267395e-03
9.479434490203857422e-01 7.597785592079162598e-01 1.067643315764144063e-04
8.636243343353271484e-01 6.379216909408569336e-02 7.755957194603979588e-04
6.803172826766967773e-01 8.468544483184814453e-01 9.394612279720604420e-04
2.837992906570434570e-01 6.263666152954101562e-01 3.612534608691930771e-03
4.123453199863433838e-01 9.665980935096740723e-01 6.332204793579876423e-05
6.436967849731445312e-02 6.406164169311523438e-01 3.001136938109993935e-04
2.976011335849761963e-01 7.871806621551513672e-01 1.557877985760569572e-03
5.418611168861389160e-01 8.031145483255386353e-02 4.186289850622415543e-03
9.665738940238952637e-01 5.672026872634887695e-01 1.109044751501642168e-04
5.909613966941833496e-01 8.643571138381958008e-01 9.292532922700047493e-04
9.136385917663574219e-01 9.856566786766052246e-02 4.986342391930520535e-04
7.712447047233581543e-01 1.851039677858352661e-01 3.826016793027520180e-03
1.332460790872573853e-01 5.270608067512512207e-01 1.572431880049407482e-03
7.575194835662841797e-01 2.153589576482772827e-01 4.473488312214612961e-03
5.937956646084785461e-02 6.430153846740722656e-01 2.556367253419011831e-04
9.823960661888122559e-01 5.669013857841491699e-01 3.180341809638775885e-05
1.830606907606124878e-01 9.017660021781921387e-01 1.946199045050889254e-04
8.512135744094848633e-01 2.731069326400756836e-01 2.314608078449964523e-03
2.454829066991806030e-01 9.323049783706665039e-01 1.465723762521520257e-04
6.945920586585998535e-01 3.397311568260192871e-01 6.664955522865056992e-03
3.498021960258483887e-01 1.982450932264328003e-01 6.592068821191787720e-03
2.448734641075134277e-01 4.662207365036010742e-01 4.541903268545866013e-03
6.958201527595520020e-01 4.592742025852203369e-01 6.015630904585123062e-03
7.888686656951904297e-01 2.049506157636642456e-01 3.593786386772990227e-03
4.264289736747741699e-01 1.362317651510238647e-01 6.080518942326307297e-03
1.162409409880638123e-01 7.306122183799743652e-01 5.595369730144739151e-04
6.970937848091125488e-01 1.441987901926040649e-01 4.708755761384963989e-03
3.027615249156951904e-01 5.564956665039062500e-01 4.877772182226181030e-03
8.852212429046630859e-01 5.413569211959838867e-01 1.175601384602487087e-03
9.509060382843017578e-01 5.566985607147216797e-01 2.384239051025360823e-04
5.549168586730957031e-02 4.309124350547790527e-01 3.833669470623135567e-04
4.437671303749084473e-01 1.159329563379287720e-01 5.520785693079233170e-03
7.897623181343078613e-01 1.398601531982421875e-01 2.852634293958544731e-03
8.041318058967590332e-01 8.501366376876831055e-01 4.736549162771552801e-04
5.469258427619934082e-01 3.753393888473510742e-01 8.993067778646945953e-03
7.781141400337219238e-01 3.231417834758758545e-01 4.413004033267498016e-03
6.712096333503723145e-01 4.281452298164367676e-01 6.818943656980991364e-03
8.407086730003356934e-01 7.990720272064208984e-01 5.785515531897544861e-04
6.843324899673461914e-01 2.186594605445861816e-01 6.229355465620756149e-03
5.558057427406311035e-01 3.617722392082214355e-01 8.982113562524318695e-03
9.079265594482421875e-01 3.995953500270843506e-02 2.573769597802311182e-04
2.238148078322410583e-02 5.480811595916748047e-01 5.358981434255838394e-05
6.052173972129821777e-01 9.262097477912902832e-01 2.879029489122331142e-04
6.984655261039733887e-01 7.141985297203063965e-01 2.587687224149703979e-03
3.718910217285156250e-01 3.030263185501098633e-01 8.031829260289669037e-03
7.998141646385192871e-01 3.055181503295898438e-01 3.777493024244904518e-03
8.154073357582092285e-01 2.790590226650238037e-01 3.286045044660568237e-03
3.236138522624969482e-01 9.720647335052490234e-01 3.634497988969087601e-05
7.993568181991577148e-01 6.813692450523376465e-01 1.779459416866302490e-03
6.690306067466735840e-01 7.859082221984863281e-01 1.766198081895709038e-03
9.670423269271850586e-01 5.276864767074584961e-01 1.195751246996223927e-04
4.422336816787719727e-01 5.203700661659240723e-01 7.283381186425685883e-03
2.208951562643051147e-01 7.691905498504638672e-01 1.213683164678514004e-03
1.818211823701858521e-01 2.160210311412811279e-01 2.938260091468691826e-03
6.695057153701782227e-01 2.431135475635528564e-01 6.818787660449743271e-03
3.757554292678833008e-01 6.357715129852294922e-01 4.640544299036264420e-03
1.020542811602354050e-03 8.693997263908386230e-01 1.541285854500529240e-08
3.945955038070678711e-01 3.140865564346313477e-01 8.433028124272823334e-03
7.238765358924865723e-01 4.762129187583923340e-01 5.219710059463977814e-03
5.694988965988159180e-01 8.382285237312316895e-01 1.318562193773686886e-03
4.008715152740478516e-01 7.389819025993347168e-01 2.904192311689257622e-03
3.474374413490295410e-01 1.793357133865356445e-01 6.208624690771102905e-03
7.561925798654556274e-02 1.061236485838890076e-01 4.143178521189838648e-04
2.427195608615875244e-01 3.925277888774871826e-01 4.893800709396600723e-03
7.381737232208251953e-01 5.904517769813537598e-01 3.699458437040448189e-03
8.622134923934936523e-01 9.117259383201599121e-01 1.002705830615013838e-04
7.113937735557556152e-01 3.568591922521591187e-02 1.398831722326576710e-03
6.624534726142883301e-01 8.042730689048767090e-01 1.540574594400823116e-03
9.996304512023925781e-01 8.280410170555114746e-01 3.341366516806942855e-09
1.260912716388702393e-01 9.132092595100402832e-01 8.352553413715213537e-05
1.390642672777175903e-01 4.772447645664215088e-01 1.869436004199087620e-03
6.038347482681274414e-01 8.467382192611694336e-02 4.059662111103534698e-03
5.234081149101257324e-01 2.227000296115875244e-01 8.372820913791656494e-03
8.290408849716186523e-01 7.577193379402160645e-01 8.934747893363237381e-04
4.886913895606994629e-01 2.711076736450195312e-01 8.992991410195827484e-03
1.781283915042877197e-01 6.193973869085311890e-02 1.168167451396584511e-03
4.255204796791076660e-01 8.422779440879821777e-01 1.252074842341244221e-03
2.665508389472961426e-01 1.785011589527130127e-01 4.604210145771503448e-03
7.359756827354431152e-01 8.055333495140075684e-01 1.150240306742489338e-03
1.701213270425796509e-01 4.224502444267272949e-01 2.808672841638326645e-03
9.672760963439941406e-02 6.581250429153442383e-01 5.871936446055769920e-04
5.777588486671447754e-01 7.365873456001281738e-01 3.041668562218546867e-03
3.072976469993591309e-01 6.279811859130859375e-01 3.938113804906606674e-03
5.680082440376281738e-01 1.713723093271255493e-01 7.084671873599290848e-03
1.347001269459724426e-02 9.145217537879943848e-01 1.179945229523582384e-06
8.245644718408584595e-02 5.190747976303100586e-01 6.872070371173322201e-04
1.744925826787948608e-01 7.014216184616088867e-01 1.297453418374061584e-03
4.164221286773681641e-01 8.125488162040710449e-01 1.686130068264901638e-03
3.481916785240173340e-01 8.076229691505432129e-02 3.515126416459679604e-03
9.733496904373168945e-01 1.164702922105789185e-01 6.117863813415169716e-05
9.920384287834167480e-01 4.492523670196533203e-01 8.500612239004112780e-06
3.050417639315128326e-02 4.488711059093475342e-01 1.192445342894643545e-04
2.926445901393890381e-01 3.517039120197296143e-01 6.334032863378524780e-03
4.678154289722442627e-01 5.558384656906127930e-01 6.796794943511486053e-03
9.751645922660827637e-01 1.823639422655105591e-01 7.150846795411780477e-05
1.126028746366500854e-01 1.955402195453643799e-01 1.263513113372027874e-03
5.048416256904602051e-01 7.891690731048583984e-01 2.191983629018068314e-03
5.408017635345458984e-01 3.136647939682006836e-01 9.112025611102581024e-03
3.088177740573883057e-01 3.293558210134506226e-02 1.403349568136036396e-03
3.902938067913055420e-01 8.913429081439971924e-02 4.187723156064748764e-03
7.883641123771667480e-01 3.865512907505035400e-01 4.049449693411588669e-03
8.248347043991088867e-01 5.069005489349365234e-01 2.572893397882580757e-03
3.361195325851440430e-01 5.032839775085449219e-01 6.182964425534009933e-03
3.178820908069610596e-01 3.935748934745788574e-01 6.805073469877243042e-03
8.496904373168945312e-01 9.046551585197448730e-01 1.341442839475348592e-04
3.225069642066955566e-01 8.428691029548645020e-01 9.935075649991631508e-04
5.352833867073059082e-01 6.528204679489135742e-01 4.869068507105112076e-03
2.960904240608215332e-01 8.869434595108032227e-01 4.924586392007768154e-04
5.572479963302612305e-01 1.302832067012786865e-01 5.998770706355571747e-03
4.565810561180114746e-01 1.277501732110977173e-01 5.983408074826002121e-03
4.510361850261688232e-01 9.297677874565124512e-02 4.689444787800312042e-03
6.493654847145080566e-01 1.007597800344228745e-02 5.118923727422952652e-04
8.321584463119506836e-01 7.828533649444580078e-01 7.201079861260950565e-04
4.496434926986694336e-01 2.477469295263290405e-01 8.585410192608833313e-03
3.927968740463256836e-01 9.054149389266967773e-01 4.607833980116993189e-04
6.080936193466186523e-01 1.968890875577926636e-01 7.212373893707990646e-03
2.739169597625732422e-01 9.869173765182495117e-01 6.681606464553624392e-06
5.613390207290649414e-01 2.000874876976013184e-01 7.762710563838481903e-03
3.908406496047973633e-01 2.733094990253448486e-02 1.465703826397657394e-03
2.356133460998535156e-01 9.960395693778991699e-01 5.067425945526338182e-07
8.891044259071350098e-01 5.003479719161987305e-01 1.214343239553272724e-03
3.687260746955871582e-01 3.282492458820343018e-01 8.025341667234897614e-03
5.282523632049560547e-01 7.184221148490905762e-01 3.537359181791543961e-03
4.743261039257049561e-01 7.878395169973373413e-02 4.156689625233411789e-03
3.137879669666290283e-01 7.086666226387023926e-01 2.788763726130127907e-03
8.818279504776000977e-01 7.119056582450866699e-01 6.416366668418049812e-04
6.529058814048767090e-01 7.613972425460815430e-01 2.226167591288685799e-03
9.636704921722412109e-01 1.770084202289581299e-01 1.469470444135367870e-04
2.432802766561508179e-01 5.178760886192321777e-01 4.079689737409353256e-03
8.239819407463073730e-01 4.805340617895126343e-02 9.160078479908406734e-04
2.994249761104583740e-01 3.669876456260681152e-01 6.470846943557262421e-03
6.267575025558471680e-01 3.437189459800720215e-01 8.101482875645160675e-03
1.874879300594329834e-01 1.915845870971679688e-01 2.905600937083363533e-03
5.581597685813903809e-01 1.231233775615692139e-01 5.757912527769804001e-03
5.180158019065856934e-01 3.183104097843170166e-01 9.220953099429607391e-03
2.671571969985961914e-01 3.219965696334838867e-01 5.673753563314676285e-03
3.130195140838623047e-01 4.907713234424591064e-01 5.884866230189800262e-03
5.655683279037475586e-01 3.892634212970733643e-01 8.765256032347679138e-03
6.680023670196533203e-01 6.435265392065048218e-02 2.770874416455626488e-03
4.076730012893676758e-01 9.355356916785240173e-03 5.353564629331231117e-04
9.313198328018188477e-01 8.559487462043762207e-01 7.266783359227702022e-05
8.824994564056396484e-01 6.695868372917175293e-01 7.860139594413340092e-04
6.889569163322448730e-01 5.520755052566528320e-01 5.086667370051145554e-03
9.100943058729171753e-02 6.254373192787170410e-01 6.005156901665031910e-04
2.633622288703918457e-01 3.386370465159416199e-02 1.189669012092053890e-03
2.236167341470718384e-01 1.701363772153854370e-01 3.531600581482052803e-03
9.501150846481323242e-01 8.698427677154541016e-01 3.310307147330604494e-05
6.662484407424926758e-01 7.062935829162597656e-01 3.012528643012046814e-03
2.128369361162185669e-01 8.888639211654663086e-01 3.081547038163989782e-04
9.853700995445251465e-01 4.996804296970367432e-01 2.599374420242384076e-05
7.206519842147827148e-01 5.301733613014221191e-01 4.742807708680629730e-03
4.757328331470489502e-01 6.010619997978210449e-01 5.950612947344779968e-03
2.337370514869689941e-01 4.951937794685363770e-01 4.047952126711606979e-03
1.847745627164840698e-01 5.256024599075317383e-01 2.683996921405196190e-03
8.278836011886596680e-01 6.319586634635925293e-01 1.738060615025460720e-03
6.616353988647460938e-01 6.749042868614196777e-02 2.941413549706339836e-03
8.098564147949218750e-01 1.866250485181808472e-01 2.927729161456227303e-03
4.754264056682586670e-01 7.999454140663146973e-01 1.991300145164132118e-03
2.501570582389831543e-01 7.493665814399719238e-01 1.656297827139496803e-03
5.770117416977882385e-02 3.799070715904235840e-01 4.318545688875019550e-04
6.731358170509338379e-01 9.315759539604187012e-01 2.111425710609182715e-04
4.765201210975646973e-01 4.372598230838775635e-01 8.616243489086627960e-03
3.646986186504364014e-01 3.389659523963928223e-01 7.951178587973117828e-03
2.039233446121215820e-01 3.316702544689178467e-01 3.904196899384260178e-03
5.382768511772155762e-01 9.389367103576660156e-01 2.162576129194349051e-04
4.587345421314239502e-01 8.977944850921630859e-01 5.781881045550107956e-04
1.089715305715799332e-02 5.045346617698669434e-01 1.438886556570651010e-05
5.410684943199157715e-01 7.787900567054748535e-01 2.349794842302799225e-03
8.845102190971374512e-01 8.950438499450683594e-01 1.028852057061158121e-04
3.872336149215698242e-01 2.848847806453704834e-01 8.202708326280117035e-03
4.673480391502380371e-01 7.549051046371459961e-01 2.810145495459437370e-03
2.402158528566360474e-01 8.013433218002319336e-01 1.053437590599060059e-03
9.915223121643066406e-01 6.815522313117980957e-01 4.883547262579668313e-06
5.895531177520751953e-01 7.544372975826263428e-02 3.776153549551963806e-03
8.397470712661743164e-01 2.240382730960845947e-01 2.442934317514300346e-03
3.609392046928405762e-01 2.298098802566528320e-01 7.252989336848258972e-03
3.986139595508575439e-01 7.447029948234558105e-01 2.789242658764123917e-03
3.220852017402648926e-01 6.288005709648132324e-01 4.130658227950334549e-03
3.081291615962982178e-01 7.205778360366821289e-01 2.556926338002085686e-03
8.271131515502929688e-01 5.824857950210571289e-01 2.076259348541498184e-03
8.380912542343139648e-01 1.570027470588684082e-01 2.054389566183090210e-03
6.184509992599487305e-01 5.476351827383041382e-03 3.016009868588298559e-04
1.489941626787185669e-01 3.872938156127929688e-01 2.337484387680888176e-03
2.101827561855316162e-01 1.634225100278854370e-01 3.151893615722656250e-03
8.317446708679199219e-01 6.125539541244506836e-01 1.800878904759883881e-03
4.888769239187240601e-02 8.726864457130432129e-01 3.058230868191458285e-05
3.633438944816589355e-01 7.045738101005554199e-01 3.290561493486166000e-03
4.857149124145507812e-01 8.751632571220397949e-01 8.510295883752405643e-04
7.385168671607971191e-01 9.108947515487670898e-01 2.697012969292700291e-04
7.867693305015563965e-01 8.617672324180603027e-02 2.025389345362782478e-03
6.436661481857299805e-01 7.313685417175292969e-01 2.776422072201967239e-03
8.600596785545349121e-01 9.752494692802429199e-01 8.654214980197139084e-06
4.535113871097564697e-01 6.622624993324279785e-01 4.640100523829460144e-03
5.828289315104484558e-02 2.971969246864318848e-01 4.422162601258605719e-04
9.756800532341003418e-01 8.098291754722595215e-01 1.649002479098271579e-05
1.691355705261230469e-01 2.353735417127609253e-01 2.717606024816632271e-03
4.048054814338684082e-01 8.879653811454772949e-01 6.470101652666926384e-04
5.718245506286621094e-01 6.183965206146240234e-01 5.398346576839685440e-03
1.177126765251159668e-01 3.626964688301086426e-01 1.588921761140227318e-03
7.096213102340698242e-01 8.631092309951782227e-01 6.867471965961158276e-04
7.046441435813903809e-01 7.349225878715515137e-01 2.236752072349190712e-03
7.917765974998474121e-01 9.017007052898406982e-02 2.028837334364652634e-03
9.596034884452819824e-01 8.714334666728973389e-02 1.091216036002151668e-04
9.702595472335815430e-01 4.617014229297637939e-01 1.113983380491845310e-04
9.532530903816223145e-01 1.680270582437515259e-01 2.309510164195671678e-04
6.755332946777343750e-01 4.682930707931518555e-01 6.360571831464767456e-03
9.548758268356323242e-01 1.337021142244338989e-01 1.862881181295961142e-04
4.651887416839599609e-01 4.798041284084320068e-01 8.036320097744464874e-03
5.857381224632263184e-01 7.939161658287048340e-01 1.985269365832209587e-03
6.612042337656021118e-02 8.738598227500915527e-01 5.301535202306695282e-05
1.599757075309753418e-01 3.345726728439331055e-01 2.675367519259452820e-03
3.290261626243591309e-01 8.563216328620910645e-01 8.615722763352096081e-04
7.526842355728149414e-01 3.745405748486518860e-02 1.202461076900362968e-03
3.565383702516555786e-02 3.841370642185211182e-01 1.722395245451480150e-04
3.760737776756286621e-01 6.656507253646850586e-01 4.096941091120243073e-03
5.203171968460083008e-01 5.570777058601379395e-01 6.807937286794185638e-03
6.602786779403686523e-01 4.497785866260528564e-01 6.851315498352050781e-03
4.175395667552947998e-01 7.429096698760986328e-01 2.904260531067848206e-03
3.462654054164886475e-01 4.672940969467163086e-01 6.794951856136322021e-03
2.642186284065246582e-01 7.664220035076141357e-02 2.469633240252733231e-03
1.614612787961959839e-01 6.146006658673286438e-02 9.923881152644753456e-04
2.898215055465698242e-01 9.471250176429748535e-01 1.121770692407153547e-04
8.843739628791809082e-01 6.362800002098083496e-01 8.801685180515050888e-04
9.909084439277648926e-01 3.756530284881591797e-01 1.188454098155489191e-05
5.669617652893066406e-01 2.715623676776885986e-01 8.685891516506671906e-03
6.072514653205871582e-01 9.086490273475646973e-01 4.313092795200645924e-04
5.371924042701721191e-01 3.456187248229980469e-01 9.147863835096359253e-03
9.269432425498962402e-01 5.677950382232666016e-01 4.864051588810980320e-04
8.025658130645751953e-01 8.036853075027465820e-01 7.776740822009742260e-04
5.881751775741577148e-01 1.554029583930969238e-01 6.504243705421686172e-03
4.356933236122131348e-01 2.435166686773300171e-01 8.424024097621440887e-03
7.749623656272888184e-01 5.749292969703674316e-01 3.159426851198077202e-03
8.961479067802429199e-01 1.114458814263343811e-01 7.621169788762927055e-04
8.080813288688659668e-01 1.265381127595901489e-01 2.321955282241106033e-03
2.186790108680725098e-01 7.716534733772277832e-01 1.174584613181650639e-03
1.403235942125320435e-01 6.558064818382263184e-01 1.130609191022813320e-03
5.431010723114013672e-01 5.730144977569580078e-01 6.432702299207448959e-03
4.210846126079559326e-02 2.943956255912780762e-01 2.384653344051912427e-04
2.748073078691959381e-03 3.261628150939941406e-01 1.112271320380386896e-06
5.305898785591125488e-01 4.157665669918060303e-01 8.803293108940124512e-03
1.587665528059005737e-01 2.249814867973327637e-01 2.410582732409238815e-03
5.012863278388977051e-01 8.447558879852294922e-01 1.272435532882809639e-03
1.674395799636840820e-02 3.845087885856628418e-01 3.948203084291890264e-05
2.219666838645935059e-01 8.578721880912780762e-01 5.168359493836760521e-04
9.171637892723083496e-01 5.253589749336242676e-01 6.831576465629041195e-04
4.763180315494537354e-01 5.994055271148681641e-01 5.984942428767681122e-03
5.549190044403076172e-01 2.582308463752269745e-02 1.494930824264883995e-03
3.244076669216156006e-01 4.513062536716461182e-01 6.526540499180555344e-03
7.121835350990295410e-01 5.070612430572509766e-01 5.176801234483718872e-03
3.621070384979248047e-01 3.809004724025726318e-01 7.789363153278827667e-03
9.331980347633361816e-01 6.469501852989196777e-01 3.133782884106040001e-04
4.771614968776702881e-01 5.757323503494262695e-01 6.450098473578691483e-03
8.685237169265747070e-01 7.338849306106567383e-01 6.776807131245732307e-04
3.766540884971618652e-01 4.849821031093597412e-01 7.091104984283447266e-03
6.208885908126831055e-01 4.464561045169830322e-01 7.579559925943613052e-03
8.754029273986816406e-01 2.333285659551620483e-01 1.631616614758968353e-03
5.605746507644653320e-01 4.791722893714904785e-01 7.887094281613826752e-03
1.007342934608459473e-01 2.545867860317230225e-01 1.160808955319225788e-03
5.379529669880867004e-02 6.808889508247375488e-01 1.796465221559628844e-04
4.415898919105529785e-01 3.999688029289245605e-01 8.756258524954319000e-03
2.376426011323928833e-01 2.306451201438903809e-01 4.480882082134485245e-03
2.422161251306533813e-01 8.048827648162841797e-01 1.032335218042135239e-03
7.701289057731628418e-01 8.974934816360473633e-01 2.955492527689784765e-04
2.765204608440399170e-01 2.638663537800312042e-02 1.001069205813109875e-03
9.112158417701721191e-01 6.328557133674621582e-01 5.583309684880077839e-04
8.305618762969970703e-01 4.722331166267395020e-01 2.604995155707001686e-03
9.457677602767944336e-01 2.566090226173400879e-01 3.730701864697039127e-04
1.635276526212692261e-01 5.399677753448486328e-01 2.138109412044286728e-03
1.785504072904586792e-01 8.340649008750915527e-01 4.940374637953937054e-04
3.030686080455780029e-01 1.258675456047058105e-01 4.290719982236623764e-03
1.279119402170181274e-01 2.280269563198089600e-02 2.709527616389095783e-04
2.438208609819412231e-01 3.993270695209503174e-01 4.897743463516235352e-03
6.374786794185638428e-02 7.883069515228271484e-01 1.258419652003794909e-04
7.699704170227050781e-01 4.449261724948883057e-01 4.300361964851617813e-03
4.718934893608093262e-01 1.809021234512329102e-01 7.537828292697668076e-03
5.677443742752075195e-02 6.626663208007812500e-01 2.162475284421816468e-04
4.266596138477325439e-01 3.320305347442626953e-01 8.865013718605041504e-03
3.438834547996520996e-01 2.053415775299072266e-01 6.601192988455295563e-03
2.794329077005386353e-02 5.408467054367065430e-01 8.412553870584815741e-05
8.608121275901794434e-01 1.378782838582992554e-01 1.471135183237493038e-03
9.003261923789978027e-01 4.428151845932006836e-01 1.107089803554117680e-03
3.939144909381866455e-01 2.300061881542205811e-01 7.772947195917367935e-03
4.666828513145446777e-01 6.188850402832031250e-01 5.568481516093015671e-03
6.060491800308227539e-01 9.508152604103088379e-01 1.311162923229858279e-04
8.902649879455566406e-01 3.413067460060119629e-01 1.413319376297295094e-03
1.065239384770393372e-01 5.431486964225769043e-01 1.026901416480541229e-03
2.074800059199333191e-02 6.533403396606445312e-01 3.241062950110062957e-05
2.885023355484008789e-01 7.361439466476440430e-01 2.159446710720658302e-03
6.806833148002624512e-01 6.107163499109447002e-04 2.881657383113633841e-05
5.316997170448303223e-01 8.612703680992126465e-01 1.027684309519827366e-03
1.924208700656890869e-01 9.415759444236755371e-01 7.760922017041593790e-05
4.317646622657775879e-01 6.798848509788513184e-02 3.554909722879528999e-03
6.506457328796386719e-01 7.247141748666763306e-02 3.221384948119521141e-03
2.052091658115386963e-01 6.941087543964385986e-02 1.598978880792856216e-03
9.739781618118286133e-01 1.877427101135253906e-01 7.956548506626859307e-05
3.678672015666961670e-01 9.967327117919921875e-01 5.753768164140637964e-07
1.861045062541961670e-01 3.092398345470428467e-01 3.385330084711313248e-03
4.056529998779296875e-01 9.835206866264343262e-01 1.552570392959751189e-05
6.275472696870565414e-03 4.832707345485687256e-01 5.018125193601008505e-06
9.012387394905090332e-01 1.998615711927413940e-01 1.013707136735320091e-03
7.414438128471374512e-01 8.272401094436645508e-01 9.073686669580638409e-04
1.086870729923248291e-01 2.873720526695251465e-01 1.369577017612755299e-03
6.393746733665466309e-01 1.188177056610584259e-02 6.167687242850661278e-04
1.241839826107025146e-01 7.160256505012512207e-01 6.830362253822386265e-04
7.890585064888000488e-01 2.690557576715946198e-02 7.058211485855281353e-04
8.350498229265213013e-02 2.908433675765991211e-01 8.566994220018386841e-04
7.864894866943359375e-01 2.858363687992095947e-01 4.110904410481452942e-03
2.553367912769317627e-01 9.639372229576110840e-01 4.532248931354843080e-05
2.066932320594787598e-01 5.385268479585647583e-02 1.296163303777575493e-03
3.638144955039024353e-02 8.167852163314819336e-01 3.369761543581262231e-05
7.720713019371032715e-01 1.216703578829765320e-01 2.906783483922481537e-03
3.037907481193542480e-01 7.725389003753662109e-01 1.787982764653861523e-03
5.929296612739562988e-01 8.768548071384429932e-02 4.251695238053798676e-03
1.274662166833877563e-01 8.489613533020019531e-01 2.395624615019187331e-04
7.562674283981323242e-01 2.444179207086563110e-01 4.741047043353319168e-03
2.311375439167022705e-01 2.266811281442642212e-01 4.281253088265657425e-03
1.895567774772644043e-01 9.139476418495178223e-01 1.597241935087367892e-04
3.261038661003112793e-01 1.370633095502853394e-01 4.929205402731895447e-03
1.775171011686325073e-01 9.272531270980834961e-01 1.046070829033851624e-04
8.546682000160217285e-01 6.648039817810058594e-01 1.152411918155848980e-03
6.972373276948928833e-02 2.741397619247436523e-01 6.076636491343379021e-04
6.235986351966857910e-01 7.217197418212890625e-01 3.079257905483245850e-03
2.652680575847625732e-01 9.717508554458618164e-01 2.945732376247178763e-05
2.686681151390075684e-01 5.212271809577941895e-01 4.612615797668695450e-03
1.979964226484298706e-01 4.584106206893920898e-01 3.390487749129533768e-03
7.731595635414123535e-01 6.435409784317016602e-01 2.515212167054414749e-03
9.485237002372741699e-01 1.106741428375244141e-01 2.086791064357385039e-04
5.710036158561706543e-01 3.653352558612823486e-01 8.830093778669834137e-03
7.963879704475402832e-01 4.195899888873100281e-02 1.012627035379409790e-03
6.522752642631530762e-01 8.862845301628112793e-01 5.895834183320403099e-04
5.324133634567260742e-01 3.048301041126251221e-01 9.129812009632587433e-03
3.199480772018432617e-01 3.498919010162353516e-01 7.000808604061603546e-03
5.751423239707946777e-01 6.731666922569274902e-01 4.293513018637895584e-03
1.763500273227691650e-01 4.098518788814544678e-01 3.011517692357301712e-03
1.492306441068649292e-01 6.350589990615844727e-01 1.363324001431465149e-03
5.767093300819396973e-01 5.308966636657714844e-01 6.962069775909185410e-03
1.373213976621627808e-01 1.020539477467536926e-01 1.154794706963002682e-03
6.547878980636596680e-01 8.534936904907226562e-01 9.360224357806146145e-04
9.448611140251159668e-01 7.528292536735534668e-01 1.248367916559800506e-04
6.304479241371154785e-01 4.432814121246337891e-01 7.457627914845943451e-03
6.726188659667968750e-01 8.115805983543395996e-01 1.397102605551481247e-03
8.615380525588989258e-01 6.472559571266174316e-01 1.146054477430880070e-03
8.426764607429504395e-01 6.075229644775390625e-01 1.644751755520701408e-03
6.175454258918762207e-01 5.436514616012573242e-01 6.315553560853004456e-03
3.183769583702087402e-01 5.124004483222961426e-01 5.737304687500000000e-03
9.726123809814453125e-01 5.907154679298400879e-01 7.021294004516676068e-05
5.426554083824157715e-01 4.534611403942108154e-01 8.342908695340156555e-03
3.740816414356231689e-01 5.870944261550903320e-01 5.487539339810609818e-03
1.970175057649612427e-01 4.135545790195465088e-01 3.559671342372894287e-03
7.716079354286193848e-01 4.237709641456604004e-01 4.369953647255897522e-03
8.339822888374328613e-01 9.284591674804687500e-01 9.109473467105999589e-05
1.212971359491348267e-01 1.972586214542388916e-01 1.444017747417092323e-03
2.596736848354339600e-01 5.245423316955566406e-01 4.382343962788581848e-03
1.545670926570892334e-01 7.377462983131408691e-01 8.664482738822698593e-04
9.978077374398708344e-03 2.528363168239593506e-01 1.377381704514846206e-05
5.225489139556884766e-01 4.665911793708801270e-01 8.263587020337581635e-03
3.201743960380554199e-01 2.058057487010955811e-01 6.150057539343833923e-03
9.133871793746948242e-01 4.423482120037078857e-01 8.609236101619899273e-04
8.631809353828430176e-01 1.423012018203735352e-01 1.460074679926037788e-03
9.912183880805969238e-01 6.836799979209899902e-01 5.183145731280092150e-06
4.394633173942565918e-01 7.084638476371765137e-01 3.653893480077385902e-03
4.377123713493347168e-01 1.593034863471984863e-01 6.820221897214651108e-03
4.892147481441497803e-01 2.013269513845443726e-01 8.018915541470050812e-03
3.657345473766326904e-01 7.332585453987121582e-01 2.807451412081718445e-03
3.897591233253479004e-01 8.569123744964599609e-01 9.925119811668992043e-04
6.871839761734008789e-01 7.781637310981750488e-01 1.769538852386176586e-03
1.529240757226943970e-01 9.765660166740417480e-01 8.998916200653184205e-06
3.170426785945892334e-01 7.627900838851928711e-01 2.012302400544285774e-03
4.398089051246643066e-01 5.910663008689880371e-01 5.999878514558076859e-03
9.460257291793823242e-01 8.259578347206115723e-01 6.522984040202572942e-05
2.499480843544006348e-01 2.531564235687255859e-01 4.962843377143144608e-03
9.557541608810424805e-01 5.026224255561828613e-01 2.223573974333703518e-04
4.700768291950225830e-01 3.851922750473022461e-01 9.034826420247554779e-03
2.196494936943054199e-01 9.984630942344665527e-01 6.928932805294607533e-08
9.871729612350463867e-01 2.482672482728958130e-01 2.249498356832191348e-05
6.349775195121765137e-01 2.145740687847137451e-01 7.111211307346820831e-03
8.584290146827697754e-01 1.103838533163070679e-01 1.290232990868389606e-03
2.015613913536071777e-01 1.864142566919326782e-01 3.195829223841428757e-03
4.809885025024414062e-01 9.648599624633789062e-01 7.424925570376217365e-05
5.832415223121643066e-01 5.445090532302856445e-01 6.674678064882755280e-03
5.913088917732238770e-01 6.802867650985717773e-01 4.060995299369096756e-03
1.716907471418380737e-01 1.479865908622741699e-01 2.172671258449554443e-03
2.526578903198242188e-01 1.924294419586658478e-02 6.599318003281950951e-04
6.539881825447082520e-01 4.032856822013854980e-01 7.353047840297222137e-03
3.964678347110748291e-01 6.883674860000610352e-01 3.827566048130393028e-03
8.563969135284423828e-01 2.250947952270507812e-01 2.044279826804995537e-03
9.417949914932250977e-01 1.896415948867797852e-01 3.742151311598718166e-04
5.993694663047790527e-01 9.446128606796264648e-01 1.670894416747614741e-04
1.267336029559373856e-02 5.228178501129150391e-01 1.863906254584435374e-05
8.529709577560424805e-01 6.037838459014892578e-01 1.490804133936762810e-03
6.075165867805480957e-01 3.685466349124908447e-01 8.354758843779563904e-03
1.206855103373527527e-01 4.518144726753234863e-01 1.529022934846580029e-03
4.293544590473175049e-01 1.602516323328018188e-01 6.783684715628623962e-03
4.126186668872833252e-01 6.119126677513122559e-01 5.413603503257036209e-03
4.272077679634094238e-01 4.414217770099639893e-01 8.246967568993568420e-03
7.939130812883377075e-02 1.498117744922637939e-01 5.784584791399538517e-04
4.281507134437561035e-01 2.832647562026977539e-01 8.723014965653419495e-03
6.210451722145080566e-01 9.202728271484375000e-01 3.240041551180183887e-04
9.647586345672607422e-01 8.180490136146545410e-01 3.130624463665299118e-05
9.454202055931091309e-01 9.078161120414733887e-01 2.054099786619190127e-05
8.722754716873168945e-01 4.368945658206939697e-01 1.719539053738117218e-03
6.638575792312622070e-01 2.801728248596191406e-01 7.229012437164783478e-03
3.822363540530204773e-02 3.733221590518951416e-01 1.981457025976851583e-04
6.534136533737182617e-01 9.713426828384399414e-01 4.091126174898818135e-05
9.808084368705749512e-01 2.893362343311309814e-01 5.177502316655591130e-05
4.616115614771842957e-02 9.786043167114257812e-01 8.684859267305000685e-07
2.174150645732879639e-01 8.209343552589416504e-01 7.620354881510138512e-04
5.358405113220214844e-01 9.182710945606231689e-02 4.685042425990104675e-03
1.180729866027832031e-01 6.161957383155822754e-01 9.842483559623360634e-04
6.902438402175903320e-01 6.893029808998107910e-01 3.041790332645177841e-03
8.602502942085266113e-02 2.690274715423583984e-01 8.886218420229852200e-04
1.060951873660087585e-01 9.905666112899780273e-01 7.928537684165348765e-07
3.009425699710845947e-01 7.391754984855651855e-01 2.225549891591072083e-03
7.240409255027770996e-01 2.765009105205535889e-01 5.778141319751739502e-03
2.346207052469253540e-01 2.558495402336120605e-01 4.568696487694978714e-03
8.361554741859436035e-01 2.809662222862243652e-01 2.726406557485461235e-03
1.387443691492080688e-01 8.668177127838134766e-01 2.195409761043265462e-04
9.579590559005737305e-01 4.005995392799377441e-01 2.334443852305412292e-04
8.812662363052368164e-01 6.779252886772155762e-01 7.699415436945855618e-04
1.235343366861343384e-01 8.372634649276733398e-02 8.240579627454280853e-04
7.457376122474670410e-01 2.415876984596252441e-01 4.995993804186582565e-03
2.394777238368988037e-01 2.382968366146087646e-01 4.586103837937116623e-03
5.421943664550781250e-01 1.729706823825836182e-01 7.289313245564699173e-03
2.743410766124725342e-01 1.131913959980010986e-01 3.527929540723562241e-03
4.457440674304962158e-01 9.577056765556335449e-01 1.045654280460439622e-04
3.691449463367462158e-01 8.992316126823425293e-01 4.951915470883250237e-04
2.722186781466007233e-02 6.612002253532409668e-01 5.322095603332854807e-05
9.723345935344696045e-02 6.239444017410278320e-01 6.798802060075104237e-04
7.405935525894165039e-01 4.438186585903167725e-01 5.067103076726198196e-03
1.569077819585800171e-01 1.210867986083030701e-01 1.636921893805265427e-03
7.158861160278320312e-01 7.745601534843444824e-01 1.628505880944430828e-03
9.538984298706054688e-01 5.196304917335510254e-01 2.318895567441359162e-04
9.085884094238281250e-01 2.019774615764617920e-01 8.872992475517094135e-04
1.474524736404418945e-01 9.594012796878814697e-02 1.239184639416635036e-03
6.277741193771362305e-01 1.410226672887802124e-01 5.681620445102453232e-03
7.753918170928955078e-01 6.489239335060119629e-01 2.425994258373975754e-03
8.647783994674682617e-01 2.628898024559020996e-01 1.953171566128730774e-03
2.891631722450256348e-01 2.392597645521163940e-01 5.850167013704776764e-03
1.201894953846931458e-01 9.676752090454101562e-01 1.130608779931208119e-05
5.642911195755004883e-01 9.218706488609313965e-01 3.401712747290730476e-04
5.502840876579284668e-01 4.247032701969146729e-01 8.608348667621612549e-03
9.320027828216552734e-01 3.706467449665069580e-01 5.896114744246006012e-04
1.844470053911209106e-01 1.457438468933105469e-01 2.406656276434659958e-03
8.453730940818786621e-01 6.664046049118041992e-01 1.267199753783643246e-03
4.122214391827583313e-02 4.106077849864959717e-01 2.228091616416350007e-04
7.680650353431701660e-01 2.770272791385650635e-01 4.595098551362752914e-03
3.823136687278747559e-01 8.301787972450256348e-01 1.335153123363852501e-03
6.513982415199279785e-01 7.507884502410888672e-01 2.404397120699286461e-03
7.199349999427795410e-02 1.814177334308624268e-01 5.426165298558771610e-04
1.130621880292892456e-01 2.508557438850402832e-01 1.415715669281780720e-03
2.463304437696933746e-02 3.454294502735137939e-01 8.543672447558492422e-05
7.905393242835998535e-01 4.168171286582946777e-01 3.886932972818613052e-03
4.990865290164947510e-02 4.104702547192573547e-02 8.487089507980272174e-05
7.371923923492431641e-01 2.899361252784729004e-01 5.486996844410896301e-03
8.855662494897842407e-02 9.883317947387695312e-01 8.766220958023041021e-07
4.413076490163803101e-02 8.570345640182495117e-01 3.117025335086509585e-05
3.161076009273529053e-01 3.589822649955749512e-01 6.893795914947986603e-03
8.790671229362487793e-01 7.226747870445251465e-01 6.281371461227536201e-04
7.629086375236511230e-01 9.513107538223266602e-01 7.378448208328336477e-05
3.526805937290191650e-01 3.393446803092956543e-01 7.719538640230894089e-03
7.659510970115661621e-01 2.469029724597930908e-01 4.500321112573146820e-03
9.438312649726867676e-01 6.985399127006530762e-01 1.784139749361202121e-04
9.977840185165405273e-01 8.153928816318511963e-02 3.362740983448020415e-07
3.353407084941864014e-01 1.449115127325057983e-01 5.263755097985267639e-03
5.996326804161071777e-01 2.371736317873001099e-01 7.954368367791175842e-03
8.012959957122802734e-01 2.102231830358505249e-01 3.324210876598954201e-03
4.289738237857818604e-01 2.472975701093673706e-01 8.406982757151126862e-03
3.268083557486534119e-02 6.954478025436401367e-01 6.446350016631186008e-05
5.113960504531860352e-01 7.167593240737915039e-01 3.590155858546495438e-03
5.773658156394958496e-01 3.723927736282348633e-01 8.733905851840972900e-03
4.230260550975799561e-01 6.221019625663757324e-01 5.292457994073629379e-03
3.232981562614440918e-01 3.005362488329410553e-02 1.353298197500407696e-03
3.591351509094238281e-01 5.320339202880859375e-01 6.171870511025190353e-03
7.478259801864624023e-01 8.684961795806884766e-01 5.341292708180844784e-04
8.143080472946166992e-01 7.353808879852294922e-01 1.177384750917553902e-03
9.284113645553588867e-01 6.532721221446990967e-02 2.521055284887552261e-04
4.970913827419281006e-01 5.504428148269653320e-01 6.952366791665554047e-03
6.446871757507324219e-01 9.242179989814758301e-01 2.785007527563720942e-04
3.270307481288909912e-01 1.611106395721435547e-01 5.491628777235746384e-03
1.500758081674575806e-01 1.988596618175506592e-01 2.076565288007259369e-03
9.997234493494033813e-02 2.638662159442901611e-01 1.157627324573695660e-03
2.114873677492141724e-01 1.353213191032409668e-01 2.813597209751605988e-03
7.601742148399353027e-01 1.244719550013542175e-01 3.171243937686085701e-03
5.292214751243591309e-01 4.788570404052734375e-01 8.072867989540100098e-03
6.385900378227233887e-01 2.412807345390319824e-01 7.398256566375494003e-03
9.925820827484130859e-01 6.415679454803466797e-01 4.468411589186871424e-06
2.164158523082733154e-01 3.656204342842102051e-01 4.231343045830726624e-03
8.590248823165893555e-01 6.634300947189331055e-01 1.102153677493333817e-03
3.323206603527069092e-01 9.939555525779724121e-01 1.787848418643989135e-06
6.686367392539978027e-01 4.897595942020416260e-01 6.259244401007890701e-03
7.816029787063598633e-01 6.842019557952880859e-01 1.988240750506520271e-03
4.433059990406036377e-01 2.061884105205535889e-01 7.912968285381793976e-03
9.682849049568176270e-01 5.708814859390258789e-01 9.913769463310018182e-05
9.288370013236999512e-01 3.775276839733123779e-01 6.391110946424305439e-04
7.066872715950012207e-01 8.968422412872314453e-01 4.100494261365383863e-04
7.129355072975158691e-01 6.599114835262298584e-02 2.411276800557971001e-03
3.600302040576934814e-01 7.896820306777954102e-01 1.854393398389220238e-03
9.167416095733642578e-01 1.125106066465377808e-01 5.162614979781210423e-04
1.455229818820953369e-01 1.311527490615844727e-01 1.530834357254207134e-03
9.035651087760925293e-01 6.573820114135742188e-01 5.859025986865162849e-04
2.774021923542022705e-01 1.660524755716323853e-01 4.640191327780485153e-03
3.158084750175476074e-01 1.471129208803176880e-01 4.996165633201599121e-03
2.745330631732940674e-01 9.310863614082336426e-01 1.753981341607868671e-04
8.681471943855285645e-01 2.819561660289764404e-01 1.904798205941915512e-03
8.348128795623779297e-01 9.042085409164428711e-01 1.577803195687010884e-04
1.284569650888442993e-01 8.003836870193481445e-01 3.997452440671622753e-04
6.085934042930603027e-01 3.660847246646881104e-01 8.347470313310623169e-03
7.430503964424133301e-01 7.452683448791503906e-01 1.762832165695726871e-03
3.911267518997192383e-01 7.511617541313171387e-01 2.637889236211776733e-03
4.367914199829101562e-01 1.491883695125579834e-01 6.535645574331283569e-03
8.714292049407958984e-01 6.019229292869567871e-01 1.197358244098722935e-03
4.980541765689849854e-01 9.363087415695190430e-01 2.373808238189667463e-04
3.544429838657379150e-01 1.356367915868759155e-01 5.305570084601640701e-03
3.715449199080467224e-02 5.163187384605407715e-01 1.545867562526836991e-04
4.041436910629272461e-01 9.398339688777923584e-02 4.473816137760877609e-03
7.103138566017150879e-01 9.661483168601989746e-01 4.687705586547963321e-05
1.944182515144348145e-01 8.835414052009582520e-01 2.939431287813931704e-04
7.216531038284301758e-01 9.080081582069396973e-01 3.100402536801993847e-04
9.640447497367858887e-01 3.350447118282318115e-01 1.779945159796625376e-04
1.010028049349784851e-01 3.956668078899383545e-01 1.191423041746020317e-03
7.643857598304748535e-01 2.727678716182708740e-01 4.679156467318534851e-03
3.782362341880798340e-01 9.945555925369262695e-01 1.630449673939438071e-06
6.429672241210937500e-01 6.498979330062866211e-01 4.197863861918449402e-03
9.198696613311767578e-01 5.843081474304199219e-01 5.485693109221756458e-04
2.709042131900787354e-01 5.330063700675964355e-01 4.534767474979162216e-03
4.979903399944305420e-01 7.631632685661315918e-01 2.675355877727270126e-03
7.615447044372558594e-01 9.379029870033264160e-01 1.192625495605170727e-04
6.835369467735290527e-01 2.514282464981079102e-01 6.592512130737304688e-03
5.043767094612121582e-01 8.138962984085083008e-01 1.761540188454091549e-03
7.648125886917114258e-01 2.500407099723815918e-01 4.550135228782892227e-03
5.748309493064880371e-01 6.061879396438598633e-01 5.615505855530500412e-03
6.117099523544311523e-01 8.054972290992736816e-01 1.719171646982431412e-03
2.057978510856628418e-01 3.133466839790344238e-01 3.946788609027862549e-03
9.189394116401672363e-01 3.314957618713378906e-01 8.220146410167217255e-04
2.091920822858810425e-01 5.036071538925170898e-01 3.396060317754745483e-03
2.805539965629577637e-01 2.406824082136154175e-01 5.653541535139083862e-03
6.419829130172729492e-01 8.873669505119323730e-01 5.946882884018123150e-04
9.227673411369323730e-01 7.237671613693237305e-01 2.805019612424075603e-04
3.915835022926330566e-01 9.495614171028137207e-01 1.371195976389572024e-04
3.572134971618652344e-01 1.758982837200164795e-01 6.298142019659280777e-03
8.905873298645019531e-01 6.031346917152404785e-01 9.019632707349956036e-04
8.342898488044738770e-01 4.142187237739562988e-01 2.716644667088985443e-03
8.747649192810058594e-01 4.916378259658813477e-01 1.524847699329257011e-03
6.820653080940246582e-01 2.141561806201934814e-01 6.219148170202970505e-03
8.351420760154724121e-01 5.851020812988281250e-01 1.909213606268167496e-03
1.774936020374298096e-01 7.315073609352111816e-01 1.123899477533996105e-03
2.305992245674133301e-01 2.387196198105812073e-02 7.160158129408955574e-04
7.009866237640380859e-01 3.210977017879486084e-01 6.502081640064716339e-03
8.663782477378845215e-01 5.796957015991210938e-01 1.372451893985271454e-03
8.211133480072021484e-01 4.251090288162231445e-01 3.031331114470958710e-03
6.582514643669128418e-01 1.598856151103973389e-01 5.710618570446968079e-03
8.924562931060791016e-01 9.468506574630737305e-01 2.463889359205495566e-05
7.985997796058654785e-01 5.808347463607788086e-01 2.639984479174017906e-03
1.015087068080902100e-01 2.698048055171966553e-01 1.196635537780821323e-03
1.757685542106628418e-01 7.791223376989364624e-02 1.390371704474091530e-03
1.369734406471252441e-01 8.122989535331726074e-01 3.999174514319747686e-04
5.446482300758361816e-01 4.288000464439392090e-01 8.605129085481166840e-03
8.057610988616943359e-01 5.956405401229858398e-01 2.385637490078806877e-03
9.855464100837707520e-01 3.778204321861267090e-02 7.098031801433535293e-06
4.386926293373107910e-01 3.676713407039642334e-01 8.913896977901458740e-03
8.093975782394409180e-01 2.844233512878417969e-01 3.466236405074596405e-03
8.422102928161621094e-01 5.989540219306945801e-01 1.701297354884445667e-03
5.543088912963867188e-01 3.774626553058624268e-01 8.928458206355571747e-03
2.797673046588897705e-01 8.290357589721679688e-01 9.838376427069306374e-04
4.821080863475799561e-01 2.234955281019210815e-01 8.400860242545604706e-03
2.546215951442718506e-01 2.458735108375549316e-01 5.036678165197372437e-03
3.430386781692504883e-01 5.856116414070129395e-01 5.107291042804718018e-03
3.613700568675994873e-01 7.074836492538452148e-01 3.224182408303022385e-03
9.385029673576354980e-01 7.110893726348876953e-02 2.043776476057246327e-04
7.796491980552673340e-01 8.354567289352416992e-01 6.675932672806084156e-04
1.074788123369216919e-01 7.028583288192749023e-01 5.710546975024044514e-04
3.317878246307373047e-01 3.976283371448516846e-01 7.091793697327375412e-03
7.587634921073913574e-01 9.793963283300399780e-02 2.670106943696737289e-03
6.784350275993347168e-01 3.203567564487457275e-01 7.042874116450548172e-03
6.746847629547119141e-01 2.040534168481826782e-01 6.227623671293258667e-03
7.474522590637207031e-01 9.430149793624877930e-01 1.091173689928837121e-04
3.838799893856048584e-01 5.632855892181396484e-01 6.009595002979040146e-03
5.809187889099121094e-01 7.230287194252014160e-01 3.287397790700197220e-03
5.020477771759033203e-01 7.076020836830139160e-01 3.780968952924013138e-03
4.462749958038330078e-01 9.427435398101806641e-01 1.887278194772079587e-04
9.760778546333312988e-01 2.955952584743499756e-01 7.996705971891060472e-05
8.533515930175781250e-01 8.589010238647460938e-01 2.677944430615752935e-04
5.279702544212341309e-01 7.610074430704116821e-02 4.034556448459625244e-03
3.485417068004608154e-01 7.737188935279846191e-01 2.042501932010054588e-03
6.817281842231750488e-01 2.702356874942779541e-01 6.775273475795984268e-03
3.644544184207916260e-01 9.878336787223815918e-01 7.844807441870216280e-06
1.003556102514266968e-01 6.723280549049377441e-01 5.884164711460471153e-04
7.775433063507080078e-01 3.123931586742401123e-01 4.418979398906230927e-03
7.518166303634643555e-01 1.556614339351654053e-01 3.863522550091147423e-03
6.918519139289855957e-01 8.635568022727966309e-01 7.307013729587197304e-04
1.786942966282367706e-02 1.030939817428588867e-01 2.554388993303291500e-05
6.743038892745971680e-01 2.687798738479614258e-01 6.931535899639129639e-03
6.336359381675720215e-01 9.659719653427600861e-03 5.105505697429180145e-04
2.572514712810516357e-01 4.579138457775115967e-01 4.912693053483963013e-03
5.873503684997558594e-01 6.300978660583496094e-01 5.064529366791248322e-03
5.854718685150146484e-01 1.628849655389785767e-01 6.723128259181976318e-03
8.463124632835388184e-01 4.960081577301025391e-01 2.131447428837418556e-03
6.405348181724548340e-01 7.242244482040405273e-01 2.920006401836872101e-03
8.878819346427917480e-01 1.004854813218116760e-01 8.057146333158016205e-04
2.523234784603118896e-01 3.279657363891601562e-01 5.271741654723882675e-03
3.114721551537513733e-02 5.475655794143676758e-01 1.020707786665298045e-04
8.197116851806640625e-01 7.770310640335083008e-01 8.436931530013680458e-04
3.550732433795928955e-01 3.822544515132904053e-01 7.649420294910669327e-03
7.427385449409484863e-01 9.275113940238952637e-01 1.779426529537886381e-04
5.193743705749511719e-01 9.950453042984008789e-02 5.027831997722387314e-03
8.874852657318115234e-01 5.754805207252502441e-01 1.034110551699995995e-03
6.296555399894714355e-01 7.289630174636840820e-02 3.407061100006103516e-03
8.132272958755493164e-01 1.247062385082244873e-01 2.204177202656865120e-03
5.054073929786682129e-01 8.266834616661071777e-01 1.551663968712091446e-03
5.817567110061645508e-01 8.442382216453552246e-01 1.212627859786152840e-03
1.323612928390502930e-01 4.946871995925903320e-01 1.665908377617597580e-03
1.794359833002090454e-01 5.891042947769165039e-02 1.131092547439038754e-03
2.227982878684997559e-01 2.516032457351684570e-01 4.225433338433504105e-03
5.212000012397766113e-01 3.327656984329223633e-01 9.225976653397083282e-03
9.127300977706909180e-01 6.045275330543518066e-01 5.998771521262824535e-04
5.134245157241821289e-01 2.935215830802917480e-01 9.143057279288768768e-03
9.421801567077636719e-01 8.618180751800537109e-01 4.883596193394623697e-05
6.327250003814697266e-01 4.456490874290466309e-01 7.395632099360227585e-03
3.950357437133789062e-02 1.056162044405937195e-01 1.216305536217987537e-04
4.341077804565429688e-01 2.068302035331726074e-01 7.852516137063503265e-03
4.696535170078277588e-01 5.842102319002151489e-02 3.213344607502222061e-03
6.715283989906311035e-01 2.822771370410919189e-01 7.074792869389057159e-03
1.938190609216690063e-01 5.645341873168945312e-01 2.613704185932874680e-03
1.312769204378128052e-01 6.392997503280639648e-01 1.081775058992207050e-03
6.829800009727478027e-01 2.097664326429367065e-01 6.140958517789840698e-03
7.772830128669738770e-01 2.554423213005065918e-01 4.243796691298484802e-03
1.982693746685981750e-02 3.041032254695892334e-01 5.561954458244144917e-05
4.209050834178924561e-01 8.462440371513366699e-01 1.188577036373317242e-03
1.581063307821750641e-02 8.144201636314392090e-01 6.791504802095005289e-06
1.034252718091011047e-01 8.311568498611450195e-01 2.037399535765871406e-04
6.464025974273681641e-01 9.327656626701354980e-01 2.202820614911615849e-04
2.328952997922897339e-01 4.037854671478271484e-01 4.581276327371597290e-03
3.385070562362670898e-01 8.495569229125976562e-01 9.641015203669667244e-04
7.826493382453918457e-01 3.189159929752349854e-02 8.649294613860547543e-04
5.785007476806640625e-01 4.225425720214843750e-01 8.377451449632644653e-03
6.867240071296691895e-01 1.616945862770080566e-01 5.259188357740640640e-03
6.351988315582275391e-01 1.875469274818897247e-02 9.696096531115472317e-04
2.075556963682174683e-01 6.887357234954833984e-01 1.805169507861137390e-03
6.675687432289123535e-02 2.982797622680664062e-01 5.700768670067191124e-04
1.801282763481140137e-01 6.858472228050231934e-01 1.476266654208302498e-03
9.264870285987854004e-01 3.062444627285003662e-01 6.837350083515048027e-04
4.019272923469543457e-01 8.786429762840270996e-01 7.477307226508855820e-04
3.829801976680755615e-01 5.884988307952880859e-01 5.564659368246793747e-03
1.452929079532623291e-01 2.616354227066040039e-01 2.199691021814942360e-03
6.586289405822753906e-01 5.165070891380310059e-01 6.103676743805408478e-03
8.476510047912597656e-01 3.379997014999389648e-01 2.470279345288872719e-03
2.060354650020599365e-01 3.442542552947998047e-01 3.961287904530763626e-03
5.454649925231933594e-01 2.916961312294006348e-01 8.995769545435905457e-03
5.626163259148597717e-02 4.275621175765991211e-01 3.949879028368741274e-04
5.531321763992309570e-01 1.261303573846817017e-01 5.884762387722730637e-03
9.802427887916564941e-01 9.346591234207153320e-01 1.496724053140496835e-06
1.251723617315292358e-01 3.433610498905181885e-02 3.839413402602076530e-04
3.393940925598144531e-01 3.503817617893218994e-01 7.432782556861639023e-03
6.625281572341918945e-01 7.840472459793090820e-01 1.827862346544861794e-03
4.691903591156005859e-01 6.414481401443481445e-01 5.114948842674493790e-03
8.158594369888305664e-01 6.825605034828186035e-01 1.552360947243869305e-03
2.071464508771896362e-01 9.888090491294860840e-01 3.340314378874609247e-06
2.046745866537094116e-01 8.086941838264465332e-01 7.842566701583564281e-04
3.770084083080291748e-01 3.401944041252136230e-01 8.170065470039844513e-03
6.240401864051818848e-01 3.365472853183746338e-01 8.154062554240226746e-03
4.862454235553741455e-01 8.093054294586181641e-01 1.836587442085146904e-03
9.611798524856567383e-01 2.221586406230926514e-01 1.871409767773002386e-04
6.857091784477233887e-01 9.600327014923095703e-01 7.122605165932327509e-05
8.627701997756958008e-01 2.547128871083259583e-02 3.390996716916561127e-04
3.978319168090820312e-01 5.041662454605102539e-01 7.113456726074218750e-03
8.252691030502319336e-01 9.460085630416870117e-01 5.734233855037018657e-05
4.214521348476409912e-01 7.732210755348205566e-01 2.364199608564376831e-03
1.857189834117889404e-01 8.388918638229370117e-01 4.979687510058283806e-04
4.034629762172698975e-01 2.966566085815429688e-01 8.501019328832626343e-03
4.600526094436645508e-01 3.247838020324707031e-01 9.136880747973918915e-03
3.359346389770507812e-01 4.004643559455871582e-01 7.163497619330883026e-03
6.937994360923767090e-01 9.287292361259460449e-01 2.129079075530171394e-04
6.395642757415771484e-01 1.317322403192520142e-01 5.277442280203104019e-03
6.310780644416809082e-01 4.118787050247192383e-01 7.722150068730115891e-03
7.281497716903686523e-01 5.019293427467346191e-01 4.878938198089599609e-03
9.634211659431457520e-01 3.419604003429412842e-01 1.838958414737135172e-04
8.440967798233032227e-01 4.075018167495727539e-01 2.477412344887852669e-03
3.465507030487060547e-01 9.774150848388671875e-01 2.556662184360902756e-05
4.635898470878601074e-01 2.803269214928150177e-02 1.637683133594691753e-03
7.731769979000091553e-02 1.080183163285255432e-01 4.373926494736224413e-04
7.330668568611145020e-01 5.696825385093688965e-01 4.039270803332328796e-03
5.578441619873046875e-01 3.428989946842193604e-01 9.007557295262813568e-03
2.700411081314086914e-01 1.181794106960296631e-01 3.570745000615715981e-03
5.879767537117004395e-01 7.753428220748901367e-01 2.296667546033859253e-03
2.202728241682052612e-01 1.086209267377853394e-01 2.545924624428153038e-03
3.411107957363128662e-01 7.246773838996887207e-01 2.774879569187760353e-03
9.868174791336059570e-01 9.399349093437194824e-01 5.738688173551054206e-07
1.082152128219604492e-01 2.212833613157272339e-01 1.249696011655032635e-03
2.936298549175262451e-01 6.441631913185119629e-01 3.508833004161715508e-03
3.720314800739288330e-01 7.166755944490432739e-02 3.371047554537653923e-03
3.214133083820343018e-01 1.953688561916351318e-01 6.017102859914302826e-03
6.543062329292297363e-01 8.834889531135559082e-01 6.135932053439319134e-04
2.589775323867797852e-01 1.400538533926010132e-01 3.814384574070572853e-03
7.690903544425964355e-01 7.283530235290527344e-01 1.695081475190818310e-03
2.862969040870666504e-02 7.887548804283142090e-01 2.722190038184635341e-05
4.289820417761802673e-02 3.673396408557891846e-01 2.478583774063736200e-04
2.616688013076782227e-01 7.535129785537719727e-01 1.708776107989251614e-03
3.093359768390655518e-01 3.905718326568603516e-01 6.621258798986673355e-03
7.972787022590637207e-01 4.132899045944213867e-01 3.716387553140521049e-03
8.640669584274291992e-01 4.563775360584259033e-01 1.860646880231797695e-03
4.190925955772399902e-01 5.719588994979858398e-01 6.211115047335624695e-03
2.725529968738555908e-01 5.129274725914001465e-01 4.783523734658956528e-03
8.595497608184814453e-01 3.002579212188720703e-01 2.142680576071143150e-03
9.987195134162902832e-01 2.461298406124114990e-01 2.287675755496820784e-07
8.993377685546875000e-01 2.365770637989044189e-01 1.130008837208151817e-03
9.406370520591735840e-01 7.175086140632629395e-01 1.785305794328451157e-04
5.098612904548645020e-01 5.685586929321289062e-01 6.609381642192602158e-03
5.948777198791503906e-01 8.148004412651062012e-01 1.623150543309748173e-03
3.061351478099822998e-01 8.164197802543640137e-01 1.241484773345291615e-03
4.798540100455284119e-02 8.592600375413894653e-02 1.498279452789574862e-04
7.040316462516784668e-01 7.955486178398132324e-01 1.443848945200443268e-03
9.662680625915527344e-01 8.396306037902832031e-01 2.294082514708861709e-05
9.936838746070861816e-01 4.605316221714019775e-01 5.279458946461090818e-06
1.216803565621376038e-01 1.341627985239028931e-01 1.148816663771867752e-03
8.927429914474487305e-01 3.559650778770446777e-01 1.353725092485547066e-03
8.504685759544372559e-02 9.099472761154174805e-01 4.468112820177339017e-05
8.329635858535766602e-01 7.373613864183425903e-02 1.224684412591159344e-03
2.168394625186920166e-01 8.720590472221374512e-01 4.116644558962434530e-04
8.830764293670654297e-01 7.689869999885559082e-01 4.375146236270666122e-04
6.649644970893859863e-01 5.975886806845664978e-02 2.622161293402314186e-03
9.286604821681976318e-02 6.657866388559341431e-02 4.116681520827114582e-04
9.349393844604492188e-01 5.531929731369018555e-01 4.086203116457909346e-04
4.081513583660125732e-01 8.527280092239379883e-01 1.079231384210288525e-03
4.992548525333404541e-01 4.475308954715728760e-01 8.537234738469123840e-03
9.355114698410034180e-01 3.088024854660034180e-01 5.369679420255124569e-04
8.231034874916076660e-01 2.889288365840911865e-01 3.097165375947952271e-03
6.453558802604675293e-01 9.634619951248168945e-01 6.737647345289587975e-05
3.879021406173706055e-01 6.334909200668334961e-01 4.797289147973060608e-03
2.320894738659262657e-03 3.333757221698760986e-01 7.943079367578320671e-07
8.884680271148681641e-01 6.205053329467773438e-01 8.774840971454977989e-04
1.810948997735977173e-01 3.070826232433319092e-01 3.242632606998085976e-03
4.217334687709808350e-01 9.458705186843872070e-01 1.648282341193407774e-04
9.864193797111511230e-01 7.582767307758331299e-02 1.162240641860989854e-05
8.402202129364013672e-01 4.989255070686340332e-01 2.257720800116658211e-03
6.033839583396911621e-01 7.677484750747680664e-01 2.371724229305982590e-03
5.955096483230590820e-01 5.576902627944946289e-01 6.330528762191534042e-03
4.712455272674560547e-01 8.402388095855712891e-01 1.331520616076886654e-03
7.251866459846496582e-01 7.963839173316955566e-01 1.311359810642898083e-03
6.848469972610473633e-01 4.202727675437927246e-01 6.579739041626453400e-03
4.465803205966949463e-01 2.681165635585784912e-01 8.772347122430801392e-03
3.328181207180023193e-01 8.916736245155334473e-01 5.159132997505366802e-04
8.589354753494262695e-01 5.997679829597473145e-01 1.410469296388328075e-03
2.536518573760986328e-01 7.400298118591308594e-01 1.792484195902943611e-03
9.949409961700439453e-01 3.888169229030609131e-01 3.679700057546142489e-06
8.166553378105163574e-01 4.567180573940277100e-01 3.022128017619252205e-03
7.316707372665405273e-01 1.583557128906250000e-01 4.323727916926145554e-03
1.888077408075332642e-01 5.189547538757324219e-01 2.817011205479502678e-03
8.022627234458923340e-02 3.761842548847198486e-01 7.970922160893678665e-04
4.798859953880310059e-01 5.640206336975097656e-01 6.678824778646230698e-03
1.477277874946594238e-01 7.504857182502746582e-01 7.406522054225206375e-04
1.433186382055282593e-01 1.855118572711944580e-01 1.855176291428506374e-03
9.374806880950927734e-01 9.813880920410156250e-01 1.167819277725357097e-06
8.709123730659484863e-01 1.955340057611465454e-02 2.375682088313624263e-04
2.373786270618438721e-01 1.752007752656936646e-01 3.906013909727334976e-03
5.151476860046386719e-01 9.028514623641967773e-01 5.315832677297294140e-04
2.582118809223175049e-01 4.935461282730102539e-01 4.644294735044240952e-03
6.112805008888244629e-01 9.220751523971557617e-01 3.161345666740089655e-04
7.451512217521667480e-01 7.060904800891876221e-02 2.199435373768210411e-03
4.592062234878540039e-01 9.232236146926879883e-01 3.356148081365972757e-04
3.188953548669815063e-02 8.365522623062133789e-01 2.130085704266093671e-05
4.442388117313385010e-01 3.512315452098846436e-01 9.011195041239261627e-03
7.976670861244201660e-01 6.073997616767883301e-01 2.438664902001619339e-03
5.744576454162597656e-01 6.761772036552429199e-01 4.237180575728416443e-03
7.320062518119812012e-01 7.355283498764038086e-01 1.979869557544589043e-03
8.774957060813903809e-01 4.181228280067443848e-01 1.635909080505371094e-03
9.159052371978759766e-01 7.051512598991394043e-01 3.636803303379565477e-04
4.875228404998779297e-01 9.373614192008972168e-01 2.295777812832966447e-04
2.813170254230499268e-01 2.678675353527069092e-01 5.869027692824602127e-03
8.051581382751464844e-01 1.636458933353424072e-02 3.896730195265263319e-04
1.814634725451469421e-02 6.341701745986938477e-01 2.694237991818226874e-05
3.712911605834960938e-01 8.546065688133239746e-01 9.844284504652023315e-04
6.611818671226501465e-01 2.900332808494567871e-01 7.336670532822608948e-03
9.570474028587341309e-01 5.760782957077026367e-01 1.749438088154420257e-04
4.544178545475006104e-01 3.029958605766296387e-01 9.047706611454486847e-03
3.249114155769348145e-01 4.879291355609893799e-01 6.155571900308132172e-03
4.454475343227386475e-01 9.119606018066406250e-02 4.596156533807516098e-03
2.909846007823944092e-01 9.101876616477966309e-01 3.125030489172786474e-04
3.524430394172668457e-01 7.044752240180969238e-01 3.204699838533997536e-03
4.868927597999572754e-01 2.111375033855438232e-01 8.200699463486671448e-03
3.660034835338592529e-01 1.721391528844833374e-01 6.352409720420837402e-03
9.364161640405654907e-02 9.039114713668823242e-01 6.011829464114271104e-05
3.883044421672821045e-01 6.799718737602233887e-01 3.929004073143005371e-03
2.350562065839767456e-01 3.225428462028503418e-01 4.785789176821708679e-03
3.444032073020935059e-01 1.096813902258872986e-01 4.432328511029481888e-03
8.786561489105224609e-01 6.918067336082458496e-01 7.469723350368440151e-04
5.938666462898254395e-01 8.348525315523147583e-02 4.079471342265605927e-03
3.943843245506286621e-01 4.324736893177032471e-01 7.946305908262729645e-03
8.047999143600463867e-01 9.749824404716491699e-01 1.505991440353682265e-05
7.308310866355895996e-01 8.285945653915405273e-02 2.697103889659047127e-03
3.588869273662567139e-01 4.185751676559448242e-01 7.491092197597026825e-03
5.070759654045104980e-01 1.296159476041793823e-01 6.134600844234228134e-03
6.128258109092712402e-01 6.854658126831054688e-01 3.817758057266473770e-03
3.546490073204040527e-01 9.629945158958435059e-01 6.907890929142013192e-05
3.517093062400817871e-01 3.475898206233978271e-01 7.691582664847373962e-03
6.340809464454650879e-01 3.563968241214752197e-01 7.947484031319618225e-03
7.801670432090759277e-01 9.164317250251770020e-01 1.882538199424743652e-04
2.959684133529663086e-01 2.089062631130218506e-01 5.676522385329008102e-03
6.279052793979644775e-02 6.268784999847412109e-01 3.022355376742780209e-04
9.499071836471557617e-01 7.705331444740295410e-01 9.186382521875202656e-05
3.396297395229339600e-01 4.544770419597625732e-01 6.803374271839857101e-03
4.853372871875762939e-01 1.243321457877755165e-03 7.738122803857550025e-05
7.532945871353149414e-01 4.629239737987518311e-01 4.611776676028966904e-03
3.536517918109893799e-01 7.135674953460693359e-01 3.058894770219922066e-03
8.997139334678649902e-01 4.012885689735412598e-01 1.171067706309258938e-03
8.223121166229248047e-01 8.080622553825378418e-01 6.355571094900369644e-04
2.650949731469154358e-02 7.906909584999084473e-01 2.307008253410458565e-05
9.780660271644592285e-01 2.541955709457397461e-01 6.507120269816368818e-05
9.685897827148437500e-01 3.981782793998718262e-01 1.334857515757903457e-04
5.378742814064025879e-01 6.148236393928527832e-01 5.635749548673629761e-03
9.614986926317214966e-02 9.686732292175292969e-01 7.179577096394496039e-06
3.668021559715270996e-01 1.489158868789672852e-01 5.818735808134078979e-03
9.787020683288574219e-01 5.171918869018554688e-01 5.238135054241865873e-05
8.298783302307128906e-01 4.349930286407470703e-01 2.767821075394749641e-03
1.027538925409317017e-01 7.475594282150268555e-01 4.049335548188537359e-04
8.802505135536193848e-01 8.279597759246826172e-01 2.722884237300604582e-04
8.506438136100769043e-01 2.659604847431182861e-01 2.313118893653154373e-03
7.947518825531005859e-01 2.989608980715274811e-02 7.486389367841184139e-04
3.514990508556365967e-01 5.442876219749450684e-01 5.873265210539102554e-03
6.717685610055923462e-02 6.707767844200134277e-01 2.854939375538378954e-04
5.678267478942871094e-01 8.102239370346069336e-01 1.757257618010044098e-03
7.078135609626770020e-01 8.444016426801681519e-02 3.027474042028188705e-03
2.246920019388198853e-01 9.195417165756225586e-01 1.806494838092476130e-04
9.847612380981445312e-01 2.081856876611709595e-01 2.939401201729197055e-05
2.099127322435379028e-01 5.382294654846191406e-01 3.156803781166672707e-03
9.414124488830566406e-01 3.304928243160247803e-01 4.506537807174026966e-04
2.882151007652282715e-01 7.791515588760375977e-01 1.599343144334852695e-03
1.950715035200119019e-01 5.372309684753417969e-01 2.836559200659394264e-03
8.886618018150329590e-01 9.353973865509033203e-01 3.821709833573549986e-05
9.095336496829986572e-02 2.631484866142272949e-01 9.767214069142937660e-04
4.082940146327018738e-02 4.806808233261108398e-01 1.988214644370600581e-04
5.620290637016296387e-01 8.212625384330749512e-01 1.589722349308431149e-03
1.721794158220291138e-01 7.852988243103027344e-01 7.354255067184567451e-04
4.343101754784584045e-02 1.746648252010345459e-01 2.053518837783485651e-04
1.610180945135653019e-03 8.709604740142822266e-01 3.747949151033935777e-08
9.889721870422363281e-01 4.824491143226623535e-01 1.537108801130671054e-05
5.647807717323303223e-01 4.982938468456268311e-01 7.578100077807903290e-03
4.899393618106842041e-01 5.947117805480957031e-01 6.100463680922985077e-03
2.332968860864639282e-01 2.192769646644592285e-01 4.276213701814413071e-03
5.594567060470581055e-01 2.758674509823322296e-02 1.584573299624025822e-03
1.138324514031410217e-01 2.954828143119812012e-01 1.492379349656403065e-03
7.227928191423416138e-02 8.154541254043579102e-01 1.248735352419316769e-04
8.162839412689208984e-01 6.536937355995178223e-01 1.763079082593321800e-03
4.550079703330993652e-01 6.158410310745239258e-01 5.588675849139690399e-03
7.134413123130798340e-01 6.931636929512023926e-01 2.727677347138524055e-03
5.239398479461669922e-01 2.335828244686126709e-01 8.536067791283130646e-03
9.812298417091369629e-01 2.454220056533813477e-01 4.740227450383827090e-05
4.022415578365325928e-01 5.542399287223815918e-01 6.366861052811145782e-03
5.727321505546569824e-01 6.849945783615112305e-01 4.070303402841091156e-03
5.299800634384155273e-01 6.566796898841857910e-01 4.802907351404428482e-03
8.569203019142150879e-01 3.837050497531890869e-01 2.190845087170600891e-03
1.406868994235992432e-01 5.729399919509887695e-01 1.527204411104321480e-03
7.398976478725671768e-03 5.118252635002136230e-01 6.579078672075411305e-06
4.958356618881225586e-01 8.240325450897216797e-01 1.594515866599977016e-03
8.678448200225830078e-01 2.869266569614410400e-01 1.919074682518839836e-03
6.994701623916625977e-01 4.087152779102325439e-01 6.314338184893131256e-03
5.498630404472351074e-01 1.789267919957637787e-02 1.057284069247543812e-03
6.290081143379211426e-01 5.704205632209777832e-01 5.732228513807058334e-03
4.323101937770843506e-01 4.380903542041778564e-01 8.331242948770523071e-03
9.791702032089233398e-02 9.155933856964111328e-01 5.089381375000812113e-05
8.977910280227661133e-01 6.597983241081237793e-01 6.430025096051394939e-04
6.700333356857299805e-01 3.106555044651031494e-01 7.215803023427724838e-03
8.947477340698242188e-01 9.957371354103088379e-01 1.604766737273166655e-07
6.665006875991821289e-01 9.895364046096801758e-01 5.352846073947148398e-06
4.489519074559211731e-02 9.092856049537658691e-01 1.375797273794887587e-05
2.507953643798828125e-01 2.345512956380844116e-01 4.851878620684146881e-03
5.943377614021301270e-01 8.192317485809326172e-01 1.556133734993636608e-03
9.468491673469543457e-01 5.084981918334960938e-01 3.111153491772711277e-04
6.055571436882019043e-01 4.732219576835632324e-01 7.492015603929758072e-03
5.173128843307495117e-01 9.989565610885620117e-01 6.781388606214022730e-08
7.841340899467468262e-01 6.332794576883316040e-02 1.591912936419248581e-03
1.814123534131795168e-04 2.113797003403306007e-03 6.924707335320690049e-11
1.998763978481292725e-01 9.394586086273193359e-01 8.806830737739801407e-05
9.124507308006286621e-01 9.069176316261291504e-01 5.014487760490737855e-05
5.892744064331054688e-01 3.550126254558563232e-01 8.651369251310825348e-03
7.056573033332824707e-02 9.486925005912780762e-01 1.074266856448957697e-05
2.720016241073608398e-01 1.666701883077621460e-01 4.538324661552906036e-03
5.804110169410705566e-01 4.912054538726806641e-02 2.634108066558837891e-03
4.243896901607513428e-01 6.836800277233123779e-02 3.541020210832357407e-03
7.360333204269409180e-01 3.931090533733367920e-01 5.465470254421234131e-03
4.791444242000579834e-01 8.826118707656860352e-01 7.575051859021186829e-04
8.559158444404602051e-01 5.090556740760803223e-01 1.866054604761302471e-03
7.015633583068847656e-01 1.638237237930297852e-01 5.021234974265098572e-03
5.600292682647705078e-01 2.667974531650543213e-01 8.707604371011257172e-03
2.210239320993423462e-01 6.543255448341369629e-01 2.317689824849367142e-03
9.810049831867218018e-02 9.822024106979370117e-01 2.435466285533038899e-06
1.117702573537826538e-02 5.535854697227478027e-01 1.347568922938080505e-05
8.410809189081192017e-02 4.215828776359558105e-01 8.370072464458644390e-04
1.912679970264434814e-01 9.208963513374328613e-01 1.378788583679124713e-04
3.356355801224708557e-02 3.480257093906402588e-01 1.556520583108067513e-04
1.364479660987854004e-01 8.285639882087707520e-01 3.380969865247607231e-04
7.653253674507141113e-01 8.362013697624206543e-01 7.236956735141575336e-04
2.875196635723114014e-01 7.294888496398925781e-01 2.240112517029047012e-03
2.121162861585617065e-01 4.503536522388458252e-01 3.800079924985766411e-03
1.342949122190475464e-01 1.054833009839057922e-01 1.140826614573597908e-03
1.021652072668075562e-01 8.187932968139648438e-01 2.262151683680713177e-04
9.841106534004211426e-01 5.525909066200256348e-01 2.704663893382530659e-05
4.952192604541778564e-01 5.402572154998779297e-01 7.135610096156597137e-03
3.259703218936920166e-01 4.343093633651733398e-01 6.709209177643060684e-03
9.023631811141967773e-01 7.015469670295715332e-02 4.708343185484409332e-04
9.236112236976623535e-02 7.016906738281250000e-01 4.388175148051232100e-04
7.396794557571411133e-01 9.683037400245666504e-01 3.606879545259289443e-05
5.385469794273376465e-01 1.804147660732269287e-01 7.484494242817163467e-03
9.717559814453125000e-01 1.466288119554519653e-01 8.043827256187796593e-05
5.538541674613952637e-01 3.140351176261901855e-02 1.798906130716204643e-03
1.853016167879104614e-01 3.178825378417968750e-01 3.370832651853561401e-03
1.423748955130577087e-02 9.438537806272506714e-02 1.524765411886619404e-05
6.500996351242065430e-01 3.408006392419338226e-03 1.751393865561112761e-04
7.511968016624450684e-01 9.943741559982299805e-01 1.099371843338303734e-06
6.569387316703796387e-01 1.978885084390640259e-01 6.466706749051809311e-03
9.553394913673400879e-01 2.994095981121063232e-01 2.675203431863337755e-04
5.960243344306945801e-01 4.243962764739990234e-01 8.151868358254432678e-03
1.222886666655540466e-01 1.947564929723739624e-01 1.454863348044455051e-03
7.923961281776428223e-01 1.677613258361816406e-01 3.144439077004790306e-03
6.658876538276672363e-01 8.130632638931274414e-01 1.406373223289847374e-03
7.744011282920837402e-01 3.424430787563323975e-01 4.519192967563867569e-03
5.179840326309204102e-01 2.184322923421859741e-01 8.317745290696620941e-03
4.688720703125000000e-01 1.903324127197265625e-01 7.738080807030200958e-03
4.052645564079284668e-01 1.014833599328994751e-01 4.759616218507289886e-03
2.395466566085815430e-01 7.146174311637878418e-01 1.931318314746022224e-03
2.825608551502227783e-01 2.166772186756134033e-01 5.463726818561553955e-03
7.903652191162109375e-01 6.959872841835021973e-01 1.765904249623417854e-03
8.490732908248901367e-01 8.628557920455932617e-01 2.665113715920597315e-04
8.690723776817321777e-01 9.933924078941345215e-01 5.615414124804374296e-07
6.156684160232543945e-01 3.520848453044891357e-01 8.275409229099750519e-03
5.558621883392333984e-02 4.041571617126464844e-01 3.954327257815748453e-04
6.851751208305358887e-01 6.757974028587341309e-01 3.305146703496575356e-03
6.651885509490966797e-01 7.615256309509277344e-01 2.148117637261748314e-03
2.576914429664611816e-01 8.857101202011108398e-02 2.692193258553743362e-03
5.166651010513305664e-01 7.031275629997253418e-01 3.864456666633486748e-03
1.534054577350616455e-01 2.586703896522521973e-01 2.397739561274647713e-03
1.583257764577865601e-01 9.345755726099014282e-02 1.363898394629359245e-03
8.535337448120117188e-01 4.172473549842834473e-01 2.214515116065740585e-03
9.511377811431884766e-01 4.507058858871459961e-01 2.937219105660915375e-04
6.384881138801574707e-01 7.982945442199707031e-01 1.730410847812891006e-03
5.552445054054260254e-01 2.963230907917022705e-01 8.947945199906826019e-03
3.502191603183746338e-02 3.704390525817871094e-01 1.676899701124057174e-04
9.271473884582519531e-01 9.808629006147384644e-02 3.640206996351480484e-04
7.438137531280517578e-01 6.564158797264099121e-01 2.813748316839337349e-03
6.248084306716918945e-01 7.455167770385742188e-01 2.653234405443072319e-03
5.709193348884582520e-01 4.362915456295013428e-01 8.319806307554244995e-03
4.304864108562469482e-01 3.620603084564208984e-01 8.856603875756263733e-03
9.057133793830871582e-01 2.289424985647201538e-01 9.926167549565434456e-04
4.103648662567138672e-01 6.766147017478942871e-01 4.142752848565578461e-03
5.107331871986389160e-01 8.070523738861083984e-01 1.876118592917919159e-03
7.538899183273315430e-01 2.324319630861282349e-02 7.633846253156661987e-04
1.682780086994171143e-01 2.614755630493164062e-01 2.793649910017848015e-03
5.737478137016296387e-01 6.976155042648315430e-01 3.815140575170516968e-03
5.517351031303405762e-01 3.252863585948944092e-01 9.058065712451934814e-03
8.215497136116027832e-01 5.736292600631713867e-01 2.241342561319470406e-03
7.500600218772888184e-01 8.967038989067077637e-02 2.611619187518954277e-03
6.574972867965698242e-01 5.769388675689697266e-01 5.236631724983453751e-03
9.338927865028381348e-01 8.108186721801757812e-01 1.106043055187910795e-04
6.194342970848083496e-01 3.094768524169921875e-02 1.614999608136713505e-03
4.314098060131072998e-01 2.853566110134124756e-01 8.768904954195022583e-03
2.350761555135250092e-02 2.640284001827239990e-01 7.535770419053733349e-05
5.560213923454284668e-01 7.902250885963439941e-01 2.119166078045964241e-03
4.818345606327056885e-02 6.594101190567016602e-01 1.608871971257030964e-04
2.844716310501098633e-01 3.785186707973480225e-01 6.057243328541517258e-03
5.284224823117256165e-02 9.701571613550186157e-02 1.981571112992241979e-04
1.294229775667190552e-01 1.761810481548309326e-01 1.517958473414182663e-03
7.258449196815490723e-01 4.299286007881164551e-01 5.532674025744199753e-03
6.221922636032104492e-01 2.987144887447357178e-01 8.117773570120334625e-03
2.541380822658538818e-01 3.825209662318229675e-02 1.271259039640426636e-03
2.547151409089565277e-02 4.027334451675415039e-01 8.852229075273498893e-05
5.090492367744445801e-01 3.901473879814147949e-01 9.063040837645530701e-03
1.040540635585784912e-01 9.551007747650146484e-01 1.673433871474117041e-05
1.257280856370925903e-01 9.795358777046203613e-01 4.956376869813539088e-06
9.042745828628540039e-01 2.127985805273056030e-01 9.880880825221538544e-04
8.332508802413940430e-02 6.601185202598571777e-01 4.448966647032648325e-04
6.487590670585632324e-01 9.413315653800964355e-01 1.682397996773943305e-04
3.636016249656677246e-01 4.041704908013343811e-02 1.992688281461596489e-03
7.983682155609130859e-01 4.956478774547576904e-01 3.267122199758887291e-03
7.032836675643920898e-01 5.154941976070404053e-02 2.019282896071672440e-03
7.573303580284118652e-01 4.970892071723937988e-01 4.246369935572147369e-03
9.676192402839660645e-01 7.499092221260070801e-01 4.604548666975460947e-05
7.837260961532592773e-01 2.356792539358139038e-01 3.955573774874210358e-03
3.808602392673492432e-01 2.798883020877838135e-01 8.070364594459533691e-03
1.630943827331066132e-02 7.254399061203002930e-01 1.407574109180131927e-05
1.439423561096191406e-01 7.114613652229309082e-01 8.993785595521330833e-04
2.273198962211608887e-01 9.528474807739257812e-01 6.535932334372773767e-05
8.527268655598163605e-03 6.861931085586547852e-01 4.830062152905156836e-06
6.883519291877746582e-01 2.216217070817947388e-01 6.179363001137971878e-03
1.300759911537170410e-01 9.344469308853149414e-01 5.141592191648669541e-05
8.418688774108886719e-01 5.458063483238220215e-01 1.995465951040387154e-03
1.963515132665634155e-01 5.507485270500183105e-01 2.767789643257856369e-03
5.061076283454895020e-01 9.997870922088623047e-01 2.831659573487854686e-09
9.397868514060974121e-01 4.827892184257507324e-01 4.135557683184742928e-04
1.826516836881637573e-01 5.075025558471679688e-01 2.743518212810158730e-03
1.544765681028366089e-01 9.194132089614868164e-01 1.018626498989760876e-04
5.248457789421081543e-01 8.263413310050964355e-01 1.549833454191684723e-03
9.624812006950378418e-01 1.699462532997131348e-01 1.526885171188041568e-04
6.673976778984069824e-01 8.702009320259094238e-01 7.224082364700734615e-04
8.075566887855529785e-01 5.771113634109497070e-01 2.492661820724606514e-03
3.619012236595153809e-01 9.665835648775100708e-02 4.206291865557432175e-03
5.988584160804748535e-01 1.223853826522827148e-01 5.439775064587593079e-03
1.049379408359527588e-01 5.801624059677124023e-01 9.021600708365440369e-04
2.281621992588043213e-01 4.705919325351715088e-01 4.090393893420696259e-03
8.065848350524902344e-01 5.813748836517333984e-01 2.479635877534747124e-03
4.630511403083801270e-01 5.418861508369445801e-01 7.030377164483070374e-03
9.316945672035217285e-01 4.675001204013824463e-01 5.368815036490559578e-04
8.778117299079895020e-01 4.757153689861297607e-01 1.504330080933868885e-03
5.273147821426391602e-01 8.859546184539794922e-01 7.158974185585975647e-04
9.147080779075622559e-01 9.755966067314147949e-01 3.536319809427368455e-06
3.858368694782257080e-01 3.265262544155120850e-01 8.316381834447383881e-03
1.733743101358413696e-01 4.290473163127899170e-01 2.872715704143047333e-03
6.325347721576690674e-02 9.588179588317871094e-01 5.709063771064393222e-06
1.882448643445968628e-01 5.012807250022888184e-01 2.911318093538284302e-03
4.838536083698272705e-01 5.346834659576416016e-01 7.220504805445671082e-03
1.327209025621414185e-01 9.211441874504089355e-01 7.589120650663971901e-05
2.340052723884582520e-01 5.829820632934570312e-01 3.257373347878456116e-03
5.867371559143066406e-01 6.080670356750488281e-01 5.491802934557199478e-03
3.450761735439300537e-01 7.024180889129638672e-01 3.177021862939000130e-03
3.869203329086303711e-01 5.900573357939720154e-02 2.939984900876879692e-03
1.578147113323211670e-01 2.398471683263778687e-01 2.448198385536670685e-03
3.054503798484802246e-01 7.129340767860412598e-01 2.644237829372286797e-03
7.054523825645446777e-01 6.241254210472106934e-01 3.807186847552657127e-03
2.147560417652130127e-01 7.966979742050170898e-01 9.364339639432728291e-04
8.500275611877441406e-01 9.910179376602172852e-01 1.299339373872498982e-06
1.054855734109878540e-01 2.376015931367874146e-01 1.229629269801080227e-03
5.480377078056335449e-01 8.178163170814514160e-01 1.665328862145543098e-03
4.749262928962707520e-01 2.921815812587738037e-01 9.103103540837764740e-03
8.137069940567016602e-01 3.549486994743347168e-01 3.393776947632431984e-03
3.336521685123443604e-01 6.908865571022033691e-01 3.263115184381604195e-03
5.671534538269042969e-01 3.185005784034729004e-01 8.914772421121597290e-03
4.096073508262634277e-01 2.926862239837646484e-01 8.563353680074214935e-03
3.100499808788299561e-01 9.843835234642028809e-01 1.098573375202249736e-05
5.444513559341430664e-01 9.734553098678588867e-01 4.219480615574866533e-05
5.039920806884765625e-01 6.873959898948669434e-01 4.197790287435054779e-03
4.002925753593444824e-01 3.011517524719238281e-01 8.475886657834053040e-03
3.188997805118560791e-01 2.425435334444046021e-01 6.565013434737920761e-03
4.784285426139831543e-01 9.539315104484558105e-01 1.260628050658851862e-04
4.336907267570495605e-01 6.470136344432830811e-02 3.414142411202192307e-03
9.068660140037536621e-01 5.787941813468933105e-01 7.325132610276341438e-04
5.007224082946777344e-01 7.714671492576599121e-01 2.518215682357549667e-03
4.388101771473884583e-02 3.711050143465399742e-03 6.484025561803719029e-06
1.515123844146728516e-01 4.726989567279815674e-01 2.172147156670689583e-03
9.992282986640930176e-01 2.584721148014068604e-01 8.450777500002004672e-08
5.395371317863464355e-01 7.328012585639953613e-01 3.229140769690275192e-03
1.425632238388061523e-01 5.546464920043945312e-01 1.643785974010825157e-03
7.674504518508911133e-01 5.461791157722473145e-01 3.582908771932125092e-03
8.102273941040039062e-01 6.371411085128784180e-01 1.983316615223884583e-03
6.270878911018371582e-01 3.863535225391387939e-01 7.955934852361679077e-03
1.748698204755783081e-01 6.445096731185913086e-01 1.695741550065577030e-03
2.752476632595062256e-01 1.690604388713836670e-01 4.645231645554304123e-03
6.193689256906509399e-02 7.273002266883850098e-01 1.825770596042275429e-04
4.169512391090393066e-01 7.802719473838806152e-01 2.226369688287377357e-03
5.826374292373657227e-01 9.256044626235961914e-01 3.029304789379239082e-04
6.918048113584518433e-02 2.077244520187377930e-01 5.406775162555277348e-04
5.033496618270874023e-01 7.482859492301940918e-01 2.962944330647587776e-03
1.522460579872131348e-01 2.209137529134750366e-01 2.233703853562474251e-03
1.705728322267532349e-01 6.679881811141967773e-01 1.473846030421555042e-03
3.021284043788909912e-01 4.904040992259979248e-01 5.661610513925552368e-03
3.934737741947174072e-01 6.456086635589599609e-01 4.618131555616855621e-03
5.027608275413513184e-01 6.992988586425781250e-01 3.951723221689462662e-03
3.307678401470184326e-01 9.655226469039916992e-01 5.623807373922318220e-05
4.937132894992828369e-01 7.001237869262695312e-01 3.933703061193227768e-03
5.124156475067138672e-01 6.114200949668884277e-01 5.762947723269462585e-03
8.412862420082092285e-01 5.356319546699523926e-01 2.059244317933917046e-03
7.266968488693237305e-01 6.946782469749450684e-01 2.554435981437563896e-03
1.417695134878158569e-01 1.673320531845092773e-01 1.717498758807778358e-03
3.696971535682678223e-01 8.218872547149658203e-01 1.415770966559648514e-03
9.049412012100219727e-01 1.204787492752075195e-01 6.896495469845831394e-04
4.224761128425598145e-01 9.085077047348022461e-02 4.470367450267076492e-03
9.792924523353576660e-01 5.720968246459960938e-01 4.307673225412145257e-05
7.933247089385986328e-01 9.743959903717041016e-01 1.717238228593487293e-05
4.661021828651428223e-01 1.943006366491317749e-01 7.810859009623527527e-03
8.952133655548095703e-01 7.416300177574157715e-01 4.356486315373331308e-04
2.519018352031707764e-01 4.353198111057281494e-01 4.929392132908105850e-03
2.562109231948852539e-01 4.638519883155822754e-01 4.842211026698350906e-03
4.247260391712188721e-01 5.096812844276428223e-01 7.315143942832946777e-03
3.767138347029685974e-02 5.050987005233764648e-01 1.625860895728692412e-04
6.640083193778991699e-01 4.867377281188964844e-01 6.382308434695005417e-03
3.951179683208465576e-01 9.062318205833435059e-01 4.551401652861386538e-04
1.399600356817245483e-01 8.345561623573303223e-01 3.309802559670060873e-04
4.845413267612457275e-01 2.877717316150665283e-01 9.106175042688846588e-03
6.195810437202453613e-01 8.882687091827392578e-01 6.160480552352964878e-04
3.365436196327209473e-01 9.509943425655364990e-02 3.882282646372914314e-03
4.986758232116699219e-01 6.296851038932800293e-01 5.396842025220394135e-03
8.119459748268127441e-01 4.483211934566497803e-01 3.181129461154341698e-03
8.895791172981262207e-01 5.378979444503784180e-01 1.108274445869028568e-03
9.942258596420288086e-01 6.507332324981689453e-01 2.616147867229301482e-06
4.789192676544189453e-01 7.460978627204895020e-01 2.995457500219345093e-03
3.506172001361846924e-01 3.741055130958557129e-01 7.597389630973339081e-03
3.888929486274719238e-01 2.024815976619720459e-01 7.273805327713489532e-03
2.402509190142154694e-02 7.443009614944458008e-01 2.675556970643810928e-05
7.422345280647277832e-01 2.487055659294128418e-01 5.138515494763851166e-03
9.882625937461853027e-01 1.417430490255355835e-01 1.404835256835212931e-05
9.353716969490051270e-01 5.156413316726684570e-01 4.420748737175017595e-04
5.196763873100280762e-01 6.179913282394409180e-01 5.619046743959188461e-03
8.366882205009460449e-01 1.717213392257690430e-01 2.199578797444701195e-03
3.191680610179901123e-01 2.172945141792297363e-01 6.285852286964654922e-03
8.653548359870910645e-01 4.319602251052856445e-01 1.892218482680618763e-03
3.144207298755645752e-01 7.584407329559326172e-01 2.056396333500742912e-03
1.100376173853874207e-01 4.310691356658935547e-01 1.338109257631003857e-03
7.581025958061218262e-01 2.838832437992095947e-01 4.895824473351240158e-03
5.730286836624145508e-01 1.505978554487228394e-01 6.504225544631481171e-03
2.778145968914031982e-01 4.333538413047790527e-01 5.601109471172094345e-03
6.928729414939880371e-01 2.328675538301467896e-01 6.205732934176921844e-03
3.124438226222991943e-01 8.958670496940612793e-01 4.483117372728884220e-04
6.444488763809204102e-01 3.712280392646789551e-01 7.705630268901586533e-03
4.571900069713592529e-01 2.233037911355495453e-02 1.314526656642556190e-03
7.292819023132324219e-02 1.734354048967361450e-01 5.416378844529390335e-04
6.202259659767150879e-01 7.540881633758544922e-01 2.530063502490520477e-03
7.161062955856323242e-01 5.312378406524658203e-01 4.824591800570487976e-03
8.036009669303894043e-01 3.607743382453918457e-01 3.672008402645587921e-03
6.764997243881225586e-01 1.428779512643814087e-01 5.027303937822580338e-03
4.401742219924926758e-01 2.323943227529525757e-01 8.314896374940872192e-03
4.736542701721191406e-02 2.721928358078002930e-01 2.935519150923937559e-04
6.558477282524108887e-01 9.307577013969421387e-01 2.273457794217392802e-04
2.648340463638305664e-01 8.331658244132995605e-01 8.790627471171319485e-04
5.981740951538085938e-01 9.776157140731811523e-01 2.829995355568826199e-05
3.167674541473388672e-01 7.340393215417861938e-02 2.952013863250613213e-03
6.105701923370361328e-01 4.545346647500991821e-02 2.341481624171137810e-03
1.167074590921401978e-01 9.900484681129455566e-01 1.041939981405448634e-06
4.870961308479309082e-01 7.946805357933044434e-01 2.091000322252511978e-03
6.022159457206726074e-01 6.142418384552001953e-01 5.245282780379056931e-03
4.149675965309143066e-01 4.356830716133117676e-01 8.177208714187145233e-03
7.139303684234619141e-01 1.208675354719161987e-01 3.896489506587386131e-03
3.745345473289489746e-01 6.453955769538879395e-01 4.453533329069614410e-03
4.236253499984741211e-01 8.998887538909912109e-01 5.376852932386100292e-04
7.345345020294189453e-01 5.387730598449707031e-01 4.357885103672742844e-03
5.965884923934936523e-01 6.547365188598632812e-01 4.520788323134183884e-03
9.213283061981201172e-01 6.398015022277832031e-01 4.361088504083454609e-04
2.154231816530227661e-02 3.728665113449096680e-01 6.515419227071106434e-05
7.872792482376098633e-01 9.074785709381103516e-01 2.178704744437709451e-04
5.761812925338745117e-01 6.575855612754821777e-01 4.597639665007591248e-03
6.320195198059082031e-01 7.256309390068054199e-01 2.954585943371057510e-03
7.855010628700256348e-01 3.255276679992675781e-01 4.203973803669214249e-03
8.551666140556335449e-01 7.766154408454895020e-01 5.944990552961826324e-04
1.445205956697463989e-01 3.355403542518615723e-01 2.264438895508646965e-03
8.717021346092224121e-01 8.944680094718933105e-01 1.245971652679145336e-04
9.257088899612426758e-01 1.037233099341392517e-01 3.940788446925580502e-04
1.108735576272010803e-01 2.033228129148483276e-01 1.254104776307940483e-03
3.296398222446441650e-01 7.949857413768768311e-02 3.289304208010435104e-03
4.618333280086517334e-01 1.235081925988197327e-01 5.861321464180946350e-03
7.143037319183349609e-01 7.601538300514221191e-01 1.821134472265839577e-03
2.711210846900939941e-01 7.298190593719482422e-01 2.080472651869058609e-03
3.456350564956665039e-01 8.418372869491577148e-01 1.077238819561898708e-03
2.988539040088653564e-01 9.183474183082580566e-01 2.688324893824756145e-04
9.203489422798156738e-01 9.245457053184509277e-01 2.828684046107809991e-05
3.980363607406616211e-01 2.861411869525909424e-02 1.550065353512763977e-03
1.551039963960647583e-01 7.228133268654346466e-03 1.223425642820075154e-04
1.990885138511657715e-01 5.339781567454338074e-02 1.216521952301263809e-03
9.208137989044189453e-01 9.729171991348266602e-01 3.794072881646570750e-06
2.473964989185333252e-01 1.571218483150005341e-02 5.277161253616213799e-04
4.943224787712097168e-01 3.574048578739166260e-01 9.221538901329040527e-03
8.061097264289855957e-01 5.509699881076812744e-02 1.201718579977750778e-03
1.514783650636672974e-01 2.782451510429382324e-01 2.394605893641710281e-03
5.630263090133666992e-01 6.257135272026062012e-01 5.305810831487178802e-03
8.330554366111755371e-01 9.809851050376892090e-01 6.860292614874197170e-06
4.172406196594238281e-01 8.438893556594848633e-01 1.215912285260856152e-03
4.133612513542175293e-01 5.662547349929809570e-01 6.264441646635532379e-03
9.521126747131347656e-01 7.933079600334167480e-01 7.045423990348353982e-05
9.390497803688049316e-01 3.919584453105926514e-01 4.747164784930646420e-04
3.447079658508300781e-01 8.791901469230651855e-01 6.547265802510082722e-04
9.516414403915405273e-01 3.832612931728363037e-01 3.087384393438696861e-04
9.834768772125244141e-01 2.670993208885192871e-01 3.788572212215512991e-05
8.437206745147705078e-01 5.601975321769714355e-01 1.883896067738533020e-03
8.112222552299499512e-01 9.153428673744201660e-01 1.538481155876070261e-04
4.153100252151489258e-01 8.687601685523986816e-01 8.823224925436079502e-04
7.667175531387329102e-01 7.465396076440811157e-02 2.045013010501861572e-03
2.628968060016632080e-01 2.785917222499847412e-01 5.444495938718318939e-03
3.817865252494812012e-01 5.815125107765197754e-01 5.673383828252553940e-03
8.148726224899291992e-01 5.742849707603454590e-01 2.368569839745759964e-03
6.480963826179504395e-01 4.889787137508392334e-01 6.641933694481849670e-03
1.821193248033523560e-01 1.135056093335151672e-01 1.979070482775568962e-03
4.561538696289062500e-01 8.593918681144714355e-01 1.045651384629309177e-03
2.810333296656608582e-02 1.544987112283706665e-01 8.239660382969304919e-05
3.153814971446990967e-01 6.752364635467529297e-01 3.320168238133192062e-03
3.700418174266815186e-01 6.482604146003723145e-01 4.358299076557159424e-03
3.268249332904815674e-01 6.879664063453674316e-01 3.242323407903313637e-03
5.759017467498779297e-01 4.390479326248168945e-01 8.241252042353153229e-03
7.491796016693115234e-01 4.451038241386413574e-01 4.839297849684953690e-03
8.288031220436096191e-01 4.686958491802215576e-01 2.663617953658103943e-03
2.690764963626861572e-01 4.153340160846710205e-01 5.491722375154495239e-03
3.786821663379669189e-01 1.461226195096969604e-01 5.897743161767721176e-03
4.728580713272094727e-01 3.815783262252807617e-01 9.067129343748092651e-03
1.604048460721969604e-01 7.564194202423095703e-01 8.139969431795179844e-04
1.697711199522018433e-01 7.672423124313354492e-01 8.257791632786393166e-04
7.630339860916137695e-01 2.650516927242279053e-01 4.680627025663852692e-03
5.473796725273132324e-01 9.920839667320251465e-01 3.816006028500851244e-06
8.262884020805358887e-01 3.364774584770202637e-01 3.052026266232132912e-03
8.430969119071960449e-01 6.781048178672790527e-01 1.229543122462928295e-03
5.119841918349266052e-02 3.270663022994995117e-01 3.494976554065942764e-04
4.299122989177703857e-01 4.067669436335563660e-02 2.248633420094847679e-03
4.479361176490783691e-01 3.973015546798706055e-01 8.825335651636123657e-03
4.818717837333679199e-01 7.862816452980041504e-01 2.238717162981629372e-03
7.757402956485748291e-02 5.917724370956420898e-01 5.049578612670302391e-04
9.896588325500488281e-01 5.262022018432617188e-01 1.237225569639122114e-05
6.855911016464233398e-02 1.651658266782760620e-01 4.694199596997350454e-04
9.247080683708190918e-01 4.395149946212768555e-01 6.692800670862197876e-04
2.919140160083770752e-01 3.446857929229736328e-01 6.324184127151966095e-03
4.036045446991920471e-02 7.383660078048706055e-01 7.582080434076488018e-05
5.316379666328430176e-02 9.872872829437255859e-01 4.042984471652744105e-07
7.441758364439010620e-02 8.757188916206359863e-01 6.417358235921710730e-05
7.756432294845581055e-01 2.037954628467559814e-01 3.912426531314849854e-03
3.106033802032470703e-01 1.321503967046737671e-01 4.563605412840843201e-03
5.334502458572387695e-01 3.492600619792938232e-01 9.161098860204219818e-03
4.721590876579284668e-01 4.978046417236328125e-01 7.798070553690195084e-03
4.965393841266632080e-01 5.586925745010375977e-01 6.799763999879360199e-03
9.891213774681091309e-01 6.345501542091369629e-01 9.812248208618257195e-06
5.003030300140380859e-01 5.650151968002319336e-01 6.681716069579124451e-03
2.921479344367980957e-01 9.739384651184082031e-01 2.828929427778348327e-05
2.026824504137039185e-01 5.580257177352905273e-01 2.846709452569484711e-03
1.657014042139053345e-01 8.624429702758789062e-01 3.118827880825847387e-04
3.999168574810028076e-01 5.611324906349182129e-01 6.224357057362794876e-03
5.475097894668579102e-01 5.235401988029479980e-01 7.294654846191406250e-03
5.485939979553222656e-01 1.819107830524444580e-01 7.466148119419813156e-03
5.187221765518188477e-01 4.234935939311981201e-01 8.772359229624271393e-03
3.627561926841735840e-01 9.591931104660034180e-01 8.535204688087105751e-05
2.007409781217575073e-01 1.143447011709213257e-01 2.308833878487348557e-03
2.636570334434509277e-01 1.472050510346889496e-02 5.386177799664437771e-04
8.188890218734741211e-01 8.964843750000000000e-01 2.112974179908633232e-04
3.317139577120542526e-03 2.883315086364746094e-01 1.596206629983498715e-06
4.734837412834167480e-01 7.646358013153076172e-01 2.632504794746637344e-03
2.999262213706970215e-01 4.769069552421569824e-01 5.753180943429470062e-03
7.037624716758728027e-01 1.736523061990737915e-01 5.153930746018886566e-03
8.523886799812316895e-01 8.947914242744445801e-01 1.567973667988553643e-04
9.032123684883117676e-01 4.020325839519500732e-01 1.098590204492211342e-03
7.547269463539123535e-01 1.007475852966308594e-01 2.791754435747861862e-03
7.550949454307556152e-01 9.122865200042724609e-01 2.400283701717853546e-04
1.557376384735107422e-01 3.195358514785766602e-01 2.557832747697830200e-03
9.431483745574951172e-01 6.461102366447448730e-01 2.326421817997470498e-04
8.965671062469482422e-01 8.895397186279296875e-01 9.333845082437619567e-05
1.155994553118944168e-02 5.325844883918762207e-01 1.519172292319126427e-05
5.814417600631713867e-01 9.543599486351013184e-01 1.177412632387131453e-04
9.561192393302917480e-01 4.994273185729980469e-01 2.202820032835006714e-04
8.109471797943115234e-01 7.005692124366760254e-01 1.476370613090693951e-03
7.188062667846679688e-01 5.609142184257507324e-01 4.418045282363891602e-03
3.428770303726196289e-01 3.944886326789855957e-01 7.342588156461715698e-03
9.971717596054077148e-01 3.467804491519927979e-01 1.176916271106165368e-06
8.389617204666137695e-01 6.740163564682006836e-01 1.307388185523450375e-03
9.250122308731079102e-01 9.803744554519653320e-01 1.816817189137509558e-06
9.237882494926452637e-01 9.546129703521728516e-01 9.747192962095141411e-06
9.301258921623229980e-01 6.105744242668151855e-01 3.911141538992524147e-04
7.170131802558898926e-01 5.087378025054931641e-01 5.054839421063661575e-03
8.916460871696472168e-01 6.273631453514099121e-01 8.131391368806362152e-04
6.977980732917785645e-01 6.936601996421813965e-01 2.894727047532796860e-03
1.729127913713455200e-01 4.696874022483825684e-01 2.701653866097331047e-03
1.464809477329254150e-01 4.164281189441680908e-01 2.216754248365759850e-03
9.116036295890808105e-01 1.548705399036407471e-01 7.182841654866933823e-04
5.512420535087585449e-01 2.093849778175354004e-01 8.009116165339946747e-03
1.295474171638488770e-01 5.147694349288940430e-01 1.541192177683115005e-03
5.703423619270324707e-01 6.669892072677612305e-01 4.441726021468639374e-03
5.587880015373229980e-01 8.407338857650756836e-01 1.296265865676105022e-03
2.715616524219512939e-01 2.479460649192333221e-02 9.227243135683238506e-04
5.849952697753906250e-01 4.329441785812377930e-01 8.205298334360122681e-03
1.930871903896331787e-01 4.547647833824157715e-01 3.281820099800825119e-03
6.234593391418457031e-01 7.435855865478515625e-01 2.694361377507448196e-03
8.125085234642028809e-01 9.584493637084960938e-01 3.840107819996774197e-05
6.474252343177795410e-01 3.781769573688507080e-01 7.619219366461038589e-03
3.682757019996643066e-01 4.883965253829956055e-01 6.918960250914096832e-03
3.326126188039779663e-02 4.652767479419708252e-01 1.375514839310199022e-04
5.118752717971801758e-01 4.595434963703155518e-01 8.379885926842689514e-03
7.522032856941223145e-01 4.124825298786163330e-01 4.946622066199779510e-03
8.797417283058166504e-01 8.329099416732788086e-01 2.602792810648679733e-04
9.163997173309326172e-01 7.594423890113830566e-01 2.579398278612643480e-04
9.629817008972167969e-01 5.499582886695861816e-01 1.415481674484908581e-04
4.998492300510406494e-01 3.473378121852874756e-01 9.247172623872756958e-03
3.218644559383392334e-01 3.507889807224273682e-01 7.043633610010147095e-03
7.943090200424194336e-01 9.617006778717041016e-01 3.765577275771647692e-05
5.312083363533020020e-01 8.986957073211669922e-01 5.719498149119317532e-04
8.448643088340759277e-01 2.122936025261878967e-02 3.493784461170434952e-04
4.707929491996765137e-01 9.700506925582885742e-01 5.401061935117468238e-05
8.700660467147827148e-01 9.938978403806686401e-02 1.030303654260933399e-03
4.061214625835418701e-01 7.399354577064514160e-01 2.911141142249107361e-03
7.181015014648437500e-01 4.810339808464050293e-01 5.308976396918296814e-03
1.286082118749618530e-01 9.621152281761169434e-01 1.734286161081399769e-05
1.116188243031501770e-01 7.324914932250976562e-01 5.154082900844514370e-04
5.699950456619262695e-01 3.736202418804168701e-01 8.806328289210796356e-03
3.725759387016296387e-01 6.339459419250488281e-01 4.641887731850147247e-03
6.466288566589355469e-01 5.940427780151367188e-01 5.111526232212781906e-03
1.957732290029525757e-01 7.516371607780456543e-01 1.149330986663699150e-03
9.083114266395568848e-01 2.422753572463989258e-01 9.647883707657456398e-04
1.152759641408920288e-01 5.936648249626159668e-01 1.019537914544343948e-03
1.465449035167694092e-01 1.322033256292343140e-02 2.013657212955877185e-04
3.671378791332244873e-01 8.037668652832508087e-03 4.269696655683219433e-04
9.428289532661437988e-01 2.261305898427963257e-01 3.934710402972996235e-04
3.441160172224044800e-02 6.515657901763916016e-01 8.733608410693705082e-05
2.514519393444061279e-01 8.239672780036926270e-01 9.045781916938722134e-04
6.798259615898132324e-01 9.625582396984100342e-02 3.724652109667658806e-03
4.608832597732543945e-01 6.942370533943176270e-01 4.007052164524793625e-03
5.523242950439453125e-01 3.814909756183624268e-01 8.922605775296688080e-03
8.372974395751953125e-01 8.984212875366210938e-01 1.720417203614488244e-04
7.738096117973327637e-01 8.223209977149963379e-01 7.952983723953366280e-04
2.981972992420196533e-01 7.414166331291198730e-01 2.171205589547753334e-03
5.920598506927490234e-01 4.609682597219944000e-03 2.664292987901717424e-04
3.569979071617126465e-01 3.039184808731079102e-01 7.759494706988334656e-03
7.300842404365539551e-01 8.535130620002746582e-01 7.112305611371994019e-04
5.263078212738037109e-01 3.127084374427795410e-01 9.181078523397445679e-03
5.346706509590148926e-01 9.832237958908081055e-01 1.712905213935300708e-05
3.066266775131225586e-01 9.891560673713684082e-01 5.257661086943699047e-06
9.010417759418487549e-02 3.877595365047454834e-01 9.769665775820612907e-04
4.834892153739929199e-01 1.308908760547637939e-01 6.165813654661178589e-03
3.302476108074188232e-01 3.290328383445739746e-01 7.246855646371841431e-03
9.960168004035949707e-01 6.821789741516113281e-01 1.084578457266616169e-06
2.846081852912902832e-01 8.650925755500793457e-01 6.527050863951444626e-04
5.723147392272949219e-01 6.491218805313110352e-01 4.788034595549106598e-03
3.534296154975891113e-01 4.742280766367912292e-02 2.247113967314362526e-03
9.298188090324401855e-01 8.104220032691955566e-02 2.914342039730399847e-04
6.588803976774215698e-02 4.776534478878602386e-05 1.809183061141084181e-07
6.753473728895187378e-02 1.622328907251358032e-01 4.515494219958782196e-04
2.462832331657409668e-01 4.559304416179656982e-01 4.650433547794818878e-03
8.244470357894897461e-01 2.283550798892974854e-01 2.848311793059110641e-03
5.265597701072692871e-01 2.570660710334777832e-01 8.818013593554496765e-03
1.378719657659530640e-01 1.379861589521169662e-02 1.896104222396388650e-04
6.832062602043151855e-01 8.659983426332473755e-02 3.384512150660157204e-03
9.185467660427093506e-02 5.338103175163269043e-01 8.072823984548449516e-04
7.063956856727600098e-01 4.045642018318176270e-01 6.169901695102453232e-03
2.457775771617889404e-01 3.329944238066673279e-02 1.069311518222093582e-03
2.592682540416717529e-01 1.606867015361785889e-01 4.174924921244382858e-03
1.509958058595657349e-01 7.489289045333862305e-01 7.758602150715887547e-04
8.024249672889709473e-01 3.155785501003265381e-01 3.715589409694075584e-03
8.310574293136596680e-01 5.061506628990173340e-01 2.433374989777803421e-03
6.967911720275878906e-01 9.166121482849121094e-01 2.844986156560480595e-04
7.705133557319641113e-01 4.630328714847564697e-01 4.174288827925920486e-03
7.199838161468505859e-01 5.283488705754280090e-02 1.926566241309046745e-03
9.102268218994140625e-01 4.018731117248535156e-01 9.599929326213896275e-04
4.183014929294586182e-01 4.232590645551681519e-02 2.298351842910051346e-03
4.658384621143341064e-01 4.571980535984039307e-01 8.340712636709213257e-03
7.057195305824279785e-01 4.390298854559659958e-03 1.876979222288355231e-04
6.860477924346923828e-01 7.639716267585754395e-01 1.974428771063685417e-03
7.024713754653930664e-01 2.662094235420227051e-01 6.261558737605810165e-03
2.322013378143310547e-01 3.855184316635131836e-01 4.626866895705461502e-03
4.547508656978607178e-01 8.760805130004882812e-01 8.271041442640125751e-04
9.709289669990539551e-01 9.791018962860107422e-01 3.406728410482173786e-07
7.312209606170654297e-01 9.303018450736999512e-01 1.745639456203207374e-04
8.932905197143554688e-01 7.465516924858093262e-01 4.357427242211997509e-04
7.620996236801147461e-01 2.762216329574584961e-01 4.756446927785873413e-03
1.615066379308700562e-01 9.613162875175476074e-01 2.638168734847567976e-05
4.945702254772186279e-01 7.987896800041198730e-01 2.020740183070302010e-03
9.052265882492065430e-01 7.210547327995300293e-01 4.129465669393539429e-04
4.349870383739471436e-01 8.850834965705871582e-01 7.060223724693059921e-04
4.108224213123321533e-01 3.174181580543518066e-01 8.664470165967941284e-03
8.203471302986145020e-01 9.111318588256835938e-01 1.562921097502112389e-04
1.946578770875930786e-01 4.589810073375701904e-01 3.301600227132439613e-03
4.489381015300750732e-01 2.491352707147598267e-01 8.596710860729217529e-03
4.826966226100921631e-01 5.974664092063903809e-01 6.036105565726757050e-03
7.558820843696594238e-01 6.718229651451110840e-01 2.463647862896323204e-03
7.806122899055480957e-01 7.952139377593994141e-01 9.780930122360587120e-04
1.670568734407424927e-01 7.928765416145324707e-01 6.586027448065578938e-04
7.026404142379760742e-01 6.605508327484130859e-01 3.322659991681575775e-03
2.816721796989440918e-01 8.025063872337341309e-01 1.281409291550517082e-03
2.257971912622451782e-01 6.629602611064910889e-02 1.766251167282462120e-03
2.788125872611999512e-01 7.683480381965637207e-01 1.667058910243213177e-03
2.530882656574249268e-01 6.103659868240356445e-01 3.311209613457322121e-03
1.265360265970230103e-01 4.611355960369110107e-01 1.635708729736506939e-03
1.985282897949218750e-01 4.256808161735534668e-01 3.554773284122347832e-03
5.435815453529357910e-01 2.591381669044494629e-01 8.755110204219818115e-03
4.529136791825294495e-02 3.747073411941528320e-01 2.739248448051512241e-04
7.337530255317687988e-01 8.490861058235168457e-01 7.380390889011323452e-04
5.100046992301940918e-01 6.974674463272094727e-01 3.986578900367021561e-03
8.974437713623046875e-01 8.910125494003295898e-01 8.965517190517857671e-05
1.234368011355400085e-01 9.250506758689880371e-01 6.083544940338470042e-05
8.292470872402191162e-02 7.779256701469421387e-01 2.218772278865799308e-04
3.311949670314788818e-01 2.600846588611602783e-01 6.986269261687994003e-03
8.031831979751586914e-01 6.045128777623176575e-02 1.333514577709138393e-03
1.420998275279998779e-01 3.295685350894927979e-01 2.201481955125927925e-03
7.087730169296264648e-01 6.089236140251159668e-01 3.967925906181335449e-03
9.090923666954040527e-01 5.977964997291564941e-01 6.604832015000283718e-04
7.833105921745300293e-01 6.402678489685058594e-01 2.387061249464750290e-03
4.251695573329925537e-01 8.926607966423034668e-01 6.143374484963715076e-04
5.795224905014038086e-01 9.055383801460266113e-01 4.797817964572459459e-04
4.647801816463470459e-01 7.092127799987792969e-01 3.710963297635316849e-03
1.571862995624542236e-01 1.435051411390304565e-01 1.847606734372675419e-03
3.016285300254821777e-01 7.109277248382568359e-01 2.636065473780035973e-03
7.877906411886215210e-02 3.802980482578277588e-01 7.691997452639043331e-04
9.440453648567199707e-01 1.825581640005111694e-01 3.403868759050965309e-04
5.916255116462707520e-01 6.996667981147766113e-01 3.683909308165311813e-03
8.269075155258178711e-01 6.309313774108886719e-01 1.760624232701957226e-03
7.094928622245788574e-01 8.777353763580322266e-01 5.574101815000176430e-04
6.515040397644042969e-01 5.982841849327087402e-01 4.977085627615451813e-03
6.476358771324157715e-01 1.026998907327651978e-01 4.306164570152759552e-03
7.116341590881347656e-02 6.058078408241271973e-01 4.112852038815617561e-04
4.111715853214263916e-01 1.531213819980621338e-01 6.437273696064949036e-03
1.090128794312477112e-01 9.563138484954833984e-01 1.721815169730689377e-05
5.146140456199645996e-01 3.565641045570373535e-01 9.210555814206600189e-03
4.578703045845031738e-01 2.256170213222503662e-01 8.336327970027923584e-03
1.632917523384094238e-01 7.195263504981994629e-01 1.056592212989926338e-03
4.138939082622528076e-01 3.065763711929321289e-01 8.674939163029193878e-03
6.073831394314765930e-02 5.623659864068031311e-02 1.630211627343669534e-04
2.874771058559417725e-01 1.197203099727630615e-01 3.892362350597977638e-03
5.824281573295593262e-01 8.815006613731384277e-01 7.321526645682752132e-04
3.003392815589904785e-01 8.678562641143798828e-01 6.691757589578628540e-04
8.390411734580993652e-01 5.394138693809509277e-01 2.087084343656897545e-03
4.946613684296607971e-02 1.504754871129989624e-01 2.400870434939861298e-04
2.623480930924415588e-02 5.969067811965942383e-01 6.329680036287754774e-05
5.527308583259582520e-01 7.830318808555603027e-01 2.252872567623853683e-03
5.326018333435058594e-01 8.512399196624755859e-01 1.167358132079243660e-03
3.125387728214263916e-01 2.598428130149841309e-01 6.571476347744464874e-03
3.595121502876281738e-01 8.821874856948852539e-01 6.492211832664906979e-04
4.038311243057250977e-01 5.494670271873474121e-01 6.464471109211444855e-03
7.851904630661010742e-01 7.152914404869079590e-01 1.649457844905555248e-03
9.538008272647857666e-02 8.032423853874206543e-01 2.315034071216359735e-04
6.306865811347961426e-01 4.642179608345031738e-02 2.290087053552269936e-03
8.939917683601379395e-01 1.780034750699996948e-01 1.080226036719977856e-03
3.095176517963409424e-01 8.609279394149780273e-01 7.605410064570605755e-04
8.191846609115600586e-01 8.379130363464355469e-01 4.829801328014582396e-04
4.881234765052795410e-01 3.112534582614898682e-01 9.217707440257072449e-03
8.006705045700073242e-01 7.913282513618469238e-01 8.776771137490868568e-04
9.712964296340942383e-01 5.597746372222900391e-01 8.432158210780471563e-05
2.966004908084869385e-01 2.158902734518051147e-01 5.777429323643445969e-03
8.669619560241699219e-01 5.839845538139343262e-01 1.344534801319241524e-03
4.491932392120361328e-01 7.950118929147720337e-02 4.123680293560028076e-03
5.078777670860290527e-01 5.681426525115966797e-01 6.619152612984180450e-03
1.041366159915924072e-02 9.860173463821411133e-01 2.047283942374633625e-08
5.088068842887878418e-01 1.115581542253494263e-01 5.500090774148702621e-03
3.288570344448089600e-01 6.900099515914916992e-01 3.229945432394742966e-03
5.638828277587890625e-01 8.581675887107849121e-01 1.044016098603606224e-03
8.488380312919616699e-01 5.119765549898147583e-02 7.588157313875854015e-04
4.408348500728607178e-01 5.719944834709167480e-02 3.089324105530977249e-03
4.930151104927062988e-01 5.269035696983337402e-01 7.367853540927171707e-03
3.557834327220916748e-01 2.577749490737915039e-01 7.460142020136117935e-03
3.804152905941009521e-01 3.961004316806793213e-01 8.025129325687885284e-03
5.686805248260498047e-01 4.748068749904632568e-01 7.879341021180152893e-03
1.666362881660461426e-01 6.387017965316772461e-01 1.607822487130761147e-03
8.579171895980834961e-01 2.975568175315856934e-01 2.181554678827524185e-03
1.354018598794937134e-01 8.250647187232971191e-01 3.460355801507830620e-04
2.934799194335937500e-01 7.120319008827209473e-01 2.538598608225584030e-03
2.494814693927764893e-01 5.889721512794494629e-01 3.488484304398298264e-03
9.403833150863647461e-01 8.067660331726074219e-01 9.468038479099050164e-05
1.198212429881095886e-01 7.653563022613525391e-01 4.686955653596669436e-04
1.380051672458648682e-01 1.909949630498886108e-01 1.768985763192176819e-03
8.152487128973007202e-02 5.590409040451049805e-01 6.094740820117294788e-04
2.413052022457122803e-01 9.178310632705688477e-01 2.077043754979968071e-04
7.402524948120117188e-01 6.672633886337280273e-01 2.731247106567025185e-03
2.151200771331787109e-01 6.360727362334728241e-03 1.790328096831217408e-04
4.350382089614868164e-01 3.149532675743103027e-01 8.928520604968070984e-03
8.762654066085815430e-01 7.193185091018676758e-01 6.661965162493288517e-04
2.140010595321655273e-01 3.200205042958259583e-02 8.484034915454685688e-04
7.286357879638671875e-01 6.791539192199707031e-01 2.733303466811776161e-03
2.558430135250091553e-01 7.585232853889465332e-01 1.603229320608079433e-03
7.082267999649047852e-01 9.477998018264770508e-01 1.102799215004779398e-04
9.721730947494506836e-01 5.954953432083129883e-01 7.130867743398994207e-05
2.022671252489089966e-01 7.268331050872802734e-01 1.412070589140057564e-03
7.177739143371582031e-01 9.974644184112548828e-01 2.631614108850044431e-07
7.271121144294738770e-01 6.956589221954345703e-02 2.371039940044283867e-03
6.024465337395668030e-02 3.344646394252777100e-01 4.748528590425848961e-04
2.566925249993801117e-02 5.108191967010498047e-01 7.646193262189626694e-05
5.028090998530387878e-02 3.538499474525451660e-01 3.368856268934905529e-04
9.699137806892395020e-01 5.095982179045677185e-02 3.908395956386812031e-05
7.935618758201599121e-01 1.280007809400558472e-01 2.612078329548239708e-03
3.966453075408935547e-01 1.880268901586532593e-01 7.099917624145746231e-03
9.933601617813110352e-01 1.120193004608154297e-01 3.842628302663797513e-06
8.782859444618225098e-01 9.224200248718261719e-02 8.686047513037919998e-04
7.727120518684387207e-01 9.556877613067626953e-01 5.788307316834107041e-05
1.058780699968338013e-01 4.329124838113784790e-02 3.551117843016982079e-04
9.584174156188964844e-01 1.394703537225723267e-01 1.640385598875582218e-04
4.962289929389953613e-01 2.448571771383285522e-01 8.725726976990699768e-03
9.591366350650787354e-02 2.025926709175109863e-01 9.686458506621420383e-04
4.927369952201843262e-01 5.281980037689208984e-01 7.345358375459909439e-03
8.734679222106933594e-01 1.640235781669616699e-01 1.400198205374181271e-03
2.002298086881637573e-02 8.022047281265258789e-01 1.208387584483716637e-05
2.851266562938690186e-01 7.202252745628356934e-01 2.342173829674720764e-03
8.473454117774963379e-01 6.636368632316589355e-01 1.256284536793828011e-03
5.793921947479248047e-01 5.474710464477539062e-02 2.905073342844843864e-03
9.609246850013732910e-01 4.890605211257934570e-01 1.800052705220878124e-04
8.516762256622314453e-01 5.448681488633155823e-02 7.773152319714426994e-04
1.246955990791320801e-01 4.965552687644958496e-01 1.499310834333300591e-03
3.709062635898590088e-01 4.486958682537078857e-02 2.228622324764728546e-03
3.841562569141387939e-01 4.737360477447509766e-01 7.343458011746406555e-03
7.366667985916137695e-01 7.845054566860198975e-02 2.507186727598309517e-03
7.823373079299926758e-01 5.287289619445800781e-01 3.405106253921985626e-03
6.109386309981346130e-02 9.141750931739807129e-01 2.215621498180553317e-05
6.942372322082519531e-01 1.923335641622543335e-01 5.653327330946922302e-03
6.161297559738159180e-01 2.999681234359741211e-01 8.222880773246288300e-03
4.504954814910888672e-01 8.471055626869201660e-01 1.213512732647359371e-03
8.181802034378051758e-01 9.859319925308227539e-01 4.318097126088105142e-06
9.325322508811950684e-01 8.657140135765075684e-01 6.179537740536034107e-05
2.442891448736190796e-01 9.290924072265625000e-01 1.592076732777059078e-04
2.302920669317245483e-01 4.379018247127532959e-01 4.347212612628936768e-03
4.611877501010894775e-01 1.767384707927703857e-01 7.396685425192117691e-03
2.382281124591827393e-01 5.361078381538391113e-01 3.799462225288152695e-03
6.706805229187011719e-01 8.433240056037902832e-01 1.009870204143226147e-03
1.737282872200012207e-01 7.942518591880798340e-01 6.928144721314311028e-04
1.752393096685409546e-01 6.690833568572998047e-01 1.530510955490171909e-03
6.029655337333679199e-01 5.775285959243774414e-01 5.907579325139522552e-03
1.605439931154251099e-01 9.694872498512268066e-01 1.639414767851121724e-05
6.607189774513244629e-01 8.240610361099243164e-02 3.486688248813152313e-03
8.072757124900817871e-01 8.802295327186584473e-01 3.056413261219859123e-04
5.954294279217720032e-02 8.316259384155273438e-01 7.392935367533937097e-05
7.657515257596969604e-02 2.538974881172180176e-01 7.066986290737986565e-04
